
> idfm-node-backend@1.0.0 map:isochrones:build
> tsx src/transport/isochrones/build-isochrones.ts --all --requests-per-minute 6000 --keep-archives

Walking radar: 30754 origins, 0 cached, 30754 pending, at least 6151 ORS requests.
Catalog/provider/validation changed: rebuilding scopes from verified origin checkpoints. Older caches are kept but not reused.
ORS: 5/30754 processed; 1 requests; 0 unavailable origins.
ORS: 10/30754 processed; 2 requests; 0 unavailable origins.
ORS: 15/30754 processed; 3 requests; 0 unavailable origins.
ORS: 20/30754 processed; 4 requests; 0 unavailable origins.
ORS: 25/30754 processed; 5 requests; 0 unavailable origins.
ORS: 30/30754 processed; 6 requests; 0 unavailable origins.
ORS: 35/30754 processed; 7 requests; 0 unavailable origins.
ORS: 40/30754 processed; 8 requests; 0 unavailable origins.
ORS: 45/30754 processed; 9 requests; 0 unavailable origins.
ORS: 50/30754 processed; 10 requests; 0 unavailable origins.
ORS: 55/30754 processed; 11 requests; 0 unavailable origins.
ORS: 60/30754 processed; 12 requests; 0 unavailable origins.
ORS: 65/30754 processed; 13 requests; 0 unavailable origins.
ORS: 70/30754 processed; 14 requests; 0 unavailable origins.
ORS: 75/30754 processed; 15 requests; 0 unavailable origins.
ORS: 80/30754 processed; 16 requests; 0 unavailable origins.
ORS: 85/30754 processed; 17 requests; 0 unavailable origins.
ORS: 90/30754 processed; 18 requests; 0 unavailable origins.
ORS: 95/30754 processed; 19 requests; 0 unavailable origins.
ORS: 100/30754 processed; 20 requests; 0 unavailable origins.
ORS: 105/30754 processed; 21 requests; 0 unavailable origins.
ORS: 110/30754 processed; 22 requests; 0 unavailable origins.
ORS: 115/30754 processed; 23 requests; 0 unavailable origins.
ORS: 120/30754 processed; 24 requests; 0 unavailable origins.
ORS: 125/30754 processed; 25 requests; 0 unavailable origins.
ORS: 130/30754 processed; 26 requests; 0 unavailable origins.
ORS: 135/30754 processed; 27 requests; 0 unavailable origins.
ORS: 140/30754 processed; 28 requests; 0 unavailable origins.
ORS: 145/30754 processed; 29 requests; 0 unavailable origins.
ORS: 150/30754 processed; 30 requests; 0 unavailable origins.
ORS: 155/30754 processed; 31 requests; 0 unavailable origins.
ORS: 160/30754 processed; 32 requests; 0 unavailable origins.
ORS: 165/30754 processed; 33 requests; 0 unavailable origins.
ORS: 170/30754 processed; 34 requests; 0 unavailable origins.
ORS: 175/30754 processed; 35 requests; 0 unavailable origins.
ORS: 180/30754 processed; 36 requests; 0 unavailable origins.
ORS: 185/30754 processed; 37 requests; 0 unavailable origins.
ORS: 190/30754 processed; 38 requests; 0 unavailable origins.
ORS: 195/30754 processed; 39 requests; 0 unavailable origins.
ORS: 200/30754 processed; 40 requests; 0 unavailable origins.
ORS: 205/30754 processed; 41 requests; 0 unavailable origins.
ORS: 210/30754 processed; 42 requests; 0 unavailable origins.
ORS: 215/30754 processed; 43 requests; 0 unavailable origins.
ORS: 220/30754 processed; 44 requests; 0 unavailable origins.
ORS: 225/30754 processed; 45 requests; 0 unavailable origins.
ORS: 230/30754 processed; 46 requests; 0 unavailable origins.
ORS: 235/30754 processed; 47 requests; 0 unavailable origins.
ORS: 240/30754 processed; 48 requests; 0 unavailable origins.
ORS: 245/30754 processed; 49 requests; 0 unavailable origins.
ORS: 250/30754 processed; 50 requests; 0 unavailable origins.
ORS: 255/30754 processed; 51 requests; 0 unavailable origins.
ORS: 260/30754 processed; 52 requests; 0 unavailable origins.
ORS: 265/30754 processed; 53 requests; 0 unavailable origins.
ORS: 270/30754 processed; 54 requests; 0 unavailable origins.
ORS: 275/30754 processed; 55 requests; 0 unavailable origins.
ORS: 280/30754 processed; 56 requests; 0 unavailable origins.
ORS: 285/30754 processed; 57 requests; 0 unavailable origins.
ORS: 290/30754 processed; 58 requests; 0 unavailable origins.
ORS: 295/30754 processed; 59 requests; 0 unavailable origins.
ORS: 300/30754 processed; 60 requests; 0 unavailable origins.
ORS: 305/30754 processed; 61 requests; 0 unavailable origins.
ORS: 310/30754 processed; 62 requests; 0 unavailable origins.
ORS: 315/30754 processed; 63 requests; 0 unavailable origins.
ORS: 320/30754 processed; 64 requests; 0 unavailable origins.
ORS: 325/30754 processed; 65 requests; 0 unavailable origins.
ORS: 330/30754 processed; 66 requests; 0 unavailable origins.
ORS: 335/30754 processed; 67 requests; 0 unavailable origins.
ORS: 340/30754 processed; 68 requests; 0 unavailable origins.
ORS: 345/30754 processed; 69 requests; 0 unavailable origins.
ORS: 350/30754 processed; 70 requests; 0 unavailable origins.
ORS: 355/30754 processed; 71 requests; 0 unavailable origins.
ORS: 360/30754 processed; 72 requests; 0 unavailable origins.
ORS: 365/30754 processed; 73 requests; 0 unavailable origins.
ORS: 370/30754 processed; 74 requests; 0 unavailable origins.
ORS: 375/30754 processed; 75 requests; 0 unavailable origins.
ORS: 380/30754 processed; 76 requests; 0 unavailable origins.
ORS: 385/30754 processed; 77 requests; 0 unavailable origins.
ORS: 390/30754 processed; 78 requests; 0 unavailable origins.
ORS: 395/30754 processed; 79 requests; 0 unavailable origins.
ORS: 400/30754 processed; 80 requests; 0 unavailable origins.
ORS: 405/30754 processed; 81 requests; 0 unavailable origins.
ORS: 410/30754 processed; 82 requests; 0 unavailable origins.
ORS: 415/30754 processed; 83 requests; 0 unavailable origins.
ORS: 420/30754 processed; 84 requests; 0 unavailable origins.
ORS: 425/30754 processed; 85 requests; 0 unavailable origins.
ORS: 430/30754 processed; 86 requests; 0 unavailable origins.
ORS: 435/30754 processed; 87 requests; 0 unavailable origins.
ORS: 440/30754 processed; 88 requests; 0 unavailable origins.
ORS: 445/30754 processed; 89 requests; 0 unavailable origins.
ORS: 450/30754 processed; 90 requests; 0 unavailable origins.
ORS: 455/30754 processed; 91 requests; 0 unavailable origins.
ORS: 460/30754 processed; 92 requests; 0 unavailable origins.
ORS: 465/30754 processed; 93 requests; 0 unavailable origins.
ORS: 470/30754 processed; 94 requests; 0 unavailable origins.
ORS: 475/30754 processed; 95 requests; 0 unavailable origins.
ORS: 480/30754 processed; 96 requests; 0 unavailable origins.
ORS: 485/30754 processed; 97 requests; 0 unavailable origins.
ORS: 490/30754 processed; 98 requests; 0 unavailable origins.
ORS: 495/30754 processed; 99 requests; 0 unavailable origins.
ORS: 500/30754 processed; 100 requests; 0 unavailable origins.
ORS: 505/30754 processed; 101 requests; 0 unavailable origins.
ORS: 510/30754 processed; 102 requests; 0 unavailable origins.
ORS: 515/30754 processed; 103 requests; 0 unavailable origins.
ORS: 520/30754 processed; 104 requests; 0 unavailable origins.
ORS: 525/30754 processed; 105 requests; 0 unavailable origins.
ORS: 530/30754 processed; 106 requests; 0 unavailable origins.
ORS: 535/30754 processed; 107 requests; 0 unavailable origins.
ORS: 540/30754 processed; 108 requests; 0 unavailable origins.
ORS: 545/30754 processed; 109 requests; 0 unavailable origins.
ORS: 550/30754 processed; 110 requests; 0 unavailable origins.
ORS: 555/30754 processed; 111 requests; 0 unavailable origins.
ORS: 560/30754 processed; 112 requests; 0 unavailable origins.
ORS: 565/30754 processed; 113 requests; 0 unavailable origins.
ORS: 570/30754 processed; 114 requests; 0 unavailable origins.
ORS: 575/30754 processed; 115 requests; 0 unavailable origins.
ORS: 580/30754 processed; 116 requests; 0 unavailable origins.
ORS: 585/30754 processed; 117 requests; 0 unavailable origins.
ORS: 590/30754 processed; 118 requests; 0 unavailable origins.
ORS: 595/30754 processed; 119 requests; 0 unavailable origins.
ORS: 600/30754 processed; 120 requests; 0 unavailable origins.
ORS: 605/30754 processed; 121 requests; 0 unavailable origins.
ORS: 610/30754 processed; 122 requests; 0 unavailable origins.
ORS: 615/30754 processed; 123 requests; 0 unavailable origins.
ORS: 620/30754 processed; 124 requests; 0 unavailable origins.
ORS: 625/30754 processed; 125 requests; 0 unavailable origins.
ORS: 630/30754 processed; 126 requests; 0 unavailable origins.
ORS: 635/30754 processed; 127 requests; 0 unavailable origins.
ORS: 640/30754 processed; 128 requests; 0 unavailable origins.
ORS: 645/30754 processed; 129 requests; 0 unavailable origins.
ORS: 650/30754 processed; 130 requests; 0 unavailable origins.
ORS: 655/30754 processed; 131 requests; 0 unavailable origins.
ORS: 660/30754 processed; 132 requests; 0 unavailable origins.
ORS: 665/30754 processed; 133 requests; 0 unavailable origins.
ORS: 670/30754 processed; 134 requests; 0 unavailable origins.
ORS: 675/30754 processed; 135 requests; 0 unavailable origins.
ORS: 680/30754 processed; 136 requests; 0 unavailable origins.
ORS: 685/30754 processed; 137 requests; 0 unavailable origins.
ORS: 690/30754 processed; 138 requests; 0 unavailable origins.
ORS: 695/30754 processed; 139 requests; 0 unavailable origins.
ORS: 700/30754 processed; 140 requests; 0 unavailable origins.
ORS: 705/30754 processed; 141 requests; 0 unavailable origins.
ORS: 710/30754 processed; 142 requests; 0 unavailable origins.
ORS: 715/30754 processed; 143 requests; 0 unavailable origins.
ORS: 720/30754 processed; 144 requests; 0 unavailable origins.
ORS: 725/30754 processed; 145 requests; 0 unavailable origins.
ORS: 730/30754 processed; 146 requests; 0 unavailable origins.
ORS: 735/30754 processed; 147 requests; 0 unavailable origins.
ORS: 740/30754 processed; 148 requests; 0 unavailable origins.
ORS: 745/30754 processed; 149 requests; 0 unavailable origins.
ORS: 750/30754 processed; 150 requests; 0 unavailable origins.
ORS: 755/30754 processed; 151 requests; 0 unavailable origins.
ORS: 760/30754 processed; 152 requests; 0 unavailable origins.
ORS: 765/30754 processed; 153 requests; 0 unavailable origins.
ORS: 770/30754 processed; 154 requests; 0 unavailable origins.
ORS: 775/30754 processed; 155 requests; 0 unavailable origins.
ORS: 780/30754 processed; 156 requests; 0 unavailable origins.
ORS: 785/30754 processed; 157 requests; 0 unavailable origins.
ORS: 790/30754 processed; 158 requests; 0 unavailable origins.
ORS: 795/30754 processed; 159 requests; 0 unavailable origins.
ORS: 800/30754 processed; 160 requests; 0 unavailable origins.
ORS: 805/30754 processed; 161 requests; 0 unavailable origins.
ORS: 810/30754 processed; 162 requests; 0 unavailable origins.
ORS: 815/30754 processed; 163 requests; 0 unavailable origins.
ORS: 820/30754 processed; 164 requests; 0 unavailable origins.
ORS: 825/30754 processed; 165 requests; 0 unavailable origins.
ORS: 830/30754 processed; 166 requests; 0 unavailable origins.
ORS: 835/30754 processed; 167 requests; 0 unavailable origins.
ORS: 840/30754 processed; 168 requests; 0 unavailable origins.
ORS: 845/30754 processed; 169 requests; 0 unavailable origins.
ORS: 850/30754 processed; 170 requests; 0 unavailable origins.
ORS: 855/30754 processed; 171 requests; 0 unavailable origins.
ORS: 860/30754 processed; 172 requests; 0 unavailable origins.
ORS: 865/30754 processed; 173 requests; 0 unavailable origins.
ORS: 870/30754 processed; 174 requests; 0 unavailable origins.
ORS: 875/30754 processed; 175 requests; 0 unavailable origins.
ORS: 880/30754 processed; 176 requests; 0 unavailable origins.
ORS: 885/30754 processed; 177 requests; 0 unavailable origins.
ORS: 890/30754 processed; 178 requests; 0 unavailable origins.
ORS: 895/30754 processed; 179 requests; 0 unavailable origins.
ORS: 900/30754 processed; 180 requests; 0 unavailable origins.
ORS: 905/30754 processed; 181 requests; 0 unavailable origins.
ORS: 910/30754 processed; 182 requests; 0 unavailable origins.
ORS: 915/30754 processed; 183 requests; 0 unavailable origins.
ORS: 920/30754 processed; 184 requests; 0 unavailable origins.
ORS: 925/30754 processed; 185 requests; 0 unavailable origins.
ORS: 930/30754 processed; 186 requests; 0 unavailable origins.
ORS: 935/30754 processed; 187 requests; 0 unavailable origins.
ORS: 940/30754 processed; 188 requests; 0 unavailable origins.
ORS: 945/30754 processed; 189 requests; 0 unavailable origins.
ORS: 950/30754 processed; 190 requests; 0 unavailable origins.
ORS: 955/30754 processed; 191 requests; 0 unavailable origins.
ORS: 960/30754 processed; 192 requests; 0 unavailable origins.
ORS: 965/30754 processed; 193 requests; 0 unavailable origins.
ORS: 970/30754 processed; 194 requests; 0 unavailable origins.
ORS: 975/30754 processed; 195 requests; 0 unavailable origins.
ORS: 980/30754 processed; 196 requests; 0 unavailable origins.
ORS: 985/30754 processed; 197 requests; 0 unavailable origins.
ORS: 990/30754 processed; 198 requests; 0 unavailable origins.
ORS: 995/30754 processed; 199 requests; 0 unavailable origins.
ORS: 1000/30754 processed; 200 requests; 0 unavailable origins.
ORS: 1005/30754 processed; 201 requests; 0 unavailable origins.
ORS: 1010/30754 processed; 202 requests; 0 unavailable origins.
ORS: 1015/30754 processed; 203 requests; 0 unavailable origins.
ORS: 1020/30754 processed; 204 requests; 0 unavailable origins.
ORS: 1025/30754 processed; 205 requests; 0 unavailable origins.
ORS: 1030/30754 processed; 206 requests; 0 unavailable origins.
ORS: 1035/30754 processed; 207 requests; 0 unavailable origins.
ORS: 1040/30754 processed; 208 requests; 0 unavailable origins.
ORS: 1045/30754 processed; 209 requests; 0 unavailable origins.
ORS: 1050/30754 processed; 210 requests; 0 unavailable origins.
ORS: 1055/30754 processed; 211 requests; 0 unavailable origins.
ORS: 1060/30754 processed; 212 requests; 0 unavailable origins.
ORS: 1065/30754 processed; 213 requests; 0 unavailable origins.
ORS: 1070/30754 processed; 214 requests; 0 unavailable origins.
ORS: 1075/30754 processed; 215 requests; 0 unavailable origins.
ORS: 1080/30754 processed; 216 requests; 0 unavailable origins.
ORS: 1085/30754 processed; 217 requests; 0 unavailable origins.
ORS: 1090/30754 processed; 218 requests; 0 unavailable origins.
ORS: 1095/30754 processed; 219 requests; 0 unavailable origins.
ORS: 1100/30754 processed; 220 requests; 0 unavailable origins.
ORS: 1105/30754 processed; 221 requests; 0 unavailable origins.
ORS: 1110/30754 processed; 222 requests; 0 unavailable origins.
ORS: 1115/30754 processed; 223 requests; 0 unavailable origins.
ORS: 1120/30754 processed; 224 requests; 0 unavailable origins.
ORS: 1125/30754 processed; 225 requests; 0 unavailable origins.
ORS: 1130/30754 processed; 226 requests; 0 unavailable origins.
ORS: 1135/30754 processed; 227 requests; 0 unavailable origins.
ORS: 1140/30754 processed; 228 requests; 0 unavailable origins.
ORS: 1145/30754 processed; 229 requests; 0 unavailable origins.
ORS: 1150/30754 processed; 230 requests; 0 unavailable origins.
ORS: 1155/30754 processed; 231 requests; 0 unavailable origins.
ORS: 1160/30754 processed; 232 requests; 0 unavailable origins.
ORS: 1165/30754 processed; 233 requests; 0 unavailable origins.
ORS: 1170/30754 processed; 234 requests; 0 unavailable origins.
ORS: 1175/30754 processed; 235 requests; 0 unavailable origins.
ORS: 1180/30754 processed; 236 requests; 0 unavailable origins.
ORS: 1185/30754 processed; 237 requests; 0 unavailable origins.
ORS: 1190/30754 processed; 238 requests; 0 unavailable origins.
ORS: 1195/30754 processed; 239 requests; 0 unavailable origins.
ORS: 1200/30754 processed; 240 requests; 0 unavailable origins.
ORS: 1205/30754 processed; 241 requests; 0 unavailable origins.
ORS: 1210/30754 processed; 242 requests; 0 unavailable origins.
ORS: 1215/30754 processed; 243 requests; 0 unavailable origins.
ORS: 1220/30754 processed; 244 requests; 0 unavailable origins.
ORS: 1225/30754 processed; 245 requests; 0 unavailable origins.
ORS: 1230/30754 processed; 246 requests; 0 unavailable origins.
ORS: 1235/30754 processed; 247 requests; 0 unavailable origins.
ORS: 1240/30754 processed; 248 requests; 0 unavailable origins.
ORS: 1245/30754 processed; 249 requests; 0 unavailable origins.
ORS: 1250/30754 processed; 250 requests; 0 unavailable origins.
ORS: 1255/30754 processed; 251 requests; 0 unavailable origins.
ORS: 1260/30754 processed; 252 requests; 0 unavailable origins.
ORS: 1265/30754 processed; 253 requests; 0 unavailable origins.
ORS: 1270/30754 processed; 254 requests; 0 unavailable origins.
ORS: 1275/30754 processed; 255 requests; 0 unavailable origins.
ORS: 1280/30754 processed; 256 requests; 0 unavailable origins.
ORS: 1285/30754 processed; 257 requests; 0 unavailable origins.
ORS: 1290/30754 processed; 258 requests; 0 unavailable origins.
ORS: 1295/30754 processed; 259 requests; 0 unavailable origins.
ORS: 1300/30754 processed; 260 requests; 0 unavailable origins.
ORS: 1305/30754 processed; 261 requests; 0 unavailable origins.
ORS: 1310/30754 processed; 262 requests; 0 unavailable origins.
ORS: 1315/30754 processed; 263 requests; 0 unavailable origins.
ORS: 1320/30754 processed; 264 requests; 0 unavailable origins.
ORS: 1325/30754 processed; 265 requests; 0 unavailable origins.
ORS: 1330/30754 processed; 266 requests; 0 unavailable origins.
ORS: 1335/30754 processed; 267 requests; 0 unavailable origins.
ORS: 1340/30754 processed; 268 requests; 0 unavailable origins.
ORS: 1345/30754 processed; 269 requests; 0 unavailable origins.
ORS: 1350/30754 processed; 270 requests; 0 unavailable origins.
ORS: 1355/30754 processed; 271 requests; 0 unavailable origins.
ORS: 1360/30754 processed; 272 requests; 0 unavailable origins.
ORS: 1365/30754 processed; 273 requests; 0 unavailable origins.
ORS: 1370/30754 processed; 274 requests; 0 unavailable origins.
ORS: 1375/30754 processed; 275 requests; 0 unavailable origins.
ORS: 1380/30754 processed; 276 requests; 0 unavailable origins.
ORS: 1385/30754 processed; 277 requests; 0 unavailable origins.
ORS: 1390/30754 processed; 278 requests; 0 unavailable origins.
ORS: 1395/30754 processed; 279 requests; 0 unavailable origins.
ORS: 1400/30754 processed; 280 requests; 0 unavailable origins.
ORS: 1405/30754 processed; 281 requests; 0 unavailable origins.
ORS: 1410/30754 processed; 282 requests; 0 unavailable origins.
ORS: 1415/30754 processed; 283 requests; 0 unavailable origins.
ORS: 1420/30754 processed; 284 requests; 0 unavailable origins.
ORS: 1425/30754 processed; 285 requests; 0 unavailable origins.
ORS: 1430/30754 processed; 286 requests; 0 unavailable origins.
ORS: 1435/30754 processed; 287 requests; 0 unavailable origins.
ORS: 1440/30754 processed; 288 requests; 0 unavailable origins.
ORS: 1445/30754 processed; 289 requests; 0 unavailable origins.
ORS: 1450/30754 processed; 290 requests; 0 unavailable origins.
ORS: 1455/30754 processed; 291 requests; 0 unavailable origins.
ORS: 1460/30754 processed; 292 requests; 0 unavailable origins.
ORS: 1465/30754 processed; 293 requests; 0 unavailable origins.
ORS: 1470/30754 processed; 294 requests; 0 unavailable origins.
ORS: 1475/30754 processed; 295 requests; 0 unavailable origins.
ORS: 1480/30754 processed; 296 requests; 0 unavailable origins.
ORS: 1485/30754 processed; 297 requests; 0 unavailable origins.
ORS: 1490/30754 processed; 298 requests; 0 unavailable origins.
ORS: 1495/30754 processed; 299 requests; 0 unavailable origins.
ORS: 1500/30754 processed; 300 requests; 0 unavailable origins.
ORS: 1505/30754 processed; 301 requests; 0 unavailable origins.
ORS: 1510/30754 processed; 302 requests; 0 unavailable origins.
ORS: 1515/30754 processed; 303 requests; 0 unavailable origins.
ORS: 1520/30754 processed; 304 requests; 0 unavailable origins.
ORS: 1525/30754 processed; 305 requests; 0 unavailable origins.
ORS: 1530/30754 processed; 306 requests; 0 unavailable origins.
ORS: 1535/30754 processed; 307 requests; 0 unavailable origins.
ORS: 1540/30754 processed; 308 requests; 0 unavailable origins.
ORS: 1545/30754 processed; 309 requests; 0 unavailable origins.
ORS: 1550/30754 processed; 310 requests; 0 unavailable origins.
ORS: 1555/30754 processed; 311 requests; 0 unavailable origins.
ORS: 1560/30754 processed; 312 requests; 0 unavailable origins.
ORS: 1565/30754 processed; 313 requests; 0 unavailable origins.
ORS: 1570/30754 processed; 314 requests; 0 unavailable origins.
ORS: 1575/30754 processed; 315 requests; 0 unavailable origins.
ORS: 1580/30754 processed; 316 requests; 0 unavailable origins.
ORS: 1585/30754 processed; 317 requests; 0 unavailable origins.
ORS: 1590/30754 processed; 318 requests; 0 unavailable origins.
ORS: 1595/30754 processed; 319 requests; 0 unavailable origins.
ORS: 1600/30754 processed; 320 requests; 0 unavailable origins.
ORS: 1605/30754 processed; 321 requests; 0 unavailable origins.
ORS: 1610/30754 processed; 322 requests; 0 unavailable origins.
ORS: 1615/30754 processed; 323 requests; 0 unavailable origins.
ORS: 1620/30754 processed; 324 requests; 0 unavailable origins.
ORS: 1625/30754 processed; 325 requests; 0 unavailable origins.
ORS: 1630/30754 processed; 326 requests; 0 unavailable origins.
ORS: 1635/30754 processed; 327 requests; 0 unavailable origins.
ORS: 1640/30754 processed; 328 requests; 0 unavailable origins.
ORS: 1645/30754 processed; 329 requests; 0 unavailable origins.
ORS: 1650/30754 processed; 330 requests; 0 unavailable origins.
ORS: 1655/30754 processed; 331 requests; 0 unavailable origins.
ORS: 1660/30754 processed; 332 requests; 0 unavailable origins.
ORS: 1665/30754 processed; 333 requests; 0 unavailable origins.
ORS: 1670/30754 processed; 334 requests; 0 unavailable origins.
ORS: 1675/30754 processed; 335 requests; 0 unavailable origins.
Unavailable origin 1.87102,48.91296 (1.87102,48.91296) [ors-3099]: Cauchoiserie rue des Bois [station:FR::Quay:50164915:FR1; line:IDFM:C00118] — ORS 500 (code 3099): Unable to build an isochrone map.; station unavailable, check OSM coverage/access to the walking network.
Unavailable origin 1.87117,48.91296 (1.87117,48.91296) [ors-3099]: Cauchoiserie Rue des Bois [station:FR::Quay:50199819:FR1; line:IDFM:C00119] — ORS 500 (code 3099): Unable to build an isochrone map.; station unavailable, check OSM coverage/access to the walking network.
ORS: 1680/30754 processed; 341 requests; 2 unavailable origins.
ORS: 1685/30754 processed; 342 requests; 2 unavailable origins.
ORS: 1690/30754 processed; 343 requests; 2 unavailable origins.
ORS: 1695/30754 processed; 344 requests; 2 unavailable origins.
ORS: 1700/30754 processed; 345 requests; 2 unavailable origins.
ORS: 1705/30754 processed; 346 requests; 2 unavailable origins.
ORS: 1710/30754 processed; 347 requests; 2 unavailable origins.
ORS: 1715/30754 processed; 348 requests; 2 unavailable origins.
ORS: 1720/30754 processed; 349 requests; 2 unavailable origins.
ORS: 1725/30754 processed; 350 requests; 2 unavailable origins.
ORS: 1730/30754 processed; 351 requests; 2 unavailable origins.
ORS: 1735/30754 processed; 352 requests; 2 unavailable origins.
ORS: 1740/30754 processed; 353 requests; 2 unavailable origins.
ORS: 1745/30754 processed; 354 requests; 2 unavailable origins.
ORS: 1750/30754 processed; 355 requests; 2 unavailable origins.
ORS: 1755/30754 processed; 356 requests; 2 unavailable origins.
ORS: 1760/30754 processed; 357 requests; 2 unavailable origins.
ORS: 1765/30754 processed; 358 requests; 2 unavailable origins.
ORS: 1770/30754 processed; 359 requests; 2 unavailable origins.
ORS: 1775/30754 processed; 360 requests; 2 unavailable origins.
ORS: 1780/30754 processed; 361 requests; 2 unavailable origins.
ORS: 1785/30754 processed; 362 requests; 2 unavailable origins.
ORS: 1790/30754 processed; 363 requests; 2 unavailable origins.
ORS: 1795/30754 processed; 364 requests; 2 unavailable origins.
ORS: 1800/30754 processed; 365 requests; 2 unavailable origins.
ORS: 1805/30754 processed; 366 requests; 2 unavailable origins.
ORS: 1810/30754 processed; 367 requests; 2 unavailable origins.
ORS: 1815/30754 processed; 368 requests; 2 unavailable origins.
ORS: 1820/30754 processed; 369 requests; 2 unavailable origins.
ORS: 1825/30754 processed; 370 requests; 2 unavailable origins.
ORS: 1830/30754 processed; 371 requests; 2 unavailable origins.
ORS: 1835/30754 processed; 372 requests; 2 unavailable origins.
ORS: 1840/30754 processed; 373 requests; 2 unavailable origins.
ORS: 1845/30754 processed; 374 requests; 2 unavailable origins.
ORS: 1850/30754 processed; 375 requests; 2 unavailable origins.
ORS: 1855/30754 processed; 376 requests; 2 unavailable origins.
ORS: 1860/30754 processed; 377 requests; 2 unavailable origins.
ORS: 1865/30754 processed; 378 requests; 2 unavailable origins.
ORS: 1870/30754 processed; 379 requests; 2 unavailable origins.
ORS: 1875/30754 processed; 380 requests; 2 unavailable origins.
ORS: 1880/30754 processed; 381 requests; 2 unavailable origins.
ORS: 1885/30754 processed; 382 requests; 2 unavailable origins.
ORS: 1890/30754 processed; 383 requests; 2 unavailable origins.
ORS: 1895/30754 processed; 384 requests; 2 unavailable origins.
ORS: 1900/30754 processed; 385 requests; 2 unavailable origins.
ORS: 1905/30754 processed; 386 requests; 2 unavailable origins.
ORS: 1910/30754 processed; 387 requests; 2 unavailable origins.
ORS: 1915/30754 processed; 388 requests; 2 unavailable origins.
ORS: 1920/30754 processed; 389 requests; 2 unavailable origins.
ORS: 1925/30754 processed; 390 requests; 2 unavailable origins.
ORS: 1930/30754 processed; 391 requests; 2 unavailable origins.
ORS: 1935/30754 processed; 392 requests; 2 unavailable origins.
ORS: 1940/30754 processed; 393 requests; 2 unavailable origins.
ORS: 1945/30754 processed; 394 requests; 2 unavailable origins.
ORS: 1950/30754 processed; 395 requests; 2 unavailable origins.
ORS: 1955/30754 processed; 396 requests; 2 unavailable origins.
ORS: 1960/30754 processed; 397 requests; 2 unavailable origins.
ORS: 1965/30754 processed; 398 requests; 2 unavailable origins.
ORS: 1970/30754 processed; 399 requests; 2 unavailable origins.
ORS: 1975/30754 processed; 400 requests; 2 unavailable origins.
ORS: 1980/30754 processed; 401 requests; 2 unavailable origins.
ORS: 1985/30754 processed; 402 requests; 2 unavailable origins.
ORS: 1990/30754 processed; 403 requests; 2 unavailable origins.
ORS: 1995/30754 processed; 404 requests; 2 unavailable origins.
ORS: 2000/30754 processed; 405 requests; 2 unavailable origins.
ORS: 2005/30754 processed; 406 requests; 2 unavailable origins.
ORS: 2010/30754 processed; 407 requests; 2 unavailable origins.
ORS: 2015/30754 processed; 408 requests; 2 unavailable origins.
ORS: 2020/30754 processed; 409 requests; 2 unavailable origins.
ORS: 2025/30754 processed; 410 requests; 2 unavailable origins.
ORS: 2030/30754 processed; 411 requests; 2 unavailable origins.
ORS: 2035/30754 processed; 412 requests; 2 unavailable origins.
ORS: 2040/30754 processed; 413 requests; 2 unavailable origins.
ORS: 2045/30754 processed; 414 requests; 2 unavailable origins.
ORS: 2050/30754 processed; 415 requests; 2 unavailable origins.
ORS: 2055/30754 processed; 416 requests; 2 unavailable origins.
ORS: 2060/30754 processed; 417 requests; 2 unavailable origins.
ORS: 2065/30754 processed; 418 requests; 2 unavailable origins.
ORS: 2070/30754 processed; 419 requests; 2 unavailable origins.
ORS: 2075/30754 processed; 420 requests; 2 unavailable origins.
ORS: 2080/30754 processed; 421 requests; 2 unavailable origins.
ORS: 2085/30754 processed; 422 requests; 2 unavailable origins.
ORS: 2090/30754 processed; 423 requests; 2 unavailable origins.
ORS: 2095/30754 processed; 424 requests; 2 unavailable origins.
ORS: 2100/30754 processed; 425 requests; 2 unavailable origins.
ORS: 2105/30754 processed; 426 requests; 2 unavailable origins.
ORS: 2110/30754 processed; 427 requests; 2 unavailable origins.
ORS: 2115/30754 processed; 428 requests; 2 unavailable origins.
ORS: 2120/30754 processed; 429 requests; 2 unavailable origins.
ORS: 2125/30754 processed; 430 requests; 2 unavailable origins.
ORS: 2130/30754 processed; 431 requests; 2 unavailable origins.
ORS: 2135/30754 processed; 432 requests; 2 unavailable origins.
ORS: 2140/30754 processed; 433 requests; 2 unavailable origins.
ORS: 2145/30754 processed; 434 requests; 2 unavailable origins.
ORS: 2150/30754 processed; 435 requests; 2 unavailable origins.
ORS: 2155/30754 processed; 436 requests; 2 unavailable origins.
ORS: 2160/30754 processed; 437 requests; 2 unavailable origins.
ORS: 2165/30754 processed; 438 requests; 2 unavailable origins.
ORS: 2170/30754 processed; 439 requests; 2 unavailable origins.
ORS: 2175/30754 processed; 440 requests; 2 unavailable origins.
ORS: 2180/30754 processed; 441 requests; 2 unavailable origins.
ORS: 2185/30754 processed; 442 requests; 2 unavailable origins.
ORS: 2190/30754 processed; 443 requests; 2 unavailable origins.
ORS: 2195/30754 processed; 444 requests; 2 unavailable origins.
ORS: 2200/30754 processed; 445 requests; 2 unavailable origins.
ORS: 2205/30754 processed; 446 requests; 2 unavailable origins.
ORS: 2210/30754 processed; 447 requests; 2 unavailable origins.
ORS: 2215/30754 processed; 448 requests; 2 unavailable origins.
ORS: 2220/30754 processed; 449 requests; 2 unavailable origins.
ORS: 2225/30754 processed; 450 requests; 2 unavailable origins.
ORS: 2230/30754 processed; 451 requests; 2 unavailable origins.
ORS: 2235/30754 processed; 452 requests; 2 unavailable origins.
ORS: 2240/30754 processed; 453 requests; 2 unavailable origins.
ORS: 2245/30754 processed; 454 requests; 2 unavailable origins.
ORS: 2250/30754 processed; 455 requests; 2 unavailable origins.
ORS: 2255/30754 processed; 456 requests; 2 unavailable origins.
ORS: 2260/30754 processed; 457 requests; 2 unavailable origins.
ORS: 2265/30754 processed; 458 requests; 2 unavailable origins.
ORS: 2270/30754 processed; 459 requests; 2 unavailable origins.
ORS: 2275/30754 processed; 460 requests; 2 unavailable origins.
ORS: 2280/30754 processed; 461 requests; 2 unavailable origins.
ORS: 2285/30754 processed; 462 requests; 2 unavailable origins.
ORS: 2290/30754 processed; 463 requests; 2 unavailable origins.
ORS: 2295/30754 processed; 464 requests; 2 unavailable origins.
ORS: 2300/30754 processed; 465 requests; 2 unavailable origins.
ORS: 2305/30754 processed; 466 requests; 2 unavailable origins.
ORS: 2310/30754 processed; 467 requests; 2 unavailable origins.
ORS: 2315/30754 processed; 468 requests; 2 unavailable origins.
ORS: 2320/30754 processed; 469 requests; 2 unavailable origins.
ORS: 2325/30754 processed; 470 requests; 2 unavailable origins.
ORS: 2330/30754 processed; 471 requests; 2 unavailable origins.
ORS: 2335/30754 processed; 472 requests; 2 unavailable origins.
ORS: 2340/30754 processed; 473 requests; 2 unavailable origins.
ORS: 2345/30754 processed; 474 requests; 2 unavailable origins.
ORS: 2350/30754 processed; 475 requests; 2 unavailable origins.
ORS: 2355/30754 processed; 476 requests; 2 unavailable origins.
ORS: 2360/30754 processed; 477 requests; 2 unavailable origins.
ORS: 2365/30754 processed; 478 requests; 2 unavailable origins.
ORS: 2370/30754 processed; 479 requests; 2 unavailable origins.
ORS: 2375/30754 processed; 480 requests; 2 unavailable origins.
ORS: 2380/30754 processed; 481 requests; 2 unavailable origins.
ORS: 2385/30754 processed; 482 requests; 2 unavailable origins.
ORS: 2390/30754 processed; 483 requests; 2 unavailable origins.
ORS: 2395/30754 processed; 484 requests; 2 unavailable origins.
ORS: 2400/30754 processed; 485 requests; 2 unavailable origins.
ORS: 2405/30754 processed; 486 requests; 2 unavailable origins.
ORS: 2410/30754 processed; 487 requests; 2 unavailable origins.
ORS: 2415/30754 processed; 488 requests; 2 unavailable origins.
ORS: 2420/30754 processed; 489 requests; 2 unavailable origins.
ORS: 2425/30754 processed; 490 requests; 2 unavailable origins.
ORS: 2430/30754 processed; 491 requests; 2 unavailable origins.
ORS: 2435/30754 processed; 492 requests; 2 unavailable origins.
ORS: 2440/30754 processed; 493 requests; 2 unavailable origins.
ORS: 2445/30754 processed; 494 requests; 2 unavailable origins.
ORS: 2450/30754 processed; 495 requests; 2 unavailable origins.
ORS: 2455/30754 processed; 496 requests; 2 unavailable origins.
ORS: 2460/30754 processed; 497 requests; 2 unavailable origins.
ORS: 2465/30754 processed; 498 requests; 2 unavailable origins.
ORS: 2470/30754 processed; 499 requests; 2 unavailable origins.
ORS: 2475/30754 processed; 500 requests; 2 unavailable origins.
ORS: 2480/30754 processed; 501 requests; 2 unavailable origins.
ORS: 2485/30754 processed; 502 requests; 2 unavailable origins.
ORS: 2490/30754 processed; 503 requests; 2 unavailable origins.
ORS: 2495/30754 processed; 504 requests; 2 unavailable origins.
ORS: 2500/30754 processed; 505 requests; 2 unavailable origins.
ORS: 2505/30754 processed; 506 requests; 2 unavailable origins.
ORS: 2510/30754 processed; 507 requests; 2 unavailable origins.
ORS: 2515/30754 processed; 508 requests; 2 unavailable origins.
ORS: 2520/30754 processed; 509 requests; 2 unavailable origins.
ORS: 2525/30754 processed; 510 requests; 2 unavailable origins.
ORS: 2530/30754 processed; 511 requests; 2 unavailable origins.
ORS: 2535/30754 processed; 512 requests; 2 unavailable origins.
ORS: 2540/30754 processed; 513 requests; 2 unavailable origins.
ORS: 2545/30754 processed; 514 requests; 2 unavailable origins.
ORS: 2550/30754 processed; 515 requests; 2 unavailable origins.
ORS: 2555/30754 processed; 516 requests; 2 unavailable origins.
ORS: 2560/30754 processed; 517 requests; 2 unavailable origins.
ORS: 2565/30754 processed; 518 requests; 2 unavailable origins.
ORS: 2570/30754 processed; 519 requests; 2 unavailable origins.
ORS: 2575/30754 processed; 520 requests; 2 unavailable origins.
ORS: 2580/30754 processed; 521 requests; 2 unavailable origins.
ORS: 2585/30754 processed; 522 requests; 2 unavailable origins.
ORS: 2590/30754 processed; 523 requests; 2 unavailable origins.
ORS: 2595/30754 processed; 524 requests; 2 unavailable origins.
ORS: 2600/30754 processed; 525 requests; 2 unavailable origins.
ORS: 2605/30754 processed; 526 requests; 2 unavailable origins.
ORS: 2610/30754 processed; 527 requests; 2 unavailable origins.
ORS: 2615/30754 processed; 528 requests; 2 unavailable origins.
ORS: 2620/30754 processed; 529 requests; 2 unavailable origins.
ORS: 2625/30754 processed; 530 requests; 2 unavailable origins.
ORS: 2630/30754 processed; 531 requests; 2 unavailable origins.
ORS: 2635/30754 processed; 532 requests; 2 unavailable origins.
ORS: 2640/30754 processed; 533 requests; 2 unavailable origins.
ORS: 2645/30754 processed; 534 requests; 2 unavailable origins.
ORS: 2650/30754 processed; 535 requests; 2 unavailable origins.
ORS: 2655/30754 processed; 536 requests; 2 unavailable origins.
ORS: 2660/30754 processed; 537 requests; 2 unavailable origins.
ORS: 2665/30754 processed; 538 requests; 2 unavailable origins.
ORS: 2670/30754 processed; 539 requests; 2 unavailable origins.
ORS: 2675/30754 processed; 540 requests; 2 unavailable origins.
ORS: 2680/30754 processed; 541 requests; 2 unavailable origins.
ORS: 2685/30754 processed; 542 requests; 2 unavailable origins.
ORS: 2690/30754 processed; 543 requests; 2 unavailable origins.
ORS: 2695/30754 processed; 544 requests; 2 unavailable origins.
ORS: 2700/30754 processed; 545 requests; 2 unavailable origins.
ORS: 2705/30754 processed; 546 requests; 2 unavailable origins.
ORS: 2710/30754 processed; 547 requests; 2 unavailable origins.
ORS: 2715/30754 processed; 548 requests; 2 unavailable origins.
ORS: 2720/30754 processed; 549 requests; 2 unavailable origins.
ORS: 2725/30754 processed; 550 requests; 2 unavailable origins.
ORS: 2730/30754 processed; 551 requests; 2 unavailable origins.
ORS: 2735/30754 processed; 552 requests; 2 unavailable origins.
ORS: 2740/30754 processed; 553 requests; 2 unavailable origins.
ORS: 2745/30754 processed; 554 requests; 2 unavailable origins.
ORS: 2750/30754 processed; 555 requests; 2 unavailable origins.
ORS: 2755/30754 processed; 556 requests; 2 unavailable origins.
ORS: 2760/30754 processed; 557 requests; 2 unavailable origins.
ORS: 2765/30754 processed; 558 requests; 2 unavailable origins.
ORS: 2770/30754 processed; 559 requests; 2 unavailable origins.
ORS: 2775/30754 processed; 560 requests; 2 unavailable origins.
ORS: 2780/30754 processed; 561 requests; 2 unavailable origins.
ORS: 2785/30754 processed; 562 requests; 2 unavailable origins.
ORS: 2790/30754 processed; 563 requests; 2 unavailable origins.
ORS: 2795/30754 processed; 564 requests; 2 unavailable origins.
ORS: 2800/30754 processed; 565 requests; 2 unavailable origins.
ORS: 2805/30754 processed; 566 requests; 2 unavailable origins.
ORS: 2810/30754 processed; 567 requests; 2 unavailable origins.
ORS: 2815/30754 processed; 568 requests; 2 unavailable origins.
ORS: 2820/30754 processed; 569 requests; 2 unavailable origins.
ORS: 2825/30754 processed; 570 requests; 2 unavailable origins.
ORS: 2830/30754 processed; 571 requests; 2 unavailable origins.
ORS: 2835/30754 processed; 572 requests; 2 unavailable origins.
ORS: 2840/30754 processed; 573 requests; 2 unavailable origins.
ORS: 2845/30754 processed; 574 requests; 2 unavailable origins.
ORS: 2850/30754 processed; 575 requests; 2 unavailable origins.
ORS: 2855/30754 processed; 576 requests; 2 unavailable origins.
ORS: 2860/30754 processed; 577 requests; 2 unavailable origins.
ORS: 2865/30754 processed; 578 requests; 2 unavailable origins.
ORS: 2870/30754 processed; 579 requests; 2 unavailable origins.
ORS: 2875/30754 processed; 580 requests; 2 unavailable origins.
ORS: 2880/30754 processed; 581 requests; 2 unavailable origins.
ORS: 2885/30754 processed; 582 requests; 2 unavailable origins.
ORS: 2890/30754 processed; 583 requests; 2 unavailable origins.
ORS: 2895/30754 processed; 584 requests; 2 unavailable origins.
ORS: 2900/30754 processed; 585 requests; 2 unavailable origins.
ORS: 2905/30754 processed; 586 requests; 2 unavailable origins.
ORS: 2910/30754 processed; 587 requests; 2 unavailable origins.
ORS: 2915/30754 processed; 588 requests; 2 unavailable origins.
ORS: 2920/30754 processed; 589 requests; 2 unavailable origins.
ORS: 2925/30754 processed; 590 requests; 2 unavailable origins.
ORS: 2930/30754 processed; 591 requests; 2 unavailable origins.
ORS: 2935/30754 processed; 592 requests; 2 unavailable origins.
ORS: 2940/30754 processed; 593 requests; 2 unavailable origins.
ORS: 2945/30754 processed; 594 requests; 2 unavailable origins.
ORS: 2950/30754 processed; 595 requests; 2 unavailable origins.
ORS: 2955/30754 processed; 596 requests; 2 unavailable origins.
ORS: 2960/30754 processed; 597 requests; 2 unavailable origins.
ORS: 2965/30754 processed; 598 requests; 2 unavailable origins.
ORS: 2970/30754 processed; 599 requests; 2 unavailable origins.
ORS: 2975/30754 processed; 600 requests; 2 unavailable origins.
ORS: 2980/30754 processed; 601 requests; 2 unavailable origins.
ORS: 2985/30754 processed; 602 requests; 2 unavailable origins.
ORS: 2990/30754 processed; 603 requests; 2 unavailable origins.
ORS: 2995/30754 processed; 604 requests; 2 unavailable origins.
ORS: 3000/30754 processed; 605 requests; 2 unavailable origins.
ORS: 3005/30754 processed; 606 requests; 2 unavailable origins.
ORS: 3010/30754 processed; 607 requests; 2 unavailable origins.
ORS: 3015/30754 processed; 608 requests; 2 unavailable origins.
ORS: 3020/30754 processed; 609 requests; 2 unavailable origins.
ORS: 3025/30754 processed; 610 requests; 2 unavailable origins.
ORS: 3030/30754 processed; 611 requests; 2 unavailable origins.
ORS: 3035/30754 processed; 612 requests; 2 unavailable origins.
ORS: 3040/30754 processed; 613 requests; 2 unavailable origins.
ORS: 3045/30754 processed; 614 requests; 2 unavailable origins.
ORS: 3050/30754 processed; 615 requests; 2 unavailable origins.
ORS: 3055/30754 processed; 616 requests; 2 unavailable origins.
ORS: 3060/30754 processed; 617 requests; 2 unavailable origins.
ORS: 3065/30754 processed; 618 requests; 2 unavailable origins.
ORS: 3070/30754 processed; 619 requests; 2 unavailable origins.
ORS: 3075/30754 processed; 620 requests; 2 unavailable origins.
ORS: 3080/30754 processed; 621 requests; 2 unavailable origins.
ORS: 3085/30754 processed; 622 requests; 2 unavailable origins.
ORS: 3090/30754 processed; 623 requests; 2 unavailable origins.
ORS: 3095/30754 processed; 624 requests; 2 unavailable origins.
ORS: 3100/30754 processed; 625 requests; 2 unavailable origins.
ORS: 3105/30754 processed; 626 requests; 2 unavailable origins.
ORS: 3110/30754 processed; 627 requests; 2 unavailable origins.
ORS: 3115/30754 processed; 628 requests; 2 unavailable origins.
ORS: 3120/30754 processed; 629 requests; 2 unavailable origins.
ORS: 3125/30754 processed; 630 requests; 2 unavailable origins.
ORS: 3130/30754 processed; 631 requests; 2 unavailable origins.
ORS: 3135/30754 processed; 632 requests; 2 unavailable origins.
ORS: 3140/30754 processed; 633 requests; 2 unavailable origins.
ORS: 3145/30754 processed; 634 requests; 2 unavailable origins.
ORS: 3150/30754 processed; 635 requests; 2 unavailable origins.
ORS: 3155/30754 processed; 636 requests; 2 unavailable origins.
ORS: 3160/30754 processed; 637 requests; 2 unavailable origins.
ORS: 3165/30754 processed; 638 requests; 2 unavailable origins.
ORS: 3170/30754 processed; 639 requests; 2 unavailable origins.
ORS: 3175/30754 processed; 640 requests; 2 unavailable origins.
ORS: 3180/30754 processed; 641 requests; 2 unavailable origins.
ORS: 3185/30754 processed; 642 requests; 2 unavailable origins.
ORS: 3190/30754 processed; 643 requests; 2 unavailable origins.
ORS: 3195/30754 processed; 644 requests; 2 unavailable origins.
ORS: 3200/30754 processed; 645 requests; 2 unavailable origins.
ORS: 3205/30754 processed; 646 requests; 2 unavailable origins.
ORS: 3210/30754 processed; 647 requests; 2 unavailable origins.
ORS: 3215/30754 processed; 648 requests; 2 unavailable origins.
ORS: 3220/30754 processed; 649 requests; 2 unavailable origins.
ORS: 3225/30754 processed; 650 requests; 2 unavailable origins.
ORS: 3230/30754 processed; 651 requests; 2 unavailable origins.
ORS: 3235/30754 processed; 652 requests; 2 unavailable origins.
ORS: 3240/30754 processed; 653 requests; 2 unavailable origins.
ORS: 3245/30754 processed; 654 requests; 2 unavailable origins.
ORS: 3250/30754 processed; 655 requests; 2 unavailable origins.
ORS: 3255/30754 processed; 656 requests; 2 unavailable origins.
ORS: 3260/30754 processed; 657 requests; 2 unavailable origins.
ORS: 3265/30754 processed; 658 requests; 2 unavailable origins.
ORS: 3270/30754 processed; 659 requests; 2 unavailable origins.
ORS: 3275/30754 processed; 660 requests; 2 unavailable origins.
ORS: 3280/30754 processed; 661 requests; 2 unavailable origins.
ORS: 3285/30754 processed; 662 requests; 2 unavailable origins.
ORS: 3290/30754 processed; 663 requests; 2 unavailable origins.
ORS: 3295/30754 processed; 664 requests; 2 unavailable origins.
ORS: 3300/30754 processed; 665 requests; 2 unavailable origins.
ORS: 3305/30754 processed; 666 requests; 2 unavailable origins.
ORS: 3310/30754 processed; 667 requests; 2 unavailable origins.
ORS: 3315/30754 processed; 668 requests; 2 unavailable origins.
ORS: 3320/30754 processed; 669 requests; 2 unavailable origins.
ORS: 3325/30754 processed; 670 requests; 2 unavailable origins.
ORS: 3330/30754 processed; 671 requests; 2 unavailable origins.
ORS: 3335/30754 processed; 672 requests; 2 unavailable origins.
ORS: 3340/30754 processed; 673 requests; 2 unavailable origins.
ORS: 3345/30754 processed; 674 requests; 2 unavailable origins.
ORS: 3350/30754 processed; 675 requests; 2 unavailable origins.
ORS: 3355/30754 processed; 676 requests; 2 unavailable origins.
ORS: 3360/30754 processed; 677 requests; 2 unavailable origins.
ORS: 3365/30754 processed; 678 requests; 2 unavailable origins.
ORS: 3370/30754 processed; 679 requests; 2 unavailable origins.
ORS: 3375/30754 processed; 680 requests; 2 unavailable origins.
ORS: 3380/30754 processed; 681 requests; 2 unavailable origins.
ORS: 3385/30754 processed; 682 requests; 2 unavailable origins.
ORS: 3390/30754 processed; 683 requests; 2 unavailable origins.
ORS: 3395/30754 processed; 684 requests; 2 unavailable origins.
ORS: 3400/30754 processed; 685 requests; 2 unavailable origins.
ORS: 3405/30754 processed; 686 requests; 2 unavailable origins.
ORS: 3410/30754 processed; 687 requests; 2 unavailable origins.
ORS: 3415/30754 processed; 688 requests; 2 unavailable origins.
ORS: 3420/30754 processed; 689 requests; 2 unavailable origins.
ORS: 3425/30754 processed; 690 requests; 2 unavailable origins.
ORS: 3430/30754 processed; 691 requests; 2 unavailable origins.
ORS: 3435/30754 processed; 692 requests; 2 unavailable origins.
ORS: 3440/30754 processed; 693 requests; 2 unavailable origins.
ORS: 3445/30754 processed; 694 requests; 2 unavailable origins.
ORS: 3450/30754 processed; 695 requests; 2 unavailable origins.
ORS: 3455/30754 processed; 696 requests; 2 unavailable origins.
ORS: 3460/30754 processed; 697 requests; 2 unavailable origins.
ORS: 3465/30754 processed; 698 requests; 2 unavailable origins.
ORS: 3470/30754 processed; 699 requests; 2 unavailable origins.
ORS: 3475/30754 processed; 700 requests; 2 unavailable origins.
ORS: 3480/30754 processed; 701 requests; 2 unavailable origins.
ORS: 3485/30754 processed; 702 requests; 2 unavailable origins.
ORS: 3490/30754 processed; 703 requests; 2 unavailable origins.
ORS: 3495/30754 processed; 704 requests; 2 unavailable origins.
ORS: 3500/30754 processed; 705 requests; 2 unavailable origins.
ORS: 3505/30754 processed; 706 requests; 2 unavailable origins.
ORS: 3510/30754 processed; 707 requests; 2 unavailable origins.
ORS: 3515/30754 processed; 708 requests; 2 unavailable origins.
ORS: 3520/30754 processed; 709 requests; 2 unavailable origins.
ORS: 3525/30754 processed; 710 requests; 2 unavailable origins.
ORS: 3530/30754 processed; 711 requests; 2 unavailable origins.
ORS: 3535/30754 processed; 712 requests; 2 unavailable origins.
ORS: 3540/30754 processed; 713 requests; 2 unavailable origins.
ORS: 3545/30754 processed; 714 requests; 2 unavailable origins.
ORS: 3550/30754 processed; 715 requests; 2 unavailable origins.
ORS: 3555/30754 processed; 716 requests; 2 unavailable origins.
ORS: 3560/30754 processed; 717 requests; 2 unavailable origins.
ORS: 3565/30754 processed; 718 requests; 2 unavailable origins.
ORS: 3570/30754 processed; 719 requests; 2 unavailable origins.
ORS: 3575/30754 processed; 720 requests; 2 unavailable origins.
ORS: 3580/30754 processed; 721 requests; 2 unavailable origins.
ORS: 3585/30754 processed; 722 requests; 2 unavailable origins.
ORS: 3590/30754 processed; 723 requests; 2 unavailable origins.
ORS: 3595/30754 processed; 724 requests; 2 unavailable origins.
ORS: 3600/30754 processed; 725 requests; 2 unavailable origins.
ORS: 3605/30754 processed; 726 requests; 2 unavailable origins.
ORS: 3610/30754 processed; 727 requests; 2 unavailable origins.
ORS: 3615/30754 processed; 728 requests; 2 unavailable origins.
ORS: 3620/30754 processed; 729 requests; 2 unavailable origins.
ORS: 3625/30754 processed; 730 requests; 2 unavailable origins.
ORS: 3630/30754 processed; 731 requests; 2 unavailable origins.
ORS: 3635/30754 processed; 732 requests; 2 unavailable origins.
ORS: 3640/30754 processed; 733 requests; 2 unavailable origins.
ORS: 3645/30754 processed; 734 requests; 2 unavailable origins.
ORS: 3650/30754 processed; 735 requests; 2 unavailable origins.
ORS: 3655/30754 processed; 736 requests; 2 unavailable origins.
ORS: 3660/30754 processed; 737 requests; 2 unavailable origins.
ORS: 3665/30754 processed; 738 requests; 2 unavailable origins.
ORS: 3670/30754 processed; 739 requests; 2 unavailable origins.
ORS: 3675/30754 processed; 740 requests; 2 unavailable origins.
ORS: 3680/30754 processed; 741 requests; 2 unavailable origins.
ORS: 3685/30754 processed; 742 requests; 2 unavailable origins.
Unavailable origin 2.02713,48.92927 (2.02713,48.92927) [ors-3099]: Pont de l'Île [station:FR::Quay:50167392:FR1; line:IDFM:C02552] — ORS 500 (code 3099): Unable to build an isochrone map.; station unavailable, check OSM coverage/access to the walking network.
ORS: 3690/30754 processed; 748 requests; 3 unavailable origins.
ORS: 3695/30754 processed; 749 requests; 3 unavailable origins.
ORS: 3700/30754 processed; 750 requests; 3 unavailable origins.
ORS: 3705/30754 processed; 751 requests; 3 unavailable origins.
ORS: 3710/30754 processed; 752 requests; 3 unavailable origins.
ORS: 3715/30754 processed; 753 requests; 3 unavailable origins.
ORS: 3720/30754 processed; 754 requests; 3 unavailable origins.
ORS: 3725/30754 processed; 755 requests; 3 unavailable origins.
ORS: 3730/30754 processed; 756 requests; 3 unavailable origins.
ORS: 3735/30754 processed; 757 requests; 3 unavailable origins.
ORS: 3740/30754 processed; 758 requests; 3 unavailable origins.
ORS: 3745/30754 processed; 759 requests; 3 unavailable origins.
ORS: 3750/30754 processed; 760 requests; 3 unavailable origins.
ORS: 3755/30754 processed; 761 requests; 3 unavailable origins.
ORS: 3760/30754 processed; 762 requests; 3 unavailable origins.
ORS: 3765/30754 processed; 763 requests; 3 unavailable origins.
ORS: 3770/30754 processed; 764 requests; 3 unavailable origins.
ORS: 3775/30754 processed; 765 requests; 3 unavailable origins.
ORS: 3780/30754 processed; 766 requests; 3 unavailable origins.
ORS: 3785/30754 processed; 767 requests; 3 unavailable origins.
ORS: 3790/30754 processed; 768 requests; 3 unavailable origins.
ORS: 3795/30754 processed; 769 requests; 3 unavailable origins.
ORS: 3800/30754 processed; 770 requests; 3 unavailable origins.
ORS: 3805/30754 processed; 771 requests; 3 unavailable origins.
ORS: 3810/30754 processed; 772 requests; 3 unavailable origins.
ORS: 3815/30754 processed; 773 requests; 3 unavailable origins.
ORS: 3820/30754 processed; 774 requests; 3 unavailable origins.
ORS: 3825/30754 processed; 775 requests; 3 unavailable origins.
ORS: 3830/30754 processed; 776 requests; 3 unavailable origins.
ORS: 3835/30754 processed; 777 requests; 3 unavailable origins.
ORS: 3840/30754 processed; 778 requests; 3 unavailable origins.
ORS: 3845/30754 processed; 779 requests; 3 unavailable origins.
ORS: 3850/30754 processed; 780 requests; 3 unavailable origins.
ORS: 3855/30754 processed; 781 requests; 3 unavailable origins.
ORS: 3860/30754 processed; 782 requests; 3 unavailable origins.
ORS: 3865/30754 processed; 783 requests; 3 unavailable origins.
ORS: 3870/30754 processed; 784 requests; 3 unavailable origins.
ORS: 3875/30754 processed; 785 requests; 3 unavailable origins.
ORS: 3880/30754 processed; 786 requests; 3 unavailable origins.
ORS: 3885/30754 processed; 787 requests; 3 unavailable origins.
ORS: 3890/30754 processed; 788 requests; 3 unavailable origins.
ORS: 3895/30754 processed; 789 requests; 3 unavailable origins.
ORS: 3900/30754 processed; 790 requests; 3 unavailable origins.
ORS: 3905/30754 processed; 791 requests; 3 unavailable origins.
ORS: 3910/30754 processed; 792 requests; 3 unavailable origins.
ORS: 3915/30754 processed; 793 requests; 3 unavailable origins.
ORS: 3920/30754 processed; 794 requests; 3 unavailable origins.
ORS: 3925/30754 processed; 795 requests; 3 unavailable origins.
ORS: 3930/30754 processed; 796 requests; 3 unavailable origins.
ORS: 3935/30754 processed; 797 requests; 3 unavailable origins.
ORS: 3940/30754 processed; 798 requests; 3 unavailable origins.
ORS: 3945/30754 processed; 799 requests; 3 unavailable origins.
ORS: 3950/30754 processed; 800 requests; 3 unavailable origins.
ORS: 3955/30754 processed; 801 requests; 3 unavailable origins.
ORS: 3960/30754 processed; 802 requests; 3 unavailable origins.
ORS: 3965/30754 processed; 803 requests; 3 unavailable origins.
ORS: 3970/30754 processed; 804 requests; 3 unavailable origins.
ORS: 3975/30754 processed; 805 requests; 3 unavailable origins.
ORS: 3980/30754 processed; 806 requests; 3 unavailable origins.
ORS: 3985/30754 processed; 807 requests; 3 unavailable origins.
ORS: 3990/30754 processed; 808 requests; 3 unavailable origins.
ORS: 3995/30754 processed; 809 requests; 3 unavailable origins.
ORS: 4000/30754 processed; 810 requests; 3 unavailable origins.
ORS: 4005/30754 processed; 811 requests; 3 unavailable origins.
ORS: 4010/30754 processed; 812 requests; 3 unavailable origins.
ORS: 4015/30754 processed; 813 requests; 3 unavailable origins.
ORS: 4020/30754 processed; 814 requests; 3 unavailable origins.
ORS: 4025/30754 processed; 815 requests; 3 unavailable origins.
ORS: 4030/30754 processed; 816 requests; 3 unavailable origins.
ORS: 4035/30754 processed; 817 requests; 3 unavailable origins.
ORS: 4040/30754 processed; 818 requests; 3 unavailable origins.
ORS: 4045/30754 processed; 819 requests; 3 unavailable origins.
ORS: 4050/30754 processed; 820 requests; 3 unavailable origins.
ORS: 4055/30754 processed; 821 requests; 3 unavailable origins.
ORS: 4060/30754 processed; 822 requests; 3 unavailable origins.
ORS: 4065/30754 processed; 823 requests; 3 unavailable origins.
ORS: 4070/30754 processed; 824 requests; 3 unavailable origins.
ORS: 4075/30754 processed; 825 requests; 3 unavailable origins.
ORS: 4080/30754 processed; 826 requests; 3 unavailable origins.
ORS: 4085/30754 processed; 827 requests; 3 unavailable origins.
ORS: 4090/30754 processed; 828 requests; 3 unavailable origins.
ORS: 4095/30754 processed; 829 requests; 3 unavailable origins.
ORS: 4100/30754 processed; 830 requests; 3 unavailable origins.
ORS: 4105/30754 processed; 831 requests; 3 unavailable origins.
ORS: 4110/30754 processed; 832 requests; 3 unavailable origins.
ORS: 4115/30754 processed; 833 requests; 3 unavailable origins.
ORS: 4120/30754 processed; 834 requests; 3 unavailable origins.
ORS: 4125/30754 processed; 835 requests; 3 unavailable origins.
ORS: 4130/30754 processed; 836 requests; 3 unavailable origins.
ORS: 4135/30754 processed; 837 requests; 3 unavailable origins.
ORS: 4140/30754 processed; 838 requests; 3 unavailable origins.
ORS: 4145/30754 processed; 839 requests; 3 unavailable origins.
ORS: 4150/30754 processed; 840 requests; 3 unavailable origins.
ORS: 4155/30754 processed; 841 requests; 3 unavailable origins.
ORS: 4160/30754 processed; 842 requests; 3 unavailable origins.
ORS: 4165/30754 processed; 843 requests; 3 unavailable origins.
ORS: 4170/30754 processed; 844 requests; 3 unavailable origins.
ORS: 4175/30754 processed; 845 requests; 3 unavailable origins.
ORS: 4180/30754 processed; 846 requests; 3 unavailable origins.
ORS: 4185/30754 processed; 847 requests; 3 unavailable origins.
ORS: 4190/30754 processed; 848 requests; 3 unavailable origins.
ORS: 4195/30754 processed; 849 requests; 3 unavailable origins.
ORS: 4200/30754 processed; 850 requests; 3 unavailable origins.
ORS: 4205/30754 processed; 851 requests; 3 unavailable origins.
ORS: 4210/30754 processed; 852 requests; 3 unavailable origins.
ORS: 4215/30754 processed; 853 requests; 3 unavailable origins.
ORS: 4220/30754 processed; 854 requests; 3 unavailable origins.
ORS: 4225/30754 processed; 855 requests; 3 unavailable origins.
ORS: 4230/30754 processed; 856 requests; 3 unavailable origins.
ORS: 4235/30754 processed; 857 requests; 3 unavailable origins.
ORS: 4240/30754 processed; 858 requests; 3 unavailable origins.
ORS: 4245/30754 processed; 859 requests; 3 unavailable origins.
ORS: 4250/30754 processed; 860 requests; 3 unavailable origins.
ORS: 4255/30754 processed; 861 requests; 3 unavailable origins.
ORS: 4260/30754 processed; 862 requests; 3 unavailable origins.
ORS: 4265/30754 processed; 863 requests; 3 unavailable origins.
ORS: 4270/30754 processed; 864 requests; 3 unavailable origins.
ORS: 4275/30754 processed; 865 requests; 3 unavailable origins.
ORS: 4280/30754 processed; 866 requests; 3 unavailable origins.
ORS: 4285/30754 processed; 867 requests; 3 unavailable origins.
ORS: 4290/30754 processed; 868 requests; 3 unavailable origins.
ORS: 4295/30754 processed; 869 requests; 3 unavailable origins.
ORS: 4300/30754 processed; 870 requests; 3 unavailable origins.
ORS: 4305/30754 processed; 871 requests; 3 unavailable origins.
ORS: 4310/30754 processed; 872 requests; 3 unavailable origins.
ORS: 4315/30754 processed; 873 requests; 3 unavailable origins.
ORS: 4320/30754 processed; 874 requests; 3 unavailable origins.
ORS: 4325/30754 processed; 875 requests; 3 unavailable origins.
ORS: 4330/30754 processed; 876 requests; 3 unavailable origins.
ORS: 4335/30754 processed; 877 requests; 3 unavailable origins.
ORS: 4340/30754 processed; 878 requests; 3 unavailable origins.
ORS: 4345/30754 processed; 879 requests; 3 unavailable origins.
ORS: 4350/30754 processed; 880 requests; 3 unavailable origins.
ORS: 4355/30754 processed; 881 requests; 3 unavailable origins.
ORS: 4360/30754 processed; 882 requests; 3 unavailable origins.
ORS: 4365/30754 processed; 883 requests; 3 unavailable origins.
ORS: 4370/30754 processed; 884 requests; 3 unavailable origins.
ORS: 4375/30754 processed; 885 requests; 3 unavailable origins.
ORS: 4380/30754 processed; 886 requests; 3 unavailable origins.
ORS: 4385/30754 processed; 887 requests; 3 unavailable origins.
ORS: 4390/30754 processed; 888 requests; 3 unavailable origins.
ORS: 4395/30754 processed; 889 requests; 3 unavailable origins.
ORS: 4400/30754 processed; 890 requests; 3 unavailable origins.
ORS: 4405/30754 processed; 891 requests; 3 unavailable origins.
ORS: 4410/30754 processed; 892 requests; 3 unavailable origins.
ORS: 4415/30754 processed; 893 requests; 3 unavailable origins.
ORS: 4420/30754 processed; 894 requests; 3 unavailable origins.
ORS: 4425/30754 processed; 895 requests; 3 unavailable origins.
ORS: 4430/30754 processed; 896 requests; 3 unavailable origins.
ORS: 4435/30754 processed; 897 requests; 3 unavailable origins.
ORS: 4440/30754 processed; 898 requests; 3 unavailable origins.
ORS: 4445/30754 processed; 899 requests; 3 unavailable origins.
ORS: 4450/30754 processed; 900 requests; 3 unavailable origins.
ORS: 4455/30754 processed; 901 requests; 3 unavailable origins.
ORS: 4460/30754 processed; 902 requests; 3 unavailable origins.
ORS: 4465/30754 processed; 903 requests; 3 unavailable origins.
ORS: 4470/30754 processed; 904 requests; 3 unavailable origins.
ORS: 4475/30754 processed; 905 requests; 3 unavailable origins.
ORS: 4480/30754 processed; 906 requests; 3 unavailable origins.
ORS: 4485/30754 processed; 907 requests; 3 unavailable origins.
ORS: 4490/30754 processed; 908 requests; 3 unavailable origins.
ORS: 4495/30754 processed; 909 requests; 3 unavailable origins.
ORS: 4500/30754 processed; 910 requests; 3 unavailable origins.
ORS: 4505/30754 processed; 911 requests; 3 unavailable origins.
ORS: 4510/30754 processed; 912 requests; 3 unavailable origins.
ORS: 4515/30754 processed; 913 requests; 3 unavailable origins.
ORS: 4520/30754 processed; 914 requests; 3 unavailable origins.
ORS: 4525/30754 processed; 915 requests; 3 unavailable origins.
ORS: 4530/30754 processed; 916 requests; 3 unavailable origins.
ORS: 4535/30754 processed; 917 requests; 3 unavailable origins.
ORS: 4540/30754 processed; 918 requests; 3 unavailable origins.
ORS: 4545/30754 processed; 919 requests; 3 unavailable origins.
ORS: 4550/30754 processed; 920 requests; 3 unavailable origins.
ORS: 4555/30754 processed; 921 requests; 3 unavailable origins.
ORS: 4560/30754 processed; 922 requests; 3 unavailable origins.
ORS: 4565/30754 processed; 923 requests; 3 unavailable origins.
ORS: 4570/30754 processed; 924 requests; 3 unavailable origins.
ORS: 4575/30754 processed; 925 requests; 3 unavailable origins.
ORS: 4580/30754 processed; 926 requests; 3 unavailable origins.
ORS: 4585/30754 processed; 927 requests; 3 unavailable origins.
ORS: 4590/30754 processed; 928 requests; 3 unavailable origins.
ORS: 4595/30754 processed; 929 requests; 3 unavailable origins.
ORS: 4600/30754 processed; 930 requests; 3 unavailable origins.
ORS: 4605/30754 processed; 931 requests; 3 unavailable origins.
ORS: 4610/30754 processed; 932 requests; 3 unavailable origins.
ORS: 4615/30754 processed; 933 requests; 3 unavailable origins.
ORS: 4620/30754 processed; 934 requests; 3 unavailable origins.
ORS: 4625/30754 processed; 935 requests; 3 unavailable origins.
ORS: 4630/30754 processed; 936 requests; 3 unavailable origins.
ORS: 4635/30754 processed; 937 requests; 3 unavailable origins.
ORS: 4640/30754 processed; 938 requests; 3 unavailable origins.
ORS: 4645/30754 processed; 939 requests; 3 unavailable origins.
ORS: 4650/30754 processed; 940 requests; 3 unavailable origins.
ORS: 4655/30754 processed; 941 requests; 3 unavailable origins.
ORS: 4660/30754 processed; 942 requests; 3 unavailable origins.
ORS: 4665/30754 processed; 943 requests; 3 unavailable origins.
ORS: 4670/30754 processed; 944 requests; 3 unavailable origins.
ORS: 4675/30754 processed; 945 requests; 3 unavailable origins.
ORS: 4680/30754 processed; 946 requests; 3 unavailable origins.
ORS: 4685/30754 processed; 947 requests; 3 unavailable origins.
ORS: 4690/30754 processed; 948 requests; 3 unavailable origins.
ORS: 4695/30754 processed; 949 requests; 3 unavailable origins.
ORS: 4700/30754 processed; 950 requests; 3 unavailable origins.
ORS: 4705/30754 processed; 951 requests; 3 unavailable origins.
ORS: 4710/30754 processed; 952 requests; 3 unavailable origins.
ORS: 4715/30754 processed; 953 requests; 3 unavailable origins.
ORS: 4720/30754 processed; 954 requests; 3 unavailable origins.
ORS: 4725/30754 processed; 955 requests; 3 unavailable origins.
ORS: 4730/30754 processed; 956 requests; 3 unavailable origins.
ORS: 4735/30754 processed; 957 requests; 3 unavailable origins.
ORS: 4740/30754 processed; 958 requests; 3 unavailable origins.
ORS: 4745/30754 processed; 959 requests; 3 unavailable origins.
ORS: 4750/30754 processed; 960 requests; 3 unavailable origins.
ORS: 4755/30754 processed; 961 requests; 3 unavailable origins.
ORS: 4760/30754 processed; 962 requests; 3 unavailable origins.
ORS: 4765/30754 processed; 963 requests; 3 unavailable origins.
ORS: 4770/30754 processed; 964 requests; 3 unavailable origins.
ORS: 4775/30754 processed; 965 requests; 3 unavailable origins.
ORS: 4780/30754 processed; 966 requests; 3 unavailable origins.
ORS: 4785/30754 processed; 967 requests; 3 unavailable origins.
ORS: 4790/30754 processed; 968 requests; 3 unavailable origins.
ORS: 4795/30754 processed; 969 requests; 3 unavailable origins.
ORS: 4800/30754 processed; 970 requests; 3 unavailable origins.
ORS: 4805/30754 processed; 971 requests; 3 unavailable origins.
ORS: 4810/30754 processed; 972 requests; 3 unavailable origins.
ORS: 4815/30754 processed; 973 requests; 3 unavailable origins.
ORS: 4820/30754 processed; 974 requests; 3 unavailable origins.
ORS: 4825/30754 processed; 975 requests; 3 unavailable origins.
ORS: 4830/30754 processed; 976 requests; 3 unavailable origins.
ORS: 4835/30754 processed; 977 requests; 3 unavailable origins.
ORS: 4840/30754 processed; 978 requests; 3 unavailable origins.
ORS: 4845/30754 processed; 979 requests; 3 unavailable origins.
ORS: 4850/30754 processed; 980 requests; 3 unavailable origins.
ORS: 4855/30754 processed; 981 requests; 3 unavailable origins.
ORS: 4860/30754 processed; 982 requests; 3 unavailable origins.
ORS: 4865/30754 processed; 983 requests; 3 unavailable origins.
ORS: 4870/30754 processed; 984 requests; 3 unavailable origins.
ORS: 4875/30754 processed; 985 requests; 3 unavailable origins.
ORS: 4880/30754 processed; 986 requests; 3 unavailable origins.
ORS: 4885/30754 processed; 987 requests; 3 unavailable origins.
ORS: 4890/30754 processed; 988 requests; 3 unavailable origins.
ORS: 4895/30754 processed; 989 requests; 3 unavailable origins.
ORS: 4900/30754 processed; 990 requests; 3 unavailable origins.
ORS: 4905/30754 processed; 991 requests; 3 unavailable origins.
ORS: 4910/30754 processed; 992 requests; 3 unavailable origins.
ORS: 4915/30754 processed; 993 requests; 3 unavailable origins.
ORS: 4920/30754 processed; 994 requests; 3 unavailable origins.
ORS: 4925/30754 processed; 995 requests; 3 unavailable origins.
ORS: 4930/30754 processed; 996 requests; 3 unavailable origins.
ORS: 4935/30754 processed; 997 requests; 3 unavailable origins.
ORS: 4940/30754 processed; 998 requests; 3 unavailable origins.
ORS: 4945/30754 processed; 999 requests; 3 unavailable origins.
ORS: 4950/30754 processed; 1000 requests; 3 unavailable origins.
ORS: 4955/30754 processed; 1001 requests; 3 unavailable origins.
ORS: 4960/30754 processed; 1002 requests; 3 unavailable origins.
ORS: 4965/30754 processed; 1003 requests; 3 unavailable origins.
ORS: 4970/30754 processed; 1004 requests; 3 unavailable origins.
ORS: 4975/30754 processed; 1005 requests; 3 unavailable origins.
ORS: 4980/30754 processed; 1006 requests; 3 unavailable origins.
ORS: 4985/30754 processed; 1007 requests; 3 unavailable origins.
ORS: 4990/30754 processed; 1008 requests; 3 unavailable origins.
ORS: 4995/30754 processed; 1009 requests; 3 unavailable origins.
ORS: 5000/30754 processed; 1010 requests; 3 unavailable origins.
ORS: 5005/30754 processed; 1011 requests; 3 unavailable origins.
ORS: 5010/30754 processed; 1012 requests; 3 unavailable origins.
ORS: 5015/30754 processed; 1013 requests; 3 unavailable origins.
ORS: 5020/30754 processed; 1014 requests; 3 unavailable origins.
ORS: 5025/30754 processed; 1015 requests; 3 unavailable origins.
ORS: 5030/30754 processed; 1016 requests; 3 unavailable origins.
ORS: 5035/30754 processed; 1017 requests; 3 unavailable origins.
ORS: 5040/30754 processed; 1018 requests; 3 unavailable origins.
ORS: 5045/30754 processed; 1019 requests; 3 unavailable origins.
ORS: 5050/30754 processed; 1020 requests; 3 unavailable origins.
ORS: 5055/30754 processed; 1021 requests; 3 unavailable origins.
ORS: 5060/30754 processed; 1022 requests; 3 unavailable origins.
ORS: 5065/30754 processed; 1023 requests; 3 unavailable origins.
ORS: 5070/30754 processed; 1024 requests; 3 unavailable origins.
ORS: 5075/30754 processed; 1025 requests; 3 unavailable origins.
ORS: 5080/30754 processed; 1026 requests; 3 unavailable origins.
ORS: 5085/30754 processed; 1027 requests; 3 unavailable origins.
ORS: 5090/30754 processed; 1028 requests; 3 unavailable origins.
ORS: 5095/30754 processed; 1029 requests; 3 unavailable origins.
ORS: 5100/30754 processed; 1030 requests; 3 unavailable origins.
ORS: 5105/30754 processed; 1031 requests; 3 unavailable origins.
ORS: 5110/30754 processed; 1032 requests; 3 unavailable origins.
ORS: 5115/30754 processed; 1033 requests; 3 unavailable origins.
ORS: 5120/30754 processed; 1034 requests; 3 unavailable origins.
ORS: 5125/30754 processed; 1035 requests; 3 unavailable origins.
ORS: 5130/30754 processed; 1036 requests; 3 unavailable origins.
ORS: 5135/30754 processed; 1037 requests; 3 unavailable origins.
ORS: 5140/30754 processed; 1038 requests; 3 unavailable origins.
ORS: 5145/30754 processed; 1039 requests; 3 unavailable origins.
ORS: 5150/30754 processed; 1040 requests; 3 unavailable origins.
ORS: 5155/30754 processed; 1041 requests; 3 unavailable origins.
ORS: 5160/30754 processed; 1042 requests; 3 unavailable origins.
ORS: 5165/30754 processed; 1043 requests; 3 unavailable origins.
ORS: 5170/30754 processed; 1044 requests; 3 unavailable origins.
ORS: 5175/30754 processed; 1045 requests; 3 unavailable origins.
ORS: 5180/30754 processed; 1046 requests; 3 unavailable origins.
ORS: 5185/30754 processed; 1047 requests; 3 unavailable origins.
ORS: 5190/30754 processed; 1048 requests; 3 unavailable origins.
ORS: 5195/30754 processed; 1049 requests; 3 unavailable origins.
ORS: 5200/30754 processed; 1050 requests; 3 unavailable origins.
ORS: 5205/30754 processed; 1051 requests; 3 unavailable origins.
ORS: 5210/30754 processed; 1052 requests; 3 unavailable origins.
ORS: 5215/30754 processed; 1053 requests; 3 unavailable origins.
ORS: 5220/30754 processed; 1054 requests; 3 unavailable origins.
ORS: 5225/30754 processed; 1055 requests; 3 unavailable origins.
ORS: 5230/30754 processed; 1056 requests; 3 unavailable origins.
ORS: 5235/30754 processed; 1057 requests; 3 unavailable origins.
ORS: 5240/30754 processed; 1058 requests; 3 unavailable origins.
ORS: 5245/30754 processed; 1059 requests; 3 unavailable origins.
ORS: 5250/30754 processed; 1060 requests; 3 unavailable origins.
ORS: 5255/30754 processed; 1061 requests; 3 unavailable origins.
ORS: 5260/30754 processed; 1062 requests; 3 unavailable origins.
ORS: 5265/30754 processed; 1063 requests; 3 unavailable origins.
ORS: 5270/30754 processed; 1064 requests; 3 unavailable origins.
ORS: 5275/30754 processed; 1065 requests; 3 unavailable origins.
ORS: 5280/30754 processed; 1066 requests; 3 unavailable origins.
ORS: 5285/30754 processed; 1067 requests; 3 unavailable origins.
ORS: 5290/30754 processed; 1068 requests; 3 unavailable origins.
ORS: 5295/30754 processed; 1069 requests; 3 unavailable origins.
ORS: 5300/30754 processed; 1070 requests; 3 unavailable origins.
ORS: 5305/30754 processed; 1071 requests; 3 unavailable origins.
ORS: 5310/30754 processed; 1072 requests; 3 unavailable origins.
ORS: 5315/30754 processed; 1073 requests; 3 unavailable origins.
ORS: 5320/30754 processed; 1074 requests; 3 unavailable origins.
ORS: 5325/30754 processed; 1075 requests; 3 unavailable origins.
ORS: 5330/30754 processed; 1076 requests; 3 unavailable origins.
ORS: 5335/30754 processed; 1077 requests; 3 unavailable origins.
ORS: 5340/30754 processed; 1078 requests; 3 unavailable origins.
ORS: 5345/30754 processed; 1079 requests; 3 unavailable origins.
ORS: 5350/30754 processed; 1080 requests; 3 unavailable origins.
ORS: 5355/30754 processed; 1081 requests; 3 unavailable origins.
ORS: 5360/30754 processed; 1082 requests; 3 unavailable origins.
ORS: 5365/30754 processed; 1083 requests; 3 unavailable origins.
ORS: 5370/30754 processed; 1084 requests; 3 unavailable origins.
ORS: 5375/30754 processed; 1085 requests; 3 unavailable origins.
ORS: 5380/30754 processed; 1086 requests; 3 unavailable origins.
ORS: 5385/30754 processed; 1087 requests; 3 unavailable origins.
ORS: 5390/30754 processed; 1088 requests; 3 unavailable origins.
ORS: 5395/30754 processed; 1089 requests; 3 unavailable origins.
ORS: 5400/30754 processed; 1090 requests; 3 unavailable origins.
ORS: 5405/30754 processed; 1091 requests; 3 unavailable origins.
ORS: 5410/30754 processed; 1092 requests; 3 unavailable origins.
ORS: 5415/30754 processed; 1093 requests; 3 unavailable origins.
ORS: 5420/30754 processed; 1094 requests; 3 unavailable origins.
ORS: 5425/30754 processed; 1095 requests; 3 unavailable origins.
Unavailable origin 2.09919,48.32700 (2.09919,48.327) [ors-3099]: La Source [station:FR::Quay:50175028:FR1; line:IDFM:C02067, line:IDFM:C02068, line:IDFM:C02431] — ORS 500 (code 3099): Unable to build an isochrone map.; station unavailable, check OSM coverage/access to the walking network.
ORS: 5430/30754 processed; 1101 requests; 4 unavailable origins.
ORS: 5435/30754 processed; 1102 requests; 4 unavailable origins.
ORS: 5440/30754 processed; 1103 requests; 4 unavailable origins.
ORS: 5445/30754 processed; 1104 requests; 4 unavailable origins.
ORS: 5450/30754 processed; 1105 requests; 4 unavailable origins.
ORS: 5455/30754 processed; 1106 requests; 4 unavailable origins.
ORS: 5460/30754 processed; 1107 requests; 4 unavailable origins.
ORS: 5465/30754 processed; 1108 requests; 4 unavailable origins.
ORS: 5470/30754 processed; 1109 requests; 4 unavailable origins.
ORS: 5475/30754 processed; 1110 requests; 4 unavailable origins.
ORS: 5480/30754 processed; 1111 requests; 4 unavailable origins.
ORS: 5485/30754 processed; 1112 requests; 4 unavailable origins.
ORS: 5490/30754 processed; 1113 requests; 4 unavailable origins.
ORS: 5495/30754 processed; 1114 requests; 4 unavailable origins.
ORS: 5500/30754 processed; 1115 requests; 4 unavailable origins.
ORS: 5505/30754 processed; 1116 requests; 4 unavailable origins.
ORS: 5510/30754 processed; 1117 requests; 4 unavailable origins.
ORS: 5515/30754 processed; 1118 requests; 4 unavailable origins.
ORS: 5520/30754 processed; 1119 requests; 4 unavailable origins.
ORS: 5525/30754 processed; 1120 requests; 4 unavailable origins.
ORS: 5530/30754 processed; 1121 requests; 4 unavailable origins.
ORS: 5535/30754 processed; 1122 requests; 4 unavailable origins.
ORS: 5540/30754 processed; 1123 requests; 4 unavailable origins.
ORS: 5545/30754 processed; 1124 requests; 4 unavailable origins.
ORS: 5550/30754 processed; 1125 requests; 4 unavailable origins.
ORS: 5555/30754 processed; 1126 requests; 4 unavailable origins.
ORS: 5560/30754 processed; 1127 requests; 4 unavailable origins.
ORS: 5565/30754 processed; 1128 requests; 4 unavailable origins.
ORS: 5570/30754 processed; 1129 requests; 4 unavailable origins.
ORS: 5575/30754 processed; 1130 requests; 4 unavailable origins.
ORS: 5580/30754 processed; 1131 requests; 4 unavailable origins.
ORS: 5585/30754 processed; 1132 requests; 4 unavailable origins.
ORS: 5590/30754 processed; 1133 requests; 4 unavailable origins.
ORS: 5595/30754 processed; 1134 requests; 4 unavailable origins.
ORS: 5600/30754 processed; 1135 requests; 4 unavailable origins.
ORS: 5605/30754 processed; 1136 requests; 4 unavailable origins.
ORS: 5610/30754 processed; 1137 requests; 4 unavailable origins.
ORS: 5615/30754 processed; 1138 requests; 4 unavailable origins.
ORS: 5620/30754 processed; 1139 requests; 4 unavailable origins.
ORS: 5625/30754 processed; 1140 requests; 4 unavailable origins.
ORS: 5630/30754 processed; 1141 requests; 4 unavailable origins.
ORS: 5635/30754 processed; 1142 requests; 4 unavailable origins.
ORS: 5640/30754 processed; 1143 requests; 4 unavailable origins.
ORS: 5645/30754 processed; 1144 requests; 4 unavailable origins.
ORS: 5650/30754 processed; 1145 requests; 4 unavailable origins.
ORS: 5655/30754 processed; 1146 requests; 4 unavailable origins.
ORS: 5660/30754 processed; 1147 requests; 4 unavailable origins.
ORS: 5665/30754 processed; 1148 requests; 4 unavailable origins.
ORS: 5670/30754 processed; 1149 requests; 4 unavailable origins.
ORS: 5675/30754 processed; 1150 requests; 4 unavailable origins.
ORS: 5680/30754 processed; 1151 requests; 4 unavailable origins.
ORS: 5685/30754 processed; 1152 requests; 4 unavailable origins.
ORS: 5690/30754 processed; 1153 requests; 4 unavailable origins.
ORS: 5695/30754 processed; 1154 requests; 4 unavailable origins.
ORS: 5700/30754 processed; 1155 requests; 4 unavailable origins.
ORS: 5705/30754 processed; 1156 requests; 4 unavailable origins.
ORS: 5710/30754 processed; 1157 requests; 4 unavailable origins.
ORS: 5715/30754 processed; 1158 requests; 4 unavailable origins.
ORS: 5720/30754 processed; 1159 requests; 4 unavailable origins.
ORS: 5725/30754 processed; 1160 requests; 4 unavailable origins.
ORS: 5730/30754 processed; 1161 requests; 4 unavailable origins.
ORS: 5735/30754 processed; 1162 requests; 4 unavailable origins.
ORS: 5740/30754 processed; 1163 requests; 4 unavailable origins.
ORS: 5745/30754 processed; 1164 requests; 4 unavailable origins.
ORS: 5750/30754 processed; 1165 requests; 4 unavailable origins.
ORS: 5755/30754 processed; 1166 requests; 4 unavailable origins.
ORS: 5760/30754 processed; 1167 requests; 4 unavailable origins.
ORS: 5765/30754 processed; 1168 requests; 4 unavailable origins.
ORS: 5770/30754 processed; 1169 requests; 4 unavailable origins.
ORS: 5775/30754 processed; 1170 requests; 4 unavailable origins.
ORS: 5780/30754 processed; 1171 requests; 4 unavailable origins.
ORS: 5785/30754 processed; 1172 requests; 4 unavailable origins.
ORS: 5790/30754 processed; 1173 requests; 4 unavailable origins.
ORS: 5795/30754 processed; 1174 requests; 4 unavailable origins.
ORS: 5800/30754 processed; 1175 requests; 4 unavailable origins.
ORS: 5805/30754 processed; 1176 requests; 4 unavailable origins.
ORS: 5810/30754 processed; 1177 requests; 4 unavailable origins.
ORS: 5815/30754 processed; 1178 requests; 4 unavailable origins.
ORS: 5820/30754 processed; 1179 requests; 4 unavailable origins.
ORS: 5825/30754 processed; 1180 requests; 4 unavailable origins.
ORS: 5830/30754 processed; 1181 requests; 4 unavailable origins.
ORS: 5835/30754 processed; 1182 requests; 4 unavailable origins.
ORS: 5840/30754 processed; 1183 requests; 4 unavailable origins.
ORS: 5845/30754 processed; 1184 requests; 4 unavailable origins.
ORS: 5850/30754 processed; 1185 requests; 4 unavailable origins.
ORS: 5855/30754 processed; 1186 requests; 4 unavailable origins.
ORS: 5860/30754 processed; 1187 requests; 4 unavailable origins.
ORS: 5865/30754 processed; 1188 requests; 4 unavailable origins.
Unavailable origin 2.12234,49.06298 (2.12234,49.06298) [ors-3099]: Chemin du Général [station:FR::Quay:50165687:FR1; line:IDFM:C00394] — ORS 500 (code 3099): Unable to build an isochrone map.; station unavailable, check OSM coverage/access to the walking network.
ORS: 5870/30754 processed; 1194 requests; 5 unavailable origins.
ORS: 5875/30754 processed; 1195 requests; 5 unavailable origins.
ORS: 5880/30754 processed; 1196 requests; 5 unavailable origins.
ORS: 5885/30754 processed; 1197 requests; 5 unavailable origins.
ORS: 5890/30754 processed; 1198 requests; 5 unavailable origins.
ORS: 5895/30754 processed; 1199 requests; 5 unavailable origins.
ORS: 5900/30754 processed; 1200 requests; 5 unavailable origins.
ORS: 5905/30754 processed; 1201 requests; 5 unavailable origins.
ORS: 5910/30754 processed; 1202 requests; 5 unavailable origins.
ORS: 5915/30754 processed; 1203 requests; 5 unavailable origins.
ORS: 5920/30754 processed; 1204 requests; 5 unavailable origins.
ORS: 5925/30754 processed; 1205 requests; 5 unavailable origins.
ORS: 5930/30754 processed; 1206 requests; 5 unavailable origins.
ORS: 5935/30754 processed; 1207 requests; 5 unavailable origins.
ORS: 5940/30754 processed; 1208 requests; 5 unavailable origins.
ORS: 5945/30754 processed; 1209 requests; 5 unavailable origins.
ORS: 5950/30754 processed; 1210 requests; 5 unavailable origins.
ORS: 5955/30754 processed; 1211 requests; 5 unavailable origins.
ORS: 5960/30754 processed; 1212 requests; 5 unavailable origins.
ORS: 5965/30754 processed; 1213 requests; 5 unavailable origins.
ORS: 5970/30754 processed; 1214 requests; 5 unavailable origins.
ORS: 5975/30754 processed; 1215 requests; 5 unavailable origins.
ORS: 5980/30754 processed; 1216 requests; 5 unavailable origins.
ORS: 5985/30754 processed; 1217 requests; 5 unavailable origins.
ORS: 5990/30754 processed; 1218 requests; 5 unavailable origins.
ORS: 5995/30754 processed; 1219 requests; 5 unavailable origins.
ORS: 6000/30754 processed; 1220 requests; 5 unavailable origins.
ORS: 6005/30754 processed; 1221 requests; 5 unavailable origins.
ORS: 6010/30754 processed; 1222 requests; 5 unavailable origins.
ORS: 6015/30754 processed; 1223 requests; 5 unavailable origins.
ORS: 6020/30754 processed; 1224 requests; 5 unavailable origins.
ORS: 6025/30754 processed; 1225 requests; 5 unavailable origins.
ORS: 6030/30754 processed; 1226 requests; 5 unavailable origins.
ORS: 6035/30754 processed; 1227 requests; 5 unavailable origins.
ORS: 6040/30754 processed; 1228 requests; 5 unavailable origins.
ORS: 6045/30754 processed; 1229 requests; 5 unavailable origins.
ORS: 6050/30754 processed; 1230 requests; 5 unavailable origins.
ORS: 6055/30754 processed; 1231 requests; 5 unavailable origins.
ORS: 6060/30754 processed; 1232 requests; 5 unavailable origins.
ORS: 6065/30754 processed; 1233 requests; 5 unavailable origins.
ORS: 6070/30754 processed; 1234 requests; 5 unavailable origins.
ORS: 6075/30754 processed; 1235 requests; 5 unavailable origins.
ORS: 6080/30754 processed; 1236 requests; 5 unavailable origins.
ORS: 6085/30754 processed; 1237 requests; 5 unavailable origins.
ORS: 6090/30754 processed; 1238 requests; 5 unavailable origins.
ORS: 6095/30754 processed; 1239 requests; 5 unavailable origins.
ORS: 6100/30754 processed; 1240 requests; 5 unavailable origins.
ORS: 6105/30754 processed; 1241 requests; 5 unavailable origins.
ORS: 6110/30754 processed; 1242 requests; 5 unavailable origins.
ORS: 6115/30754 processed; 1243 requests; 5 unavailable origins.
ORS: 6120/30754 processed; 1244 requests; 5 unavailable origins.
ORS: 6125/30754 processed; 1245 requests; 5 unavailable origins.
ORS: 6130/30754 processed; 1246 requests; 5 unavailable origins.
ORS: 6135/30754 processed; 1247 requests; 5 unavailable origins.
ORS: 6140/30754 processed; 1248 requests; 5 unavailable origins.
ORS: 6145/30754 processed; 1249 requests; 5 unavailable origins.
ORS: 6150/30754 processed; 1250 requests; 5 unavailable origins.
ORS: 6155/30754 processed; 1251 requests; 5 unavailable origins.
ORS: 6160/30754 processed; 1252 requests; 5 unavailable origins.
ORS: 6165/30754 processed; 1253 requests; 5 unavailable origins.
ORS: 6170/30754 processed; 1254 requests; 5 unavailable origins.
ORS: 6175/30754 processed; 1255 requests; 5 unavailable origins.
ORS: 6180/30754 processed; 1256 requests; 5 unavailable origins.
ORS: 6185/30754 processed; 1257 requests; 5 unavailable origins.
ORS: 6190/30754 processed; 1258 requests; 5 unavailable origins.
ORS: 6195/30754 processed; 1259 requests; 5 unavailable origins.
ORS: 6200/30754 processed; 1260 requests; 5 unavailable origins.
ORS: 6205/30754 processed; 1261 requests; 5 unavailable origins.
ORS: 6210/30754 processed; 1262 requests; 5 unavailable origins.
ORS: 6215/30754 processed; 1263 requests; 5 unavailable origins.
ORS: 6220/30754 processed; 1264 requests; 5 unavailable origins.
ORS: 6225/30754 processed; 1265 requests; 5 unavailable origins.
ORS: 6230/30754 processed; 1266 requests; 5 unavailable origins.
ORS: 6235/30754 processed; 1267 requests; 5 unavailable origins.
ORS: 6240/30754 processed; 1268 requests; 5 unavailable origins.
ORS: 6245/30754 processed; 1269 requests; 5 unavailable origins.
ORS: 6250/30754 processed; 1270 requests; 5 unavailable origins.
ORS: 6255/30754 processed; 1271 requests; 5 unavailable origins.
ORS: 6260/30754 processed; 1272 requests; 5 unavailable origins.
ORS: 6265/30754 processed; 1273 requests; 5 unavailable origins.
ORS: 6270/30754 processed; 1274 requests; 5 unavailable origins.
ORS: 6275/30754 processed; 1275 requests; 5 unavailable origins.
ORS: 6280/30754 processed; 1276 requests; 5 unavailable origins.
ORS: 6285/30754 processed; 1277 requests; 5 unavailable origins.
ORS: 6290/30754 processed; 1278 requests; 5 unavailable origins.
ORS: 6295/30754 processed; 1279 requests; 5 unavailable origins.
ORS: 6300/30754 processed; 1280 requests; 5 unavailable origins.
ORS: 6305/30754 processed; 1281 requests; 5 unavailable origins.
ORS: 6310/30754 processed; 1282 requests; 5 unavailable origins.
ORS: 6315/30754 processed; 1283 requests; 5 unavailable origins.
ORS: 6320/30754 processed; 1284 requests; 5 unavailable origins.
ORS: 6325/30754 processed; 1285 requests; 5 unavailable origins.
ORS: 6330/30754 processed; 1286 requests; 5 unavailable origins.
ORS: 6335/30754 processed; 1287 requests; 5 unavailable origins.
ORS: 6340/30754 processed; 1288 requests; 5 unavailable origins.
ORS: 6345/30754 processed; 1289 requests; 5 unavailable origins.
ORS: 6350/30754 processed; 1290 requests; 5 unavailable origins.
ORS: 6355/30754 processed; 1291 requests; 5 unavailable origins.
ORS: 6360/30754 processed; 1292 requests; 5 unavailable origins.
ORS: 6365/30754 processed; 1293 requests; 5 unavailable origins.
ORS: 6370/30754 processed; 1294 requests; 5 unavailable origins.
ORS: 6375/30754 processed; 1295 requests; 5 unavailable origins.
ORS: 6380/30754 processed; 1296 requests; 5 unavailable origins.
ORS: 6385/30754 processed; 1297 requests; 5 unavailable origins.
ORS: 6390/30754 processed; 1298 requests; 5 unavailable origins.
ORS: 6395/30754 processed; 1299 requests; 5 unavailable origins.
ORS: 6400/30754 processed; 1300 requests; 5 unavailable origins.
ORS: 6405/30754 processed; 1301 requests; 5 unavailable origins.
ORS: 6410/30754 processed; 1302 requests; 5 unavailable origins.
ORS: 6415/30754 processed; 1303 requests; 5 unavailable origins.
ORS: 6420/30754 processed; 1304 requests; 5 unavailable origins.
ORS: 6425/30754 processed; 1305 requests; 5 unavailable origins.
ORS: 6430/30754 processed; 1306 requests; 5 unavailable origins.
ORS: 6435/30754 processed; 1307 requests; 5 unavailable origins.
ORS: 6440/30754 processed; 1308 requests; 5 unavailable origins.
ORS: 6445/30754 processed; 1309 requests; 5 unavailable origins.
ORS: 6450/30754 processed; 1310 requests; 5 unavailable origins.
ORS: 6455/30754 processed; 1311 requests; 5 unavailable origins.
ORS: 6460/30754 processed; 1312 requests; 5 unavailable origins.
ORS: 6465/30754 processed; 1313 requests; 5 unavailable origins.
ORS: 6470/30754 processed; 1314 requests; 5 unavailable origins.
ORS: 6475/30754 processed; 1315 requests; 5 unavailable origins.
ORS: 6480/30754 processed; 1316 requests; 5 unavailable origins.
ORS: 6485/30754 processed; 1317 requests; 5 unavailable origins.
ORS: 6490/30754 processed; 1318 requests; 5 unavailable origins.
ORS: 6495/30754 processed; 1319 requests; 5 unavailable origins.
ORS: 6500/30754 processed; 1320 requests; 5 unavailable origins.
ORS: 6505/30754 processed; 1321 requests; 5 unavailable origins.
ORS: 6510/30754 processed; 1322 requests; 5 unavailable origins.
ORS: 6515/30754 processed; 1323 requests; 5 unavailable origins.
ORS: 6520/30754 processed; 1324 requests; 5 unavailable origins.
ORS: 6525/30754 processed; 1325 requests; 5 unavailable origins.
ORS: 6530/30754 processed; 1326 requests; 5 unavailable origins.
ORS: 6535/30754 processed; 1327 requests; 5 unavailable origins.
ORS: 6540/30754 processed; 1328 requests; 5 unavailable origins.
ORS: 6545/30754 processed; 1329 requests; 5 unavailable origins.
ORS: 6550/30754 processed; 1330 requests; 5 unavailable origins.
ORS: 6555/30754 processed; 1331 requests; 5 unavailable origins.
ORS: 6560/30754 processed; 1332 requests; 5 unavailable origins.
ORS: 6565/30754 processed; 1333 requests; 5 unavailable origins.
ORS: 6570/30754 processed; 1334 requests; 5 unavailable origins.
ORS: 6575/30754 processed; 1335 requests; 5 unavailable origins.
ORS: 6580/30754 processed; 1336 requests; 5 unavailable origins.
ORS: 6585/30754 processed; 1337 requests; 5 unavailable origins.
ORS: 6590/30754 processed; 1338 requests; 5 unavailable origins.
ORS: 6595/30754 processed; 1339 requests; 5 unavailable origins.
ORS: 6600/30754 processed; 1340 requests; 5 unavailable origins.
ORS: 6605/30754 processed; 1341 requests; 5 unavailable origins.
ORS: 6610/30754 processed; 1342 requests; 5 unavailable origins.
ORS: 6615/30754 processed; 1343 requests; 5 unavailable origins.
ORS: 6620/30754 processed; 1344 requests; 5 unavailable origins.
ORS: 6625/30754 processed; 1345 requests; 5 unavailable origins.
ORS: 6630/30754 processed; 1346 requests; 5 unavailable origins.
ORS: 6635/30754 processed; 1347 requests; 5 unavailable origins.
ORS: 6640/30754 processed; 1348 requests; 5 unavailable origins.
ORS: 6645/30754 processed; 1349 requests; 5 unavailable origins.
ORS: 6650/30754 processed; 1350 requests; 5 unavailable origins.
ORS: 6655/30754 processed; 1351 requests; 5 unavailable origins.
ORS: 6660/30754 processed; 1352 requests; 5 unavailable origins.
ORS: 6665/30754 processed; 1353 requests; 5 unavailable origins.
ORS: 6670/30754 processed; 1354 requests; 5 unavailable origins.
ORS: 6675/30754 processed; 1355 requests; 5 unavailable origins.
ORS: 6680/30754 processed; 1356 requests; 5 unavailable origins.
ORS: 6685/30754 processed; 1357 requests; 5 unavailable origins.
ORS: 6690/30754 processed; 1358 requests; 5 unavailable origins.
ORS: 6695/30754 processed; 1359 requests; 5 unavailable origins.
ORS: 6700/30754 processed; 1360 requests; 5 unavailable origins.
ORS: 6705/30754 processed; 1361 requests; 5 unavailable origins.
ORS: 6710/30754 processed; 1362 requests; 5 unavailable origins.
ORS: 6715/30754 processed; 1363 requests; 5 unavailable origins.
ORS: 6720/30754 processed; 1364 requests; 5 unavailable origins.
ORS: 6725/30754 processed; 1365 requests; 5 unavailable origins.
ORS: 6730/30754 processed; 1366 requests; 5 unavailable origins.
ORS: 6735/30754 processed; 1367 requests; 5 unavailable origins.
ORS: 6740/30754 processed; 1368 requests; 5 unavailable origins.
ORS: 6745/30754 processed; 1369 requests; 5 unavailable origins.
ORS: 6750/30754 processed; 1370 requests; 5 unavailable origins.
ORS: 6755/30754 processed; 1371 requests; 5 unavailable origins.
ORS: 6760/30754 processed; 1372 requests; 5 unavailable origins.
ORS: 6765/30754 processed; 1373 requests; 5 unavailable origins.
ORS: 6770/30754 processed; 1374 requests; 5 unavailable origins.
ORS: 6775/30754 processed; 1375 requests; 5 unavailable origins.
ORS: 6780/30754 processed; 1376 requests; 5 unavailable origins.
ORS: 6785/30754 processed; 1377 requests; 5 unavailable origins.
ORS: 6790/30754 processed; 1378 requests; 5 unavailable origins.
ORS: 6795/30754 processed; 1379 requests; 5 unavailable origins.
ORS: 6800/30754 processed; 1380 requests; 5 unavailable origins.
ORS: 6805/30754 processed; 1381 requests; 5 unavailable origins.
ORS: 6810/30754 processed; 1382 requests; 5 unavailable origins.
ORS: 6815/30754 processed; 1383 requests; 5 unavailable origins.
ORS: 6820/30754 processed; 1384 requests; 5 unavailable origins.
ORS: 6825/30754 processed; 1385 requests; 5 unavailable origins.
ORS: 6830/30754 processed; 1386 requests; 5 unavailable origins.
ORS: 6835/30754 processed; 1387 requests; 5 unavailable origins.
ORS: 6840/30754 processed; 1388 requests; 5 unavailable origins.
ORS: 6845/30754 processed; 1389 requests; 5 unavailable origins.
ORS: 6850/30754 processed; 1390 requests; 5 unavailable origins.
ORS: 6855/30754 processed; 1391 requests; 5 unavailable origins.
ORS: 6860/30754 processed; 1392 requests; 5 unavailable origins.
ORS: 6865/30754 processed; 1393 requests; 5 unavailable origins.
ORS: 6870/30754 processed; 1394 requests; 5 unavailable origins.
ORS: 6875/30754 processed; 1395 requests; 5 unavailable origins.
ORS: 6880/30754 processed; 1396 requests; 5 unavailable origins.
ORS: 6885/30754 processed; 1397 requests; 5 unavailable origins.
ORS: 6890/30754 processed; 1398 requests; 5 unavailable origins.
ORS: 6895/30754 processed; 1399 requests; 5 unavailable origins.
ORS: 6900/30754 processed; 1400 requests; 5 unavailable origins.
ORS: 6905/30754 processed; 1401 requests; 5 unavailable origins.
ORS: 6910/30754 processed; 1402 requests; 5 unavailable origins.
ORS: 6915/30754 processed; 1403 requests; 5 unavailable origins.
ORS: 6920/30754 processed; 1404 requests; 5 unavailable origins.
ORS: 6925/30754 processed; 1405 requests; 5 unavailable origins.
ORS: 6930/30754 processed; 1406 requests; 5 unavailable origins.
ORS: 6935/30754 processed; 1407 requests; 5 unavailable origins.
ORS: 6940/30754 processed; 1408 requests; 5 unavailable origins.
ORS: 6945/30754 processed; 1409 requests; 5 unavailable origins.
ORS: 6950/30754 processed; 1410 requests; 5 unavailable origins.
ORS: 6955/30754 processed; 1411 requests; 5 unavailable origins.
ORS: 6960/30754 processed; 1412 requests; 5 unavailable origins.
ORS: 6965/30754 processed; 1413 requests; 5 unavailable origins.
ORS: 6970/30754 processed; 1414 requests; 5 unavailable origins.
ORS: 6975/30754 processed; 1415 requests; 5 unavailable origins.
ORS: 6980/30754 processed; 1416 requests; 5 unavailable origins.
ORS: 6985/30754 processed; 1417 requests; 5 unavailable origins.
ORS: 6990/30754 processed; 1418 requests; 5 unavailable origins.
ORS: 6995/30754 processed; 1419 requests; 5 unavailable origins.
ORS: 7000/30754 processed; 1420 requests; 5 unavailable origins.
ORS: 7005/30754 processed; 1421 requests; 5 unavailable origins.
ORS: 7010/30754 processed; 1422 requests; 5 unavailable origins.
ORS: 7015/30754 processed; 1423 requests; 5 unavailable origins.
ORS: 7020/30754 processed; 1424 requests; 5 unavailable origins.
ORS: 7025/30754 processed; 1425 requests; 5 unavailable origins.
ORS: 7030/30754 processed; 1426 requests; 5 unavailable origins.
ORS: 7035/30754 processed; 1427 requests; 5 unavailable origins.
ORS: 7040/30754 processed; 1428 requests; 5 unavailable origins.
ORS: 7045/30754 processed; 1429 requests; 5 unavailable origins.
ORS: 7050/30754 processed; 1430 requests; 5 unavailable origins.
ORS: 7055/30754 processed; 1431 requests; 5 unavailable origins.
ORS: 7060/30754 processed; 1432 requests; 5 unavailable origins.
ORS: 7065/30754 processed; 1433 requests; 5 unavailable origins.
ORS: 7070/30754 processed; 1434 requests; 5 unavailable origins.
ORS: 7075/30754 processed; 1435 requests; 5 unavailable origins.
ORS: 7080/30754 processed; 1436 requests; 5 unavailable origins.
ORS: 7085/30754 processed; 1437 requests; 5 unavailable origins.
ORS: 7090/30754 processed; 1438 requests; 5 unavailable origins.
ORS: 7095/30754 processed; 1439 requests; 5 unavailable origins.
ORS: 7100/30754 processed; 1440 requests; 5 unavailable origins.
ORS: 7105/30754 processed; 1441 requests; 5 unavailable origins.
ORS: 7110/30754 processed; 1442 requests; 5 unavailable origins.
ORS: 7115/30754 processed; 1443 requests; 5 unavailable origins.
ORS: 7120/30754 processed; 1444 requests; 5 unavailable origins.
ORS: 7125/30754 processed; 1445 requests; 5 unavailable origins.
ORS: 7130/30754 processed; 1446 requests; 5 unavailable origins.
ORS: 7135/30754 processed; 1447 requests; 5 unavailable origins.
ORS: 7140/30754 processed; 1448 requests; 5 unavailable origins.
ORS: 7145/30754 processed; 1449 requests; 5 unavailable origins.
ORS: 7150/30754 processed; 1450 requests; 5 unavailable origins.
ORS: 7155/30754 processed; 1451 requests; 5 unavailable origins.
ORS: 7160/30754 processed; 1452 requests; 5 unavailable origins.
ORS: 7165/30754 processed; 1453 requests; 5 unavailable origins.
ORS: 7170/30754 processed; 1454 requests; 5 unavailable origins.
ORS: 7175/30754 processed; 1455 requests; 5 unavailable origins.
ORS: 7180/30754 processed; 1456 requests; 5 unavailable origins.
ORS: 7185/30754 processed; 1457 requests; 5 unavailable origins.
ORS: 7190/30754 processed; 1458 requests; 5 unavailable origins.
ORS: 7195/30754 processed; 1459 requests; 5 unavailable origins.
ORS: 7200/30754 processed; 1460 requests; 5 unavailable origins.
ORS: 7205/30754 processed; 1461 requests; 5 unavailable origins.
ORS: 7210/30754 processed; 1462 requests; 5 unavailable origins.
ORS: 7215/30754 processed; 1463 requests; 5 unavailable origins.
ORS: 7220/30754 processed; 1464 requests; 5 unavailable origins.
ORS: 7225/30754 processed; 1465 requests; 5 unavailable origins.
ORS: 7230/30754 processed; 1466 requests; 5 unavailable origins.
ORS: 7235/30754 processed; 1467 requests; 5 unavailable origins.
ORS: 7240/30754 processed; 1468 requests; 5 unavailable origins.
ORS: 7245/30754 processed; 1469 requests; 5 unavailable origins.
ORS: 7250/30754 processed; 1470 requests; 5 unavailable origins.
ORS: 7255/30754 processed; 1471 requests; 5 unavailable origins.
ORS: 7260/30754 processed; 1472 requests; 5 unavailable origins.
ORS: 7265/30754 processed; 1473 requests; 5 unavailable origins.
ORS: 7270/30754 processed; 1474 requests; 5 unavailable origins.
ORS: 7275/30754 processed; 1475 requests; 5 unavailable origins.
ORS: 7280/30754 processed; 1476 requests; 5 unavailable origins.
ORS: 7285/30754 processed; 1477 requests; 5 unavailable origins.
ORS: 7290/30754 processed; 1478 requests; 5 unavailable origins.
ORS: 7295/30754 processed; 1479 requests; 5 unavailable origins.
ORS: 7300/30754 processed; 1480 requests; 5 unavailable origins.
ORS: 7305/30754 processed; 1481 requests; 5 unavailable origins.
ORS: 7310/30754 processed; 1482 requests; 5 unavailable origins.
ORS: 7315/30754 processed; 1483 requests; 5 unavailable origins.
ORS: 7320/30754 processed; 1484 requests; 5 unavailable origins.
ORS: 7325/30754 processed; 1485 requests; 5 unavailable origins.
ORS: 7330/30754 processed; 1486 requests; 5 unavailable origins.
ORS: 7335/30754 processed; 1487 requests; 5 unavailable origins.
ORS: 7340/30754 processed; 1488 requests; 5 unavailable origins.
ORS: 7345/30754 processed; 1489 requests; 5 unavailable origins.
ORS: 7350/30754 processed; 1490 requests; 5 unavailable origins.
ORS: 7355/30754 processed; 1491 requests; 5 unavailable origins.
ORS: 7360/30754 processed; 1492 requests; 5 unavailable origins.
ORS: 7365/30754 processed; 1493 requests; 5 unavailable origins.
ORS: 7370/30754 processed; 1494 requests; 5 unavailable origins.
ORS: 7375/30754 processed; 1495 requests; 5 unavailable origins.
ORS: 7380/30754 processed; 1496 requests; 5 unavailable origins.
ORS: 7385/30754 processed; 1497 requests; 5 unavailable origins.
ORS: 7390/30754 processed; 1498 requests; 5 unavailable origins.
ORS: 7395/30754 processed; 1499 requests; 5 unavailable origins.
ORS: 7400/30754 processed; 1500 requests; 5 unavailable origins.
ORS: 7405/30754 processed; 1501 requests; 5 unavailable origins.
ORS: 7410/30754 processed; 1502 requests; 5 unavailable origins.
ORS: 7415/30754 processed; 1503 requests; 5 unavailable origins.
ORS: 7420/30754 processed; 1504 requests; 5 unavailable origins.
ORS: 7425/30754 processed; 1505 requests; 5 unavailable origins.
ORS: 7430/30754 processed; 1506 requests; 5 unavailable origins.
ORS: 7435/30754 processed; 1507 requests; 5 unavailable origins.
ORS: 7440/30754 processed; 1508 requests; 5 unavailable origins.
ORS: 7445/30754 processed; 1509 requests; 5 unavailable origins.
ORS: 7450/30754 processed; 1510 requests; 5 unavailable origins.
ORS: 7455/30754 processed; 1511 requests; 5 unavailable origins.
ORS: 7460/30754 processed; 1512 requests; 5 unavailable origins.
ORS: 7465/30754 processed; 1513 requests; 5 unavailable origins.
ORS: 7470/30754 processed; 1514 requests; 5 unavailable origins.
ORS: 7475/30754 processed; 1515 requests; 5 unavailable origins.
ORS: 7480/30754 processed; 1516 requests; 5 unavailable origins.
ORS: 7485/30754 processed; 1517 requests; 5 unavailable origins.
ORS: 7490/30754 processed; 1518 requests; 5 unavailable origins.
ORS: 7495/30754 processed; 1519 requests; 5 unavailable origins.
ORS: 7500/30754 processed; 1520 requests; 5 unavailable origins.
ORS: 7505/30754 processed; 1521 requests; 5 unavailable origins.
ORS: 7510/30754 processed; 1522 requests; 5 unavailable origins.
ORS: 7515/30754 processed; 1523 requests; 5 unavailable origins.
ORS: 7520/30754 processed; 1524 requests; 5 unavailable origins.
ORS: 7525/30754 processed; 1525 requests; 5 unavailable origins.
ORS: 7530/30754 processed; 1526 requests; 5 unavailable origins.
ORS: 7535/30754 processed; 1527 requests; 5 unavailable origins.
ORS: 7540/30754 processed; 1528 requests; 5 unavailable origins.
ORS: 7545/30754 processed; 1529 requests; 5 unavailable origins.
ORS: 7550/30754 processed; 1530 requests; 5 unavailable origins.
ORS: 7555/30754 processed; 1531 requests; 5 unavailable origins.
ORS: 7560/30754 processed; 1532 requests; 5 unavailable origins.
ORS: 7565/30754 processed; 1533 requests; 5 unavailable origins.
ORS: 7570/30754 processed; 1534 requests; 5 unavailable origins.
ORS: 7575/30754 processed; 1535 requests; 5 unavailable origins.
ORS: 7580/30754 processed; 1536 requests; 5 unavailable origins.
ORS: 7585/30754 processed; 1537 requests; 5 unavailable origins.
ORS: 7590/30754 processed; 1538 requests; 5 unavailable origins.
ORS: 7595/30754 processed; 1539 requests; 5 unavailable origins.
ORS: 7600/30754 processed; 1540 requests; 5 unavailable origins.
ORS: 7605/30754 processed; 1541 requests; 5 unavailable origins.
ORS: 7610/30754 processed; 1542 requests; 5 unavailable origins.
ORS: 7615/30754 processed; 1543 requests; 5 unavailable origins.
ORS: 7620/30754 processed; 1544 requests; 5 unavailable origins.
ORS: 7625/30754 processed; 1545 requests; 5 unavailable origins.
ORS: 7630/30754 processed; 1546 requests; 5 unavailable origins.
ORS: 7635/30754 processed; 1547 requests; 5 unavailable origins.
ORS: 7640/30754 processed; 1548 requests; 5 unavailable origins.
ORS: 7645/30754 processed; 1549 requests; 5 unavailable origins.
ORS: 7650/30754 processed; 1550 requests; 5 unavailable origins.
ORS: 7655/30754 processed; 1551 requests; 5 unavailable origins.
ORS: 7660/30754 processed; 1552 requests; 5 unavailable origins.
ORS: 7665/30754 processed; 1553 requests; 5 unavailable origins.
ORS: 7670/30754 processed; 1554 requests; 5 unavailable origins.
ORS: 7675/30754 processed; 1555 requests; 5 unavailable origins.
ORS: 7680/30754 processed; 1556 requests; 5 unavailable origins.
ORS: 7685/30754 processed; 1557 requests; 5 unavailable origins.
ORS: 7690/30754 processed; 1558 requests; 5 unavailable origins.
ORS: 7695/30754 processed; 1559 requests; 5 unavailable origins.
ORS: 7700/30754 processed; 1560 requests; 5 unavailable origins.
ORS: 7705/30754 processed; 1561 requests; 5 unavailable origins.
ORS: 7710/30754 processed; 1562 requests; 5 unavailable origins.
ORS: 7715/30754 processed; 1563 requests; 5 unavailable origins.
ORS: 7720/30754 processed; 1564 requests; 5 unavailable origins.
ORS: 7725/30754 processed; 1565 requests; 5 unavailable origins.
ORS: 7730/30754 processed; 1566 requests; 5 unavailable origins.
ORS: 7735/30754 processed; 1567 requests; 5 unavailable origins.
ORS: 7740/30754 processed; 1568 requests; 5 unavailable origins.
ORS: 7745/30754 processed; 1569 requests; 5 unavailable origins.
ORS: 7750/30754 processed; 1570 requests; 5 unavailable origins.
ORS: 7755/30754 processed; 1571 requests; 5 unavailable origins.
ORS: 7760/30754 processed; 1572 requests; 5 unavailable origins.
ORS: 7765/30754 processed; 1573 requests; 5 unavailable origins.
ORS: 7770/30754 processed; 1574 requests; 5 unavailable origins.
ORS: 7775/30754 processed; 1575 requests; 5 unavailable origins.
ORS: 7780/30754 processed; 1576 requests; 5 unavailable origins.
ORS: 7785/30754 processed; 1577 requests; 5 unavailable origins.
ORS: 7790/30754 processed; 1578 requests; 5 unavailable origins.
ORS: 7795/30754 processed; 1579 requests; 5 unavailable origins.
ORS: 7800/30754 processed; 1580 requests; 5 unavailable origins.
ORS: 7805/30754 processed; 1581 requests; 5 unavailable origins.
ORS: 7810/30754 processed; 1582 requests; 5 unavailable origins.
ORS: 7815/30754 processed; 1583 requests; 5 unavailable origins.
ORS: 7820/30754 processed; 1584 requests; 5 unavailable origins.
ORS: 7825/30754 processed; 1585 requests; 5 unavailable origins.
ORS: 7830/30754 processed; 1586 requests; 5 unavailable origins.
ORS: 7835/30754 processed; 1587 requests; 5 unavailable origins.
ORS: 7840/30754 processed; 1588 requests; 5 unavailable origins.
ORS: 7845/30754 processed; 1589 requests; 5 unavailable origins.
ORS: 7850/30754 processed; 1590 requests; 5 unavailable origins.
ORS: 7855/30754 processed; 1591 requests; 5 unavailable origins.
ORS: 7860/30754 processed; 1592 requests; 5 unavailable origins.
ORS: 7865/30754 processed; 1593 requests; 5 unavailable origins.
ORS: 7870/30754 processed; 1594 requests; 5 unavailable origins.
ORS: 7875/30754 processed; 1595 requests; 5 unavailable origins.
ORS: 7880/30754 processed; 1596 requests; 5 unavailable origins.
ORS: 7885/30754 processed; 1597 requests; 5 unavailable origins.
ORS: 7890/30754 processed; 1598 requests; 5 unavailable origins.
ORS: 7895/30754 processed; 1599 requests; 5 unavailable origins.
ORS: 7900/30754 processed; 1600 requests; 5 unavailable origins.
ORS: 7905/30754 processed; 1601 requests; 5 unavailable origins.
ORS: 7910/30754 processed; 1602 requests; 5 unavailable origins.
ORS: 7915/30754 processed; 1603 requests; 5 unavailable origins.
ORS: 7920/30754 processed; 1604 requests; 5 unavailable origins.
ORS: 7925/30754 processed; 1605 requests; 5 unavailable origins.
ORS: 7930/30754 processed; 1606 requests; 5 unavailable origins.
ORS: 7935/30754 processed; 1607 requests; 5 unavailable origins.
ORS: 7940/30754 processed; 1608 requests; 5 unavailable origins.
ORS: 7945/30754 processed; 1609 requests; 5 unavailable origins.
ORS: 7950/30754 processed; 1610 requests; 5 unavailable origins.
ORS: 7955/30754 processed; 1611 requests; 5 unavailable origins.
ORS: 7960/30754 processed; 1612 requests; 5 unavailable origins.
ORS: 7965/30754 processed; 1613 requests; 5 unavailable origins.
ORS: 7970/30754 processed; 1614 requests; 5 unavailable origins.
ORS: 7975/30754 processed; 1615 requests; 5 unavailable origins.
ORS: 7980/30754 processed; 1616 requests; 5 unavailable origins.
ORS: 7985/30754 processed; 1617 requests; 5 unavailable origins.
ORS: 7990/30754 processed; 1618 requests; 5 unavailable origins.
ORS: 7995/30754 processed; 1619 requests; 5 unavailable origins.
ORS: 8000/30754 processed; 1620 requests; 5 unavailable origins.
ORS: 8005/30754 processed; 1621 requests; 5 unavailable origins.
ORS: 8010/30754 processed; 1622 requests; 5 unavailable origins.
ORS: 8015/30754 processed; 1623 requests; 5 unavailable origins.
ORS: 8020/30754 processed; 1624 requests; 5 unavailable origins.
ORS: 8025/30754 processed; 1625 requests; 5 unavailable origins.
ORS: 8030/30754 processed; 1626 requests; 5 unavailable origins.
ORS: 8035/30754 processed; 1627 requests; 5 unavailable origins.
ORS: 8040/30754 processed; 1628 requests; 5 unavailable origins.
ORS: 8045/30754 processed; 1629 requests; 5 unavailable origins.
ORS: 8050/30754 processed; 1630 requests; 5 unavailable origins.
ORS: 8055/30754 processed; 1631 requests; 5 unavailable origins.
ORS: 8060/30754 processed; 1632 requests; 5 unavailable origins.
ORS: 8065/30754 processed; 1633 requests; 5 unavailable origins.
ORS: 8070/30754 processed; 1634 requests; 5 unavailable origins.
ORS: 8075/30754 processed; 1635 requests; 5 unavailable origins.
ORS: 8080/30754 processed; 1636 requests; 5 unavailable origins.
ORS: 8085/30754 processed; 1637 requests; 5 unavailable origins.
ORS: 8090/30754 processed; 1638 requests; 5 unavailable origins.
ORS: 8095/30754 processed; 1639 requests; 5 unavailable origins.
ORS: 8100/30754 processed; 1640 requests; 5 unavailable origins.
ORS: 8105/30754 processed; 1641 requests; 5 unavailable origins.
ORS: 8110/30754 processed; 1642 requests; 5 unavailable origins.
ORS: 8115/30754 processed; 1643 requests; 5 unavailable origins.
ORS: 8120/30754 processed; 1644 requests; 5 unavailable origins.
ORS: 8125/30754 processed; 1645 requests; 5 unavailable origins.
ORS: 8130/30754 processed; 1646 requests; 5 unavailable origins.
ORS: 8135/30754 processed; 1647 requests; 5 unavailable origins.
ORS: 8140/30754 processed; 1648 requests; 5 unavailable origins.
ORS: 8145/30754 processed; 1649 requests; 5 unavailable origins.
ORS: 8150/30754 processed; 1650 requests; 5 unavailable origins.
ORS: 8155/30754 processed; 1651 requests; 5 unavailable origins.
ORS: 8160/30754 processed; 1652 requests; 5 unavailable origins.
ORS: 8165/30754 processed; 1653 requests; 5 unavailable origins.
ORS: 8170/30754 processed; 1654 requests; 5 unavailable origins.
ORS: 8175/30754 processed; 1655 requests; 5 unavailable origins.
ORS: 8180/30754 processed; 1656 requests; 5 unavailable origins.
ORS: 8185/30754 processed; 1657 requests; 5 unavailable origins.
ORS: 8190/30754 processed; 1658 requests; 5 unavailable origins.
ORS: 8195/30754 processed; 1659 requests; 5 unavailable origins.
ORS: 8200/30754 processed; 1660 requests; 5 unavailable origins.
ORS: 8205/30754 processed; 1661 requests; 5 unavailable origins.
ORS: 8210/30754 processed; 1662 requests; 5 unavailable origins.
ORS: 8215/30754 processed; 1663 requests; 5 unavailable origins.
ORS: 8220/30754 processed; 1664 requests; 5 unavailable origins.
ORS: 8225/30754 processed; 1665 requests; 5 unavailable origins.
ORS: 8230/30754 processed; 1666 requests; 5 unavailable origins.
ORS: 8235/30754 processed; 1667 requests; 5 unavailable origins.
ORS: 8240/30754 processed; 1668 requests; 5 unavailable origins.
ORS: 8245/30754 processed; 1669 requests; 5 unavailable origins.
ORS: 8250/30754 processed; 1670 requests; 5 unavailable origins.
ORS: 8255/30754 processed; 1671 requests; 5 unavailable origins.
ORS: 8260/30754 processed; 1672 requests; 5 unavailable origins.
ORS: 8265/30754 processed; 1673 requests; 5 unavailable origins.
ORS: 8270/30754 processed; 1674 requests; 5 unavailable origins.
ORS: 8275/30754 processed; 1675 requests; 5 unavailable origins.
ORS: 8280/30754 processed; 1676 requests; 5 unavailable origins.
ORS: 8285/30754 processed; 1677 requests; 5 unavailable origins.
ORS: 8290/30754 processed; 1678 requests; 5 unavailable origins.
ORS: 8295/30754 processed; 1679 requests; 5 unavailable origins.
ORS: 8300/30754 processed; 1680 requests; 5 unavailable origins.
ORS: 8305/30754 processed; 1681 requests; 5 unavailable origins.
ORS: 8310/30754 processed; 1682 requests; 5 unavailable origins.
ORS: 8315/30754 processed; 1683 requests; 5 unavailable origins.
ORS: 8320/30754 processed; 1684 requests; 5 unavailable origins.
ORS: 8325/30754 processed; 1685 requests; 5 unavailable origins.
ORS: 8330/30754 processed; 1686 requests; 5 unavailable origins.
ORS: 8335/30754 processed; 1687 requests; 5 unavailable origins.
ORS: 8340/30754 processed; 1688 requests; 5 unavailable origins.
ORS: 8345/30754 processed; 1689 requests; 5 unavailable origins.
ORS: 8350/30754 processed; 1690 requests; 5 unavailable origins.
ORS: 8355/30754 processed; 1691 requests; 5 unavailable origins.
ORS: 8360/30754 processed; 1692 requests; 5 unavailable origins.
ORS: 8365/30754 processed; 1693 requests; 5 unavailable origins.
ORS: 8370/30754 processed; 1694 requests; 5 unavailable origins.
ORS: 8375/30754 processed; 1695 requests; 5 unavailable origins.
ORS: 8380/30754 processed; 1696 requests; 5 unavailable origins.
ORS: 8385/30754 processed; 1697 requests; 5 unavailable origins.
ORS: 8390/30754 processed; 1698 requests; 5 unavailable origins.
ORS: 8395/30754 processed; 1699 requests; 5 unavailable origins.
ORS: 8400/30754 processed; 1700 requests; 5 unavailable origins.
ORS: 8405/30754 processed; 1701 requests; 5 unavailable origins.
ORS: 8410/30754 processed; 1702 requests; 5 unavailable origins.
ORS: 8415/30754 processed; 1703 requests; 5 unavailable origins.
ORS: 8420/30754 processed; 1704 requests; 5 unavailable origins.
ORS: 8425/30754 processed; 1705 requests; 5 unavailable origins.
ORS: 8430/30754 processed; 1706 requests; 5 unavailable origins.
ORS: 8435/30754 processed; 1707 requests; 5 unavailable origins.
ORS: 8440/30754 processed; 1708 requests; 5 unavailable origins.
ORS: 8445/30754 processed; 1709 requests; 5 unavailable origins.
ORS: 8450/30754 processed; 1710 requests; 5 unavailable origins.
ORS: 8455/30754 processed; 1711 requests; 5 unavailable origins.
ORS: 8460/30754 processed; 1712 requests; 5 unavailable origins.
ORS: 8465/30754 processed; 1713 requests; 5 unavailable origins.
ORS: 8470/30754 processed; 1714 requests; 5 unavailable origins.
ORS: 8475/30754 processed; 1715 requests; 5 unavailable origins.
ORS: 8480/30754 processed; 1716 requests; 5 unavailable origins.
ORS: 8485/30754 processed; 1717 requests; 5 unavailable origins.
ORS: 8490/30754 processed; 1718 requests; 5 unavailable origins.
ORS: 8495/30754 processed; 1719 requests; 5 unavailable origins.
ORS: 8500/30754 processed; 1720 requests; 5 unavailable origins.
ORS: 8505/30754 processed; 1721 requests; 5 unavailable origins.
ORS: 8510/30754 processed; 1722 requests; 5 unavailable origins.
ORS: 8515/30754 processed; 1723 requests; 5 unavailable origins.
ORS: 8520/30754 processed; 1724 requests; 5 unavailable origins.
ORS: 8525/30754 processed; 1725 requests; 5 unavailable origins.
ORS: 8530/30754 processed; 1726 requests; 5 unavailable origins.
ORS: 8535/30754 processed; 1727 requests; 5 unavailable origins.
ORS: 8540/30754 processed; 1728 requests; 5 unavailable origins.
ORS: 8545/30754 processed; 1729 requests; 5 unavailable origins.
ORS: 8550/30754 processed; 1730 requests; 5 unavailable origins.
ORS: 8555/30754 processed; 1731 requests; 5 unavailable origins.
ORS: 8560/30754 processed; 1732 requests; 5 unavailable origins.
ORS: 8565/30754 processed; 1733 requests; 5 unavailable origins.
ORS: 8570/30754 processed; 1734 requests; 5 unavailable origins.
ORS: 8575/30754 processed; 1735 requests; 5 unavailable origins.
ORS: 8580/30754 processed; 1736 requests; 5 unavailable origins.
ORS: 8585/30754 processed; 1737 requests; 5 unavailable origins.
ORS: 8590/30754 processed; 1738 requests; 5 unavailable origins.
ORS: 8595/30754 processed; 1739 requests; 5 unavailable origins.
ORS: 8600/30754 processed; 1740 requests; 5 unavailable origins.
ORS: 8605/30754 processed; 1741 requests; 5 unavailable origins.
ORS: 8610/30754 processed; 1742 requests; 5 unavailable origins.
ORS: 8615/30754 processed; 1743 requests; 5 unavailable origins.
ORS: 8620/30754 processed; 1744 requests; 5 unavailable origins.
ORS: 8625/30754 processed; 1745 requests; 5 unavailable origins.
ORS: 8630/30754 processed; 1746 requests; 5 unavailable origins.
ORS: 8635/30754 processed; 1747 requests; 5 unavailable origins.
ORS: 8640/30754 processed; 1748 requests; 5 unavailable origins.
ORS: 8645/30754 processed; 1749 requests; 5 unavailable origins.
ORS: 8650/30754 processed; 1750 requests; 5 unavailable origins.
ORS: 8655/30754 processed; 1751 requests; 5 unavailable origins.
ORS: 8660/30754 processed; 1752 requests; 5 unavailable origins.
ORS: 8665/30754 processed; 1753 requests; 5 unavailable origins.
ORS: 8670/30754 processed; 1754 requests; 5 unavailable origins.
ORS: 8675/30754 processed; 1755 requests; 5 unavailable origins.
ORS: 8680/30754 processed; 1756 requests; 5 unavailable origins.
ORS: 8685/30754 processed; 1757 requests; 5 unavailable origins.
ORS: 8690/30754 processed; 1758 requests; 5 unavailable origins.
ORS: 8695/30754 processed; 1759 requests; 5 unavailable origins.
ORS: 8700/30754 processed; 1760 requests; 5 unavailable origins.
ORS: 8705/30754 processed; 1761 requests; 5 unavailable origins.
ORS: 8710/30754 processed; 1762 requests; 5 unavailable origins.
ORS: 8715/30754 processed; 1763 requests; 5 unavailable origins.
ORS: 8720/30754 processed; 1764 requests; 5 unavailable origins.
ORS: 8725/30754 processed; 1765 requests; 5 unavailable origins.
ORS: 8730/30754 processed; 1766 requests; 5 unavailable origins.
ORS: 8735/30754 processed; 1767 requests; 5 unavailable origins.
ORS: 8740/30754 processed; 1768 requests; 5 unavailable origins.
ORS: 8745/30754 processed; 1769 requests; 5 unavailable origins.
ORS: 8750/30754 processed; 1770 requests; 5 unavailable origins.
ORS: 8755/30754 processed; 1771 requests; 5 unavailable origins.
ORS: 8760/30754 processed; 1772 requests; 5 unavailable origins.
ORS: 8765/30754 processed; 1773 requests; 5 unavailable origins.
ORS: 8770/30754 processed; 1774 requests; 5 unavailable origins.
ORS: 8775/30754 processed; 1775 requests; 5 unavailable origins.
ORS: 8780/30754 processed; 1776 requests; 5 unavailable origins.
ORS: 8785/30754 processed; 1777 requests; 5 unavailable origins.
ORS: 8790/30754 processed; 1778 requests; 5 unavailable origins.
ORS: 8795/30754 processed; 1779 requests; 5 unavailable origins.
ORS: 8800/30754 processed; 1780 requests; 5 unavailable origins.
ORS: 8805/30754 processed; 1781 requests; 5 unavailable origins.
ORS: 8810/30754 processed; 1782 requests; 5 unavailable origins.
ORS: 8815/30754 processed; 1783 requests; 5 unavailable origins.
ORS: 8820/30754 processed; 1784 requests; 5 unavailable origins.
ORS: 8825/30754 processed; 1785 requests; 5 unavailable origins.
ORS: 8830/30754 processed; 1786 requests; 5 unavailable origins.
ORS: 8835/30754 processed; 1787 requests; 5 unavailable origins.
ORS: 8840/30754 processed; 1788 requests; 5 unavailable origins.
ORS: 8845/30754 processed; 1789 requests; 5 unavailable origins.
ORS: 8850/30754 processed; 1790 requests; 5 unavailable origins.
ORS: 8855/30754 processed; 1791 requests; 5 unavailable origins.
ORS: 8860/30754 processed; 1792 requests; 5 unavailable origins.
ORS: 8865/30754 processed; 1793 requests; 5 unavailable origins.
ORS: 8870/30754 processed; 1794 requests; 5 unavailable origins.
ORS: 8875/30754 processed; 1795 requests; 5 unavailable origins.
ORS: 8880/30754 processed; 1796 requests; 5 unavailable origins.
ORS: 8885/30754 processed; 1797 requests; 5 unavailable origins.
ORS: 8890/30754 processed; 1798 requests; 5 unavailable origins.
ORS: 8895/30754 processed; 1799 requests; 5 unavailable origins.
ORS: 8900/30754 processed; 1800 requests; 5 unavailable origins.
ORS: 8905/30754 processed; 1801 requests; 5 unavailable origins.
ORS: 8910/30754 processed; 1802 requests; 5 unavailable origins.
ORS: 8915/30754 processed; 1803 requests; 5 unavailable origins.
ORS: 8920/30754 processed; 1804 requests; 5 unavailable origins.
ORS: 8925/30754 processed; 1805 requests; 5 unavailable origins.
ORS: 8930/30754 processed; 1806 requests; 5 unavailable origins.
ORS: 8935/30754 processed; 1807 requests; 5 unavailable origins.
ORS: 8940/30754 processed; 1808 requests; 5 unavailable origins.
ORS: 8945/30754 processed; 1809 requests; 5 unavailable origins.
ORS: 8950/30754 processed; 1810 requests; 5 unavailable origins.
ORS: 8955/30754 processed; 1811 requests; 5 unavailable origins.
ORS: 8960/30754 processed; 1812 requests; 5 unavailable origins.
ORS: 8965/30754 processed; 1813 requests; 5 unavailable origins.
ORS: 8970/30754 processed; 1814 requests; 5 unavailable origins.
ORS: 8975/30754 processed; 1815 requests; 5 unavailable origins.
ORS: 8980/30754 processed; 1816 requests; 5 unavailable origins.
ORS: 8985/30754 processed; 1817 requests; 5 unavailable origins.
ORS: 8990/30754 processed; 1818 requests; 5 unavailable origins.
ORS: 8995/30754 processed; 1819 requests; 5 unavailable origins.
ORS: 9000/30754 processed; 1820 requests; 5 unavailable origins.
ORS: 9005/30754 processed; 1821 requests; 5 unavailable origins.
ORS: 9010/30754 processed; 1822 requests; 5 unavailable origins.
ORS: 9015/30754 processed; 1823 requests; 5 unavailable origins.
ORS: 9020/30754 processed; 1824 requests; 5 unavailable origins.
ORS: 9025/30754 processed; 1825 requests; 5 unavailable origins.
ORS: 9030/30754 processed; 1826 requests; 5 unavailable origins.
ORS: 9035/30754 processed; 1827 requests; 5 unavailable origins.
ORS: 9040/30754 processed; 1828 requests; 5 unavailable origins.
ORS: 9045/30754 processed; 1829 requests; 5 unavailable origins.
ORS: 9050/30754 processed; 1830 requests; 5 unavailable origins.
ORS: 9055/30754 processed; 1831 requests; 5 unavailable origins.
ORS: 9060/30754 processed; 1832 requests; 5 unavailable origins.
ORS: 9065/30754 processed; 1833 requests; 5 unavailable origins.
ORS: 9070/30754 processed; 1834 requests; 5 unavailable origins.
ORS: 9075/30754 processed; 1835 requests; 5 unavailable origins.
ORS: 9080/30754 processed; 1836 requests; 5 unavailable origins.
ORS: 9085/30754 processed; 1837 requests; 5 unavailable origins.
ORS: 9090/30754 processed; 1838 requests; 5 unavailable origins.
ORS: 9095/30754 processed; 1839 requests; 5 unavailable origins.
ORS: 9100/30754 processed; 1840 requests; 5 unavailable origins.
ORS: 9105/30754 processed; 1841 requests; 5 unavailable origins.
ORS: 9110/30754 processed; 1842 requests; 5 unavailable origins.
ORS: 9115/30754 processed; 1843 requests; 5 unavailable origins.
ORS: 9120/30754 processed; 1844 requests; 5 unavailable origins.
ORS: 9125/30754 processed; 1845 requests; 5 unavailable origins.
ORS: 9130/30754 processed; 1846 requests; 5 unavailable origins.
ORS: 9135/30754 processed; 1847 requests; 5 unavailable origins.
ORS: 9140/30754 processed; 1848 requests; 5 unavailable origins.
ORS: 9145/30754 processed; 1849 requests; 5 unavailable origins.
ORS: 9150/30754 processed; 1850 requests; 5 unavailable origins.
ORS: 9155/30754 processed; 1851 requests; 5 unavailable origins.
ORS: 9160/30754 processed; 1852 requests; 5 unavailable origins.
ORS: 9165/30754 processed; 1853 requests; 5 unavailable origins.
ORS: 9170/30754 processed; 1854 requests; 5 unavailable origins.
ORS: 9175/30754 processed; 1855 requests; 5 unavailable origins.
ORS: 9180/30754 processed; 1856 requests; 5 unavailable origins.
ORS: 9185/30754 processed; 1857 requests; 5 unavailable origins.
ORS: 9190/30754 processed; 1858 requests; 5 unavailable origins.
ORS: 9195/30754 processed; 1859 requests; 5 unavailable origins.
ORS: 9200/30754 processed; 1860 requests; 5 unavailable origins.
ORS: 9205/30754 processed; 1861 requests; 5 unavailable origins.
ORS: 9210/30754 processed; 1862 requests; 5 unavailable origins.
ORS: 9215/30754 processed; 1863 requests; 5 unavailable origins.
ORS: 9220/30754 processed; 1864 requests; 5 unavailable origins.
ORS: 9225/30754 processed; 1865 requests; 5 unavailable origins.
ORS: 9230/30754 processed; 1866 requests; 5 unavailable origins.
ORS: 9235/30754 processed; 1867 requests; 5 unavailable origins.
ORS: 9240/30754 processed; 1868 requests; 5 unavailable origins.
ORS: 9245/30754 processed; 1869 requests; 5 unavailable origins.
ORS: 9250/30754 processed; 1870 requests; 5 unavailable origins.
ORS: 9255/30754 processed; 1871 requests; 5 unavailable origins.
ORS: 9260/30754 processed; 1872 requests; 5 unavailable origins.
ORS: 9265/30754 processed; 1873 requests; 5 unavailable origins.
ORS: 9270/30754 processed; 1874 requests; 5 unavailable origins.
ORS: 9275/30754 processed; 1875 requests; 5 unavailable origins.
ORS: 9280/30754 processed; 1876 requests; 5 unavailable origins.
ORS: 9285/30754 processed; 1877 requests; 5 unavailable origins.
ORS: 9290/30754 processed; 1878 requests; 5 unavailable origins.
ORS: 9295/30754 processed; 1879 requests; 5 unavailable origins.
ORS: 9300/30754 processed; 1880 requests; 5 unavailable origins.
ORS: 9305/30754 processed; 1881 requests; 5 unavailable origins.
ORS: 9310/30754 processed; 1882 requests; 5 unavailable origins.
ORS: 9315/30754 processed; 1883 requests; 5 unavailable origins.
ORS: 9320/30754 processed; 1884 requests; 5 unavailable origins.
ORS: 9325/30754 processed; 1885 requests; 5 unavailable origins.
ORS: 9330/30754 processed; 1886 requests; 5 unavailable origins.
ORS: 9335/30754 processed; 1887 requests; 5 unavailable origins.
ORS: 9340/30754 processed; 1888 requests; 5 unavailable origins.
ORS: 9345/30754 processed; 1889 requests; 5 unavailable origins.
ORS: 9350/30754 processed; 1890 requests; 5 unavailable origins.
ORS: 9355/30754 processed; 1891 requests; 5 unavailable origins.
ORS: 9360/30754 processed; 1892 requests; 5 unavailable origins.
ORS: 9365/30754 processed; 1893 requests; 5 unavailable origins.
ORS: 9370/30754 processed; 1894 requests; 5 unavailable origins.
ORS: 9375/30754 processed; 1895 requests; 5 unavailable origins.
ORS: 9380/30754 processed; 1896 requests; 5 unavailable origins.
ORS: 9385/30754 processed; 1897 requests; 5 unavailable origins.
ORS: 9390/30754 processed; 1898 requests; 5 unavailable origins.
ORS: 9395/30754 processed; 1899 requests; 5 unavailable origins.
ORS: 9400/30754 processed; 1900 requests; 5 unavailable origins.
ORS: 9405/30754 processed; 1901 requests; 5 unavailable origins.
ORS: 9410/30754 processed; 1902 requests; 5 unavailable origins.
ORS: 9415/30754 processed; 1903 requests; 5 unavailable origins.
ORS: 9420/30754 processed; 1904 requests; 5 unavailable origins.
ORS: 9425/30754 processed; 1905 requests; 5 unavailable origins.
ORS: 9430/30754 processed; 1906 requests; 5 unavailable origins.
ORS: 9435/30754 processed; 1907 requests; 5 unavailable origins.
ORS: 9440/30754 processed; 1908 requests; 5 unavailable origins.
ORS: 9445/30754 processed; 1909 requests; 5 unavailable origins.
ORS: 9450/30754 processed; 1910 requests; 5 unavailable origins.
ORS: 9455/30754 processed; 1911 requests; 5 unavailable origins.
ORS: 9460/30754 processed; 1912 requests; 5 unavailable origins.
ORS: 9465/30754 processed; 1913 requests; 5 unavailable origins.
ORS: 9470/30754 processed; 1914 requests; 5 unavailable origins.
ORS: 9475/30754 processed; 1915 requests; 5 unavailable origins.
ORS: 9480/30754 processed; 1916 requests; 5 unavailable origins.
ORS: 9485/30754 processed; 1917 requests; 5 unavailable origins.
ORS: 9490/30754 processed; 1918 requests; 5 unavailable origins.
ORS: 9495/30754 processed; 1919 requests; 5 unavailable origins.
ORS: 9500/30754 processed; 1920 requests; 5 unavailable origins.
ORS: 9505/30754 processed; 1921 requests; 5 unavailable origins.
ORS: 9510/30754 processed; 1922 requests; 5 unavailable origins.
ORS: 9515/30754 processed; 1923 requests; 5 unavailable origins.
ORS: 9520/30754 processed; 1924 requests; 5 unavailable origins.
ORS: 9525/30754 processed; 1925 requests; 5 unavailable origins.
ORS: 9530/30754 processed; 1926 requests; 5 unavailable origins.
ORS: 9535/30754 processed; 1927 requests; 5 unavailable origins.
ORS: 9540/30754 processed; 1928 requests; 5 unavailable origins.
ORS: 9545/30754 processed; 1929 requests; 5 unavailable origins.
ORS: 9550/30754 processed; 1930 requests; 5 unavailable origins.
ORS: 9555/30754 processed; 1931 requests; 5 unavailable origins.
ORS: 9560/30754 processed; 1932 requests; 5 unavailable origins.
ORS: 9565/30754 processed; 1933 requests; 5 unavailable origins.
ORS: 9570/30754 processed; 1934 requests; 5 unavailable origins.
ORS: 9575/30754 processed; 1935 requests; 5 unavailable origins.
ORS: 9580/30754 processed; 1936 requests; 5 unavailable origins.
ORS: 9585/30754 processed; 1937 requests; 5 unavailable origins.
ORS: 9590/30754 processed; 1938 requests; 5 unavailable origins.
ORS: 9595/30754 processed; 1939 requests; 5 unavailable origins.
ORS: 9600/30754 processed; 1940 requests; 5 unavailable origins.
ORS: 9605/30754 processed; 1941 requests; 5 unavailable origins.
ORS: 9610/30754 processed; 1942 requests; 5 unavailable origins.
ORS: 9615/30754 processed; 1943 requests; 5 unavailable origins.
ORS: 9620/30754 processed; 1944 requests; 5 unavailable origins.
ORS: 9625/30754 processed; 1945 requests; 5 unavailable origins.
ORS: 9630/30754 processed; 1946 requests; 5 unavailable origins.
ORS: 9635/30754 processed; 1947 requests; 5 unavailable origins.
ORS: 9640/30754 processed; 1948 requests; 5 unavailable origins.
ORS: 9645/30754 processed; 1949 requests; 5 unavailable origins.
ORS: 9650/30754 processed; 1950 requests; 5 unavailable origins.
ORS: 9655/30754 processed; 1951 requests; 5 unavailable origins.
ORS: 9660/30754 processed; 1952 requests; 5 unavailable origins.
ORS: 9665/30754 processed; 1953 requests; 5 unavailable origins.
ORS: 9670/30754 processed; 1954 requests; 5 unavailable origins.
ORS: 9675/30754 processed; 1955 requests; 5 unavailable origins.
ORS: 9680/30754 processed; 1956 requests; 5 unavailable origins.
ORS: 9685/30754 processed; 1957 requests; 5 unavailable origins.
ORS: 9690/30754 processed; 1958 requests; 5 unavailable origins.
ORS: 9695/30754 processed; 1959 requests; 5 unavailable origins.
ORS: 9700/30754 processed; 1960 requests; 5 unavailable origins.
ORS: 9705/30754 processed; 1961 requests; 5 unavailable origins.
ORS: 9710/30754 processed; 1962 requests; 5 unavailable origins.
ORS: 9715/30754 processed; 1963 requests; 5 unavailable origins.
ORS: 9720/30754 processed; 1964 requests; 5 unavailable origins.
ORS: 9725/30754 processed; 1965 requests; 5 unavailable origins.
ORS: 9730/30754 processed; 1966 requests; 5 unavailable origins.
ORS: 9735/30754 processed; 1967 requests; 5 unavailable origins.
ORS: 9740/30754 processed; 1968 requests; 5 unavailable origins.
ORS: 9745/30754 processed; 1969 requests; 5 unavailable origins.
ORS: 9750/30754 processed; 1970 requests; 5 unavailable origins.
ORS: 9755/30754 processed; 1971 requests; 5 unavailable origins.
ORS: 9760/30754 processed; 1972 requests; 5 unavailable origins.
ORS: 9765/30754 processed; 1973 requests; 5 unavailable origins.
ORS: 9770/30754 processed; 1974 requests; 5 unavailable origins.
ORS: 9775/30754 processed; 1975 requests; 5 unavailable origins.
ORS: 9780/30754 processed; 1976 requests; 5 unavailable origins.
ORS: 9785/30754 processed; 1977 requests; 5 unavailable origins.
ORS: 9790/30754 processed; 1978 requests; 5 unavailable origins.
ORS: 9795/30754 processed; 1979 requests; 5 unavailable origins.
ORS: 9800/30754 processed; 1980 requests; 5 unavailable origins.
ORS: 9805/30754 processed; 1981 requests; 5 unavailable origins.
ORS: 9810/30754 processed; 1982 requests; 5 unavailable origins.
ORS: 9815/30754 processed; 1983 requests; 5 unavailable origins.
ORS: 9820/30754 processed; 1984 requests; 5 unavailable origins.
ORS: 9825/30754 processed; 1985 requests; 5 unavailable origins.
ORS: 9830/30754 processed; 1986 requests; 5 unavailable origins.
ORS: 9835/30754 processed; 1987 requests; 5 unavailable origins.
ORS: 9840/30754 processed; 1988 requests; 5 unavailable origins.
ORS: 9845/30754 processed; 1989 requests; 5 unavailable origins.
ORS: 9850/30754 processed; 1990 requests; 5 unavailable origins.
ORS: 9855/30754 processed; 1991 requests; 5 unavailable origins.
ORS: 9860/30754 processed; 1992 requests; 5 unavailable origins.
ORS: 9865/30754 processed; 1993 requests; 5 unavailable origins.
ORS: 9870/30754 processed; 1994 requests; 5 unavailable origins.
ORS: 9875/30754 processed; 1995 requests; 5 unavailable origins.
ORS: 9880/30754 processed; 1996 requests; 5 unavailable origins.
ORS: 9885/30754 processed; 1997 requests; 5 unavailable origins.
ORS: 9890/30754 processed; 1998 requests; 5 unavailable origins.
ORS: 9895/30754 processed; 1999 requests; 5 unavailable origins.
ORS: 9900/30754 processed; 2000 requests; 5 unavailable origins.
ORS: 9905/30754 processed; 2001 requests; 5 unavailable origins.
ORS: 9910/30754 processed; 2002 requests; 5 unavailable origins.
ORS: 9915/30754 processed; 2003 requests; 5 unavailable origins.
ORS: 9920/30754 processed; 2004 requests; 5 unavailable origins.
ORS: 9925/30754 processed; 2005 requests; 5 unavailable origins.
ORS: 9930/30754 processed; 2006 requests; 5 unavailable origins.
ORS: 9935/30754 processed; 2007 requests; 5 unavailable origins.
ORS: 9940/30754 processed; 2008 requests; 5 unavailable origins.
ORS: 9945/30754 processed; 2009 requests; 5 unavailable origins.
ORS: 9950/30754 processed; 2010 requests; 5 unavailable origins.
ORS: 9955/30754 processed; 2011 requests; 5 unavailable origins.
ORS: 9960/30754 processed; 2012 requests; 5 unavailable origins.
ORS: 9965/30754 processed; 2013 requests; 5 unavailable origins.
ORS: 9970/30754 processed; 2014 requests; 5 unavailable origins.
ORS: 9975/30754 processed; 2015 requests; 5 unavailable origins.
ORS: 9980/30754 processed; 2016 requests; 5 unavailable origins.
ORS: 9985/30754 processed; 2017 requests; 5 unavailable origins.
ORS: 9990/30754 processed; 2018 requests; 5 unavailable origins.
ORS: 9995/30754 processed; 2019 requests; 5 unavailable origins.
ORS: 10000/30754 processed; 2020 requests; 5 unavailable origins.
ORS: 10005/30754 processed; 2021 requests; 5 unavailable origins.
ORS: 10010/30754 processed; 2022 requests; 5 unavailable origins.
ORS: 10015/30754 processed; 2023 requests; 5 unavailable origins.
ORS: 10020/30754 processed; 2024 requests; 5 unavailable origins.
ORS: 10025/30754 processed; 2025 requests; 5 unavailable origins.
ORS: 10030/30754 processed; 2026 requests; 5 unavailable origins.
ORS: 10035/30754 processed; 2027 requests; 5 unavailable origins.
ORS: 10040/30754 processed; 2028 requests; 5 unavailable origins.
ORS: 10045/30754 processed; 2029 requests; 5 unavailable origins.
ORS: 10050/30754 processed; 2030 requests; 5 unavailable origins.
ORS: 10055/30754 processed; 2031 requests; 5 unavailable origins.
ORS: 10060/30754 processed; 2032 requests; 5 unavailable origins.
ORS: 10065/30754 processed; 2033 requests; 5 unavailable origins.
ORS: 10070/30754 processed; 2034 requests; 5 unavailable origins.
ORS: 10075/30754 processed; 2035 requests; 5 unavailable origins.
ORS: 10080/30754 processed; 2036 requests; 5 unavailable origins.
ORS: 10085/30754 processed; 2037 requests; 5 unavailable origins.
ORS: 10090/30754 processed; 2038 requests; 5 unavailable origins.
ORS: 10095/30754 processed; 2039 requests; 5 unavailable origins.
ORS: 10100/30754 processed; 2040 requests; 5 unavailable origins.
ORS: 10105/30754 processed; 2041 requests; 5 unavailable origins.
ORS: 10110/30754 processed; 2042 requests; 5 unavailable origins.
ORS: 10115/30754 processed; 2043 requests; 5 unavailable origins.
ORS: 10120/30754 processed; 2044 requests; 5 unavailable origins.
ORS: 10125/30754 processed; 2045 requests; 5 unavailable origins.
ORS: 10130/30754 processed; 2046 requests; 5 unavailable origins.
ORS: 10135/30754 processed; 2047 requests; 5 unavailable origins.
ORS: 10140/30754 processed; 2048 requests; 5 unavailable origins.
ORS: 10145/30754 processed; 2049 requests; 5 unavailable origins.
ORS: 10150/30754 processed; 2050 requests; 5 unavailable origins.
ORS: 10155/30754 processed; 2051 requests; 5 unavailable origins.
ORS: 10160/30754 processed; 2052 requests; 5 unavailable origins.
ORS: 10165/30754 processed; 2053 requests; 5 unavailable origins.
ORS: 10170/30754 processed; 2054 requests; 5 unavailable origins.
ORS: 10175/30754 processed; 2055 requests; 5 unavailable origins.
ORS: 10180/30754 processed; 2056 requests; 5 unavailable origins.
ORS: 10185/30754 processed; 2057 requests; 5 unavailable origins.
ORS: 10190/30754 processed; 2058 requests; 5 unavailable origins.
ORS: 10195/30754 processed; 2059 requests; 5 unavailable origins.
ORS: 10200/30754 processed; 2060 requests; 5 unavailable origins.
ORS: 10205/30754 processed; 2061 requests; 5 unavailable origins.
ORS: 10210/30754 processed; 2062 requests; 5 unavailable origins.
ORS: 10215/30754 processed; 2063 requests; 5 unavailable origins.
ORS: 10220/30754 processed; 2064 requests; 5 unavailable origins.
ORS: 10225/30754 processed; 2065 requests; 5 unavailable origins.
ORS: 10230/30754 processed; 2066 requests; 5 unavailable origins.
ORS: 10235/30754 processed; 2067 requests; 5 unavailable origins.
ORS: 10240/30754 processed; 2068 requests; 5 unavailable origins.
ORS: 10245/30754 processed; 2069 requests; 5 unavailable origins.
ORS: 10250/30754 processed; 2070 requests; 5 unavailable origins.
ORS: 10255/30754 processed; 2071 requests; 5 unavailable origins.
ORS: 10260/30754 processed; 2072 requests; 5 unavailable origins.
ORS: 10265/30754 processed; 2073 requests; 5 unavailable origins.
ORS: 10270/30754 processed; 2074 requests; 5 unavailable origins.
ORS: 10275/30754 processed; 2075 requests; 5 unavailable origins.
ORS: 10280/30754 processed; 2076 requests; 5 unavailable origins.
ORS: 10285/30754 processed; 2077 requests; 5 unavailable origins.
ORS: 10290/30754 processed; 2078 requests; 5 unavailable origins.
ORS: 10295/30754 processed; 2079 requests; 5 unavailable origins.
ORS: 10300/30754 processed; 2080 requests; 5 unavailable origins.
ORS: 10305/30754 processed; 2081 requests; 5 unavailable origins.
ORS: 10310/30754 processed; 2082 requests; 5 unavailable origins.
ORS: 10315/30754 processed; 2083 requests; 5 unavailable origins.
ORS: 10320/30754 processed; 2084 requests; 5 unavailable origins.
ORS: 10325/30754 processed; 2085 requests; 5 unavailable origins.
ORS: 10330/30754 processed; 2086 requests; 5 unavailable origins.
ORS: 10335/30754 processed; 2087 requests; 5 unavailable origins.
ORS: 10340/30754 processed; 2088 requests; 5 unavailable origins.
ORS: 10345/30754 processed; 2089 requests; 5 unavailable origins.
ORS: 10350/30754 processed; 2090 requests; 5 unavailable origins.
ORS: 10355/30754 processed; 2091 requests; 5 unavailable origins.
ORS: 10360/30754 processed; 2092 requests; 5 unavailable origins.
ORS: 10365/30754 processed; 2093 requests; 5 unavailable origins.
ORS: 10370/30754 processed; 2094 requests; 5 unavailable origins.
ORS: 10375/30754 processed; 2095 requests; 5 unavailable origins.
ORS: 10380/30754 processed; 2096 requests; 5 unavailable origins.
ORS: 10385/30754 processed; 2097 requests; 5 unavailable origins.
ORS: 10390/30754 processed; 2098 requests; 5 unavailable origins.
ORS: 10395/30754 processed; 2099 requests; 5 unavailable origins.
ORS: 10400/30754 processed; 2100 requests; 5 unavailable origins.
ORS: 10405/30754 processed; 2101 requests; 5 unavailable origins.
ORS: 10410/30754 processed; 2102 requests; 5 unavailable origins.
ORS: 10415/30754 processed; 2103 requests; 5 unavailable origins.
ORS: 10420/30754 processed; 2104 requests; 5 unavailable origins.
ORS: 10425/30754 processed; 2105 requests; 5 unavailable origins.
ORS: 10430/30754 processed; 2106 requests; 5 unavailable origins.
ORS: 10435/30754 processed; 2107 requests; 5 unavailable origins.
ORS: 10440/30754 processed; 2108 requests; 5 unavailable origins.
ORS: 10445/30754 processed; 2109 requests; 5 unavailable origins.
ORS: 10450/30754 processed; 2110 requests; 5 unavailable origins.
ORS: 10455/30754 processed; 2111 requests; 5 unavailable origins.
ORS: 10460/30754 processed; 2112 requests; 5 unavailable origins.
ORS: 10465/30754 processed; 2113 requests; 5 unavailable origins.
ORS: 10470/30754 processed; 2114 requests; 5 unavailable origins.
ORS: 10475/30754 processed; 2115 requests; 5 unavailable origins.
ORS: 10480/30754 processed; 2116 requests; 5 unavailable origins.
ORS: 10485/30754 processed; 2117 requests; 5 unavailable origins.
ORS: 10490/30754 processed; 2118 requests; 5 unavailable origins.
ORS: 10495/30754 processed; 2119 requests; 5 unavailable origins.
ORS: 10500/30754 processed; 2120 requests; 5 unavailable origins.
ORS: 10505/30754 processed; 2121 requests; 5 unavailable origins.
ORS: 10510/30754 processed; 2122 requests; 5 unavailable origins.
ORS: 10515/30754 processed; 2123 requests; 5 unavailable origins.
ORS: 10520/30754 processed; 2124 requests; 5 unavailable origins.
ORS: 10525/30754 processed; 2125 requests; 5 unavailable origins.
ORS: 10530/30754 processed; 2126 requests; 5 unavailable origins.
ORS: 10535/30754 processed; 2127 requests; 5 unavailable origins.
ORS: 10540/30754 processed; 2128 requests; 5 unavailable origins.
ORS: 10545/30754 processed; 2129 requests; 5 unavailable origins.
ORS: 10550/30754 processed; 2130 requests; 5 unavailable origins.
ORS: 10555/30754 processed; 2131 requests; 5 unavailable origins.
ORS: 10560/30754 processed; 2132 requests; 5 unavailable origins.
ORS: 10565/30754 processed; 2133 requests; 5 unavailable origins.
ORS: 10570/30754 processed; 2134 requests; 5 unavailable origins.
ORS: 10575/30754 processed; 2135 requests; 5 unavailable origins.
ORS: 10580/30754 processed; 2136 requests; 5 unavailable origins.
ORS: 10585/30754 processed; 2137 requests; 5 unavailable origins.
ORS: 10590/30754 processed; 2138 requests; 5 unavailable origins.
ORS: 10595/30754 processed; 2139 requests; 5 unavailable origins.
ORS: 10600/30754 processed; 2140 requests; 5 unavailable origins.
ORS: 10605/30754 processed; 2141 requests; 5 unavailable origins.
ORS: 10610/30754 processed; 2142 requests; 5 unavailable origins.
ORS: 10615/30754 processed; 2143 requests; 5 unavailable origins.
ORS: 10620/30754 processed; 2144 requests; 5 unavailable origins.
ORS: 10625/30754 processed; 2145 requests; 5 unavailable origins.
ORS: 10630/30754 processed; 2146 requests; 5 unavailable origins.
ORS: 10635/30754 processed; 2147 requests; 5 unavailable origins.
ORS: 10640/30754 processed; 2148 requests; 5 unavailable origins.
ORS: 10645/30754 processed; 2149 requests; 5 unavailable origins.
ORS: 10650/30754 processed; 2150 requests; 5 unavailable origins.
ORS: 10655/30754 processed; 2151 requests; 5 unavailable origins.
ORS: 10660/30754 processed; 2152 requests; 5 unavailable origins.
ORS: 10665/30754 processed; 2153 requests; 5 unavailable origins.
ORS: 10670/30754 processed; 2154 requests; 5 unavailable origins.
ORS: 10675/30754 processed; 2155 requests; 5 unavailable origins.
ORS: 10680/30754 processed; 2156 requests; 5 unavailable origins.
ORS: 10685/30754 processed; 2157 requests; 5 unavailable origins.
ORS: 10690/30754 processed; 2158 requests; 5 unavailable origins.
ORS: 10695/30754 processed; 2159 requests; 5 unavailable origins.
ORS: 10700/30754 processed; 2160 requests; 5 unavailable origins.
ORS: 10705/30754 processed; 2161 requests; 5 unavailable origins.
ORS: 10710/30754 processed; 2162 requests; 5 unavailable origins.
ORS: 10715/30754 processed; 2163 requests; 5 unavailable origins.
ORS: 10720/30754 processed; 2164 requests; 5 unavailable origins.
ORS: 10725/30754 processed; 2165 requests; 5 unavailable origins.
ORS: 10730/30754 processed; 2166 requests; 5 unavailable origins.
ORS: 10735/30754 processed; 2167 requests; 5 unavailable origins.
ORS: 10740/30754 processed; 2168 requests; 5 unavailable origins.
ORS: 10745/30754 processed; 2169 requests; 5 unavailable origins.
ORS: 10750/30754 processed; 2170 requests; 5 unavailable origins.
ORS: 10755/30754 processed; 2171 requests; 5 unavailable origins.
ORS: 10760/30754 processed; 2172 requests; 5 unavailable origins.
ORS: 10765/30754 processed; 2173 requests; 5 unavailable origins.
ORS: 10770/30754 processed; 2174 requests; 5 unavailable origins.
ORS: 10775/30754 processed; 2175 requests; 5 unavailable origins.
ORS: 10780/30754 processed; 2176 requests; 5 unavailable origins.
ORS: 10785/30754 processed; 2177 requests; 5 unavailable origins.
ORS: 10790/30754 processed; 2178 requests; 5 unavailable origins.
ORS: 10795/30754 processed; 2179 requests; 5 unavailable origins.
ORS: 10800/30754 processed; 2180 requests; 5 unavailable origins.
ORS: 10805/30754 processed; 2181 requests; 5 unavailable origins.
ORS: 10810/30754 processed; 2182 requests; 5 unavailable origins.
ORS: 10815/30754 processed; 2183 requests; 5 unavailable origins.
ORS: 10820/30754 processed; 2184 requests; 5 unavailable origins.
ORS: 10825/30754 processed; 2185 requests; 5 unavailable origins.
ORS: 10830/30754 processed; 2186 requests; 5 unavailable origins.
ORS: 10835/30754 processed; 2187 requests; 5 unavailable origins.
ORS: 10840/30754 processed; 2188 requests; 5 unavailable origins.
ORS: 10845/30754 processed; 2189 requests; 5 unavailable origins.
ORS: 10850/30754 processed; 2190 requests; 5 unavailable origins.
ORS: 10855/30754 processed; 2191 requests; 5 unavailable origins.
ORS: 10860/30754 processed; 2192 requests; 5 unavailable origins.
ORS: 10865/30754 processed; 2193 requests; 5 unavailable origins.
ORS: 10870/30754 processed; 2194 requests; 5 unavailable origins.
ORS: 10875/30754 processed; 2195 requests; 5 unavailable origins.
ORS: 10880/30754 processed; 2196 requests; 5 unavailable origins.
ORS: 10885/30754 processed; 2197 requests; 5 unavailable origins.
ORS: 10890/30754 processed; 2198 requests; 5 unavailable origins.
ORS: 10895/30754 processed; 2199 requests; 5 unavailable origins.
ORS: 10900/30754 processed; 2200 requests; 5 unavailable origins.
ORS: 10905/30754 processed; 2201 requests; 5 unavailable origins.
ORS: 10910/30754 processed; 2202 requests; 5 unavailable origins.
ORS: 10915/30754 processed; 2203 requests; 5 unavailable origins.
ORS: 10920/30754 processed; 2204 requests; 5 unavailable origins.
ORS: 10925/30754 processed; 2205 requests; 5 unavailable origins.
ORS: 10930/30754 processed; 2206 requests; 5 unavailable origins.
ORS: 10935/30754 processed; 2207 requests; 5 unavailable origins.
ORS: 10940/30754 processed; 2208 requests; 5 unavailable origins.
ORS: 10945/30754 processed; 2209 requests; 5 unavailable origins.
ORS: 10950/30754 processed; 2210 requests; 5 unavailable origins.
ORS: 10955/30754 processed; 2211 requests; 5 unavailable origins.
ORS: 10960/30754 processed; 2212 requests; 5 unavailable origins.
ORS: 10965/30754 processed; 2213 requests; 5 unavailable origins.
ORS: 10970/30754 processed; 2214 requests; 5 unavailable origins.
ORS: 10975/30754 processed; 2215 requests; 5 unavailable origins.
ORS: 10980/30754 processed; 2216 requests; 5 unavailable origins.
ORS: 10985/30754 processed; 2217 requests; 5 unavailable origins.
ORS: 10990/30754 processed; 2218 requests; 5 unavailable origins.
ORS: 10995/30754 processed; 2219 requests; 5 unavailable origins.
ORS: 11000/30754 processed; 2220 requests; 5 unavailable origins.
ORS: 11005/30754 processed; 2221 requests; 5 unavailable origins.
ORS: 11010/30754 processed; 2222 requests; 5 unavailable origins.
ORS: 11015/30754 processed; 2223 requests; 5 unavailable origins.
ORS: 11020/30754 processed; 2224 requests; 5 unavailable origins.
ORS: 11025/30754 processed; 2225 requests; 5 unavailable origins.
ORS: 11030/30754 processed; 2226 requests; 5 unavailable origins.
ORS: 11035/30754 processed; 2227 requests; 5 unavailable origins.
ORS: 11040/30754 processed; 2228 requests; 5 unavailable origins.
ORS: 11045/30754 processed; 2229 requests; 5 unavailable origins.
ORS: 11050/30754 processed; 2230 requests; 5 unavailable origins.
ORS: 11055/30754 processed; 2231 requests; 5 unavailable origins.
ORS: 11060/30754 processed; 2232 requests; 5 unavailable origins.
ORS: 11065/30754 processed; 2233 requests; 5 unavailable origins.
ORS: 11070/30754 processed; 2234 requests; 5 unavailable origins.
ORS: 11075/30754 processed; 2235 requests; 5 unavailable origins.
ORS: 11080/30754 processed; 2236 requests; 5 unavailable origins.
ORS: 11085/30754 processed; 2237 requests; 5 unavailable origins.
ORS: 11090/30754 processed; 2238 requests; 5 unavailable origins.
ORS: 11095/30754 processed; 2239 requests; 5 unavailable origins.
ORS: 11100/30754 processed; 2240 requests; 5 unavailable origins.
ORS: 11105/30754 processed; 2241 requests; 5 unavailable origins.
ORS: 11110/30754 processed; 2242 requests; 5 unavailable origins.
ORS: 11115/30754 processed; 2243 requests; 5 unavailable origins.
ORS: 11120/30754 processed; 2244 requests; 5 unavailable origins.
ORS: 11125/30754 processed; 2245 requests; 5 unavailable origins.
ORS: 11130/30754 processed; 2246 requests; 5 unavailable origins.
ORS: 11135/30754 processed; 2247 requests; 5 unavailable origins.
ORS: 11140/30754 processed; 2248 requests; 5 unavailable origins.
ORS: 11145/30754 processed; 2249 requests; 5 unavailable origins.
ORS: 11150/30754 processed; 2250 requests; 5 unavailable origins.
ORS: 11155/30754 processed; 2251 requests; 5 unavailable origins.
ORS: 11160/30754 processed; 2252 requests; 5 unavailable origins.
ORS: 11165/30754 processed; 2253 requests; 5 unavailable origins.
ORS: 11170/30754 processed; 2254 requests; 5 unavailable origins.
ORS: 11175/30754 processed; 2255 requests; 5 unavailable origins.
ORS: 11180/30754 processed; 2256 requests; 5 unavailable origins.
ORS: 11185/30754 processed; 2257 requests; 5 unavailable origins.
ORS: 11190/30754 processed; 2258 requests; 5 unavailable origins.
ORS: 11195/30754 processed; 2259 requests; 5 unavailable origins.
ORS: 11200/30754 processed; 2260 requests; 5 unavailable origins.
ORS: 11205/30754 processed; 2261 requests; 5 unavailable origins.
ORS: 11210/30754 processed; 2262 requests; 5 unavailable origins.
ORS: 11215/30754 processed; 2263 requests; 5 unavailable origins.
ORS: 11220/30754 processed; 2264 requests; 5 unavailable origins.
ORS: 11225/30754 processed; 2265 requests; 5 unavailable origins.
ORS: 11230/30754 processed; 2266 requests; 5 unavailable origins.
ORS: 11235/30754 processed; 2267 requests; 5 unavailable origins.
ORS: 11240/30754 processed; 2268 requests; 5 unavailable origins.
ORS: 11245/30754 processed; 2269 requests; 5 unavailable origins.
ORS: 11250/30754 processed; 2270 requests; 5 unavailable origins.
ORS: 11255/30754 processed; 2271 requests; 5 unavailable origins.
ORS: 11260/30754 processed; 2272 requests; 5 unavailable origins.
ORS: 11265/30754 processed; 2273 requests; 5 unavailable origins.
ORS: 11270/30754 processed; 2274 requests; 5 unavailable origins.
ORS: 11275/30754 processed; 2275 requests; 5 unavailable origins.
Unavailable origin 2.27345,48.94347 (2.27345,48.94347) [snap-too-far]: Pointe Môle 2-3 [station:FR::Quay:50218870:FR1; line:IDFM:C01839] — ORS snapped center is 425 m from the station (maximum 250 m); check OSM coverage.
ORS: 11280/30754 processed; 2276 requests; 6 unavailable origins.
ORS: 11285/30754 processed; 2277 requests; 6 unavailable origins.
ORS: 11290/30754 processed; 2278 requests; 6 unavailable origins.
ORS: 11295/30754 processed; 2279 requests; 6 unavailable origins.
ORS: 11300/30754 processed; 2280 requests; 6 unavailable origins.
ORS: 11305/30754 processed; 2281 requests; 6 unavailable origins.
ORS: 11310/30754 processed; 2282 requests; 6 unavailable origins.
ORS: 11315/30754 processed; 2283 requests; 6 unavailable origins.
ORS: 11320/30754 processed; 2284 requests; 6 unavailable origins.
ORS: 11325/30754 processed; 2285 requests; 6 unavailable origins.
ORS: 11330/30754 processed; 2286 requests; 6 unavailable origins.
ORS: 11335/30754 processed; 2287 requests; 6 unavailable origins.
ORS: 11340/30754 processed; 2288 requests; 6 unavailable origins.
ORS: 11345/30754 processed; 2289 requests; 6 unavailable origins.
ORS: 11350/30754 processed; 2290 requests; 6 unavailable origins.
ORS: 11355/30754 processed; 2291 requests; 6 unavailable origins.
ORS: 11360/30754 processed; 2292 requests; 6 unavailable origins.
ORS: 11365/30754 processed; 2293 requests; 6 unavailable origins.
ORS: 11370/30754 processed; 2294 requests; 6 unavailable origins.
ORS: 11375/30754 processed; 2295 requests; 6 unavailable origins.
ORS: 11380/30754 processed; 2296 requests; 6 unavailable origins.
ORS: 11385/30754 processed; 2297 requests; 6 unavailable origins.
ORS: 11390/30754 processed; 2298 requests; 6 unavailable origins.
ORS: 11395/30754 processed; 2299 requests; 6 unavailable origins.
ORS: 11400/30754 processed; 2300 requests; 6 unavailable origins.
ORS: 11405/30754 processed; 2301 requests; 6 unavailable origins.
ORS: 11410/30754 processed; 2302 requests; 6 unavailable origins.
ORS: 11415/30754 processed; 2303 requests; 6 unavailable origins.
ORS: 11420/30754 processed; 2304 requests; 6 unavailable origins.
ORS: 11425/30754 processed; 2305 requests; 6 unavailable origins.
ORS: 11430/30754 processed; 2306 requests; 6 unavailable origins.
ORS: 11435/30754 processed; 2307 requests; 6 unavailable origins.
ORS: 11440/30754 processed; 2308 requests; 6 unavailable origins.
ORS: 11445/30754 processed; 2309 requests; 6 unavailable origins.
ORS: 11450/30754 processed; 2310 requests; 6 unavailable origins.
ORS: 11455/30754 processed; 2311 requests; 6 unavailable origins.
ORS: 11460/30754 processed; 2312 requests; 6 unavailable origins.
ORS: 11465/30754 processed; 2313 requests; 6 unavailable origins.
ORS: 11470/30754 processed; 2314 requests; 6 unavailable origins.
ORS: 11475/30754 processed; 2315 requests; 6 unavailable origins.
ORS: 11480/30754 processed; 2316 requests; 6 unavailable origins.
ORS: 11485/30754 processed; 2317 requests; 6 unavailable origins.
ORS: 11490/30754 processed; 2318 requests; 6 unavailable origins.
ORS: 11495/30754 processed; 2319 requests; 6 unavailable origins.
ORS: 11500/30754 processed; 2320 requests; 6 unavailable origins.
ORS: 11505/30754 processed; 2321 requests; 6 unavailable origins.
ORS: 11510/30754 processed; 2322 requests; 6 unavailable origins.
ORS: 11515/30754 processed; 2323 requests; 6 unavailable origins.
ORS: 11520/30754 processed; 2324 requests; 6 unavailable origins.
ORS: 11525/30754 processed; 2325 requests; 6 unavailable origins.
ORS: 11530/30754 processed; 2326 requests; 6 unavailable origins.
ORS: 11535/30754 processed; 2327 requests; 6 unavailable origins.
ORS: 11540/30754 processed; 2328 requests; 6 unavailable origins.
ORS: 11545/30754 processed; 2329 requests; 6 unavailable origins.
ORS: 11550/30754 processed; 2330 requests; 6 unavailable origins.
ORS: 11555/30754 processed; 2331 requests; 6 unavailable origins.
ORS: 11560/30754 processed; 2332 requests; 6 unavailable origins.
ORS: 11565/30754 processed; 2333 requests; 6 unavailable origins.
ORS: 11570/30754 processed; 2334 requests; 6 unavailable origins.
ORS: 11575/30754 processed; 2335 requests; 6 unavailable origins.
ORS: 11580/30754 processed; 2336 requests; 6 unavailable origins.
ORS: 11585/30754 processed; 2337 requests; 6 unavailable origins.
ORS: 11590/30754 processed; 2338 requests; 6 unavailable origins.
ORS: 11595/30754 processed; 2339 requests; 6 unavailable origins.
ORS: 11600/30754 processed; 2340 requests; 6 unavailable origins.
ORS: 11605/30754 processed; 2341 requests; 6 unavailable origins.
ORS: 11610/30754 processed; 2342 requests; 6 unavailable origins.
ORS: 11615/30754 processed; 2343 requests; 6 unavailable origins.
ORS: 11620/30754 processed; 2344 requests; 6 unavailable origins.
ORS: 11625/30754 processed; 2345 requests; 6 unavailable origins.
ORS: 11630/30754 processed; 2346 requests; 6 unavailable origins.
ORS: 11635/30754 processed; 2347 requests; 6 unavailable origins.
ORS: 11640/30754 processed; 2348 requests; 6 unavailable origins.
ORS: 11645/30754 processed; 2349 requests; 6 unavailable origins.
ORS: 11650/30754 processed; 2350 requests; 6 unavailable origins.
ORS: 11655/30754 processed; 2351 requests; 6 unavailable origins.
ORS: 11660/30754 processed; 2352 requests; 6 unavailable origins.
ORS: 11665/30754 processed; 2353 requests; 6 unavailable origins.
ORS: 11670/30754 processed; 2354 requests; 6 unavailable origins.
ORS: 11675/30754 processed; 2355 requests; 6 unavailable origins.
ORS: 11680/30754 processed; 2356 requests; 6 unavailable origins.
ORS: 11685/30754 processed; 2357 requests; 6 unavailable origins.
ORS: 11690/30754 processed; 2358 requests; 6 unavailable origins.
ORS: 11695/30754 processed; 2359 requests; 6 unavailable origins.
ORS: 11700/30754 processed; 2360 requests; 6 unavailable origins.
ORS: 11705/30754 processed; 2361 requests; 6 unavailable origins.
ORS: 11710/30754 processed; 2362 requests; 6 unavailable origins.
ORS: 11715/30754 processed; 2363 requests; 6 unavailable origins.
ORS: 11720/30754 processed; 2364 requests; 6 unavailable origins.
ORS: 11725/30754 processed; 2365 requests; 6 unavailable origins.
ORS: 11730/30754 processed; 2366 requests; 6 unavailable origins.
ORS: 11735/30754 processed; 2367 requests; 6 unavailable origins.
ORS: 11740/30754 processed; 2368 requests; 6 unavailable origins.
ORS: 11745/30754 processed; 2369 requests; 6 unavailable origins.
ORS: 11750/30754 processed; 2370 requests; 6 unavailable origins.
ORS: 11755/30754 processed; 2371 requests; 6 unavailable origins.
ORS: 11760/30754 processed; 2372 requests; 6 unavailable origins.
ORS: 11765/30754 processed; 2373 requests; 6 unavailable origins.
ORS: 11770/30754 processed; 2374 requests; 6 unavailable origins.
ORS: 11775/30754 processed; 2375 requests; 6 unavailable origins.
ORS: 11780/30754 processed; 2376 requests; 6 unavailable origins.
ORS: 11785/30754 processed; 2377 requests; 6 unavailable origins.
ORS: 11790/30754 processed; 2378 requests; 6 unavailable origins.
ORS: 11795/30754 processed; 2379 requests; 6 unavailable origins.
ORS: 11800/30754 processed; 2380 requests; 6 unavailable origins.
ORS: 11805/30754 processed; 2381 requests; 6 unavailable origins.
ORS: 11810/30754 processed; 2382 requests; 6 unavailable origins.
ORS: 11815/30754 processed; 2383 requests; 6 unavailable origins.
ORS: 11820/30754 processed; 2384 requests; 6 unavailable origins.
ORS: 11825/30754 processed; 2385 requests; 6 unavailable origins.
ORS: 11830/30754 processed; 2386 requests; 6 unavailable origins.
ORS: 11835/30754 processed; 2387 requests; 6 unavailable origins.
ORS: 11840/30754 processed; 2388 requests; 6 unavailable origins.
ORS: 11845/30754 processed; 2389 requests; 6 unavailable origins.
ORS: 11850/30754 processed; 2390 requests; 6 unavailable origins.
ORS: 11855/30754 processed; 2391 requests; 6 unavailable origins.
ORS: 11860/30754 processed; 2392 requests; 6 unavailable origins.
ORS: 11865/30754 processed; 2393 requests; 6 unavailable origins.
ORS: 11870/30754 processed; 2394 requests; 6 unavailable origins.
ORS: 11875/30754 processed; 2395 requests; 6 unavailable origins.
ORS: 11880/30754 processed; 2396 requests; 6 unavailable origins.
ORS: 11885/30754 processed; 2397 requests; 6 unavailable origins.
ORS: 11890/30754 processed; 2398 requests; 6 unavailable origins.
ORS: 11895/30754 processed; 2399 requests; 6 unavailable origins.
ORS: 11900/30754 processed; 2400 requests; 6 unavailable origins.
ORS: 11905/30754 processed; 2401 requests; 6 unavailable origins.
ORS: 11910/30754 processed; 2402 requests; 6 unavailable origins.
ORS: 11915/30754 processed; 2403 requests; 6 unavailable origins.
ORS: 11920/30754 processed; 2404 requests; 6 unavailable origins.
ORS: 11925/30754 processed; 2405 requests; 6 unavailable origins.
ORS: 11930/30754 processed; 2406 requests; 6 unavailable origins.
ORS: 11935/30754 processed; 2407 requests; 6 unavailable origins.
ORS: 11940/30754 processed; 2408 requests; 6 unavailable origins.
ORS: 11945/30754 processed; 2409 requests; 6 unavailable origins.
ORS: 11950/30754 processed; 2410 requests; 6 unavailable origins.
ORS: 11955/30754 processed; 2411 requests; 6 unavailable origins.
ORS: 11960/30754 processed; 2412 requests; 6 unavailable origins.
ORS: 11965/30754 processed; 2413 requests; 6 unavailable origins.
ORS: 11970/30754 processed; 2414 requests; 6 unavailable origins.
ORS: 11975/30754 processed; 2415 requests; 6 unavailable origins.
ORS: 11980/30754 processed; 2416 requests; 6 unavailable origins.
ORS: 11985/30754 processed; 2417 requests; 6 unavailable origins.
ORS: 11990/30754 processed; 2418 requests; 6 unavailable origins.
ORS: 11995/30754 processed; 2419 requests; 6 unavailable origins.
ORS: 12000/30754 processed; 2420 requests; 6 unavailable origins.
ORS: 12005/30754 processed; 2421 requests; 6 unavailable origins.
ORS: 12010/30754 processed; 2422 requests; 6 unavailable origins.
ORS: 12015/30754 processed; 2423 requests; 6 unavailable origins.
ORS: 12020/30754 processed; 2424 requests; 6 unavailable origins.
ORS: 12025/30754 processed; 2425 requests; 6 unavailable origins.
ORS: 12030/30754 processed; 2426 requests; 6 unavailable origins.
ORS: 12035/30754 processed; 2427 requests; 6 unavailable origins.
ORS: 12040/30754 processed; 2428 requests; 6 unavailable origins.
ORS: 12045/30754 processed; 2429 requests; 6 unavailable origins.
ORS: 12050/30754 processed; 2430 requests; 6 unavailable origins.
ORS: 12055/30754 processed; 2431 requests; 6 unavailable origins.
ORS: 12060/30754 processed; 2432 requests; 6 unavailable origins.
ORS: 12065/30754 processed; 2433 requests; 6 unavailable origins.
ORS: 12070/30754 processed; 2434 requests; 6 unavailable origins.
ORS: 12075/30754 processed; 2435 requests; 6 unavailable origins.
ORS: 12080/30754 processed; 2436 requests; 6 unavailable origins.
ORS: 12085/30754 processed; 2437 requests; 6 unavailable origins.
ORS: 12090/30754 processed; 2438 requests; 6 unavailable origins.
ORS: 12095/30754 processed; 2439 requests; 6 unavailable origins.
ORS: 12100/30754 processed; 2440 requests; 6 unavailable origins.
ORS: 12105/30754 processed; 2441 requests; 6 unavailable origins.
ORS: 12110/30754 processed; 2442 requests; 6 unavailable origins.
ORS: 12115/30754 processed; 2443 requests; 6 unavailable origins.
ORS: 12120/30754 processed; 2444 requests; 6 unavailable origins.
ORS: 12125/30754 processed; 2445 requests; 6 unavailable origins.
ORS: 12130/30754 processed; 2446 requests; 6 unavailable origins.
ORS: 12135/30754 processed; 2447 requests; 6 unavailable origins.
ORS: 12140/30754 processed; 2448 requests; 6 unavailable origins.
ORS: 12145/30754 processed; 2449 requests; 6 unavailable origins.
ORS: 12150/30754 processed; 2450 requests; 6 unavailable origins.
ORS: 12155/30754 processed; 2451 requests; 6 unavailable origins.
ORS: 12160/30754 processed; 2452 requests; 6 unavailable origins.
ORS: 12165/30754 processed; 2453 requests; 6 unavailable origins.
ORS: 12170/30754 processed; 2454 requests; 6 unavailable origins.
ORS: 12175/30754 processed; 2455 requests; 6 unavailable origins.
ORS: 12180/30754 processed; 2456 requests; 6 unavailable origins.
ORS: 12185/30754 processed; 2457 requests; 6 unavailable origins.
ORS: 12190/30754 processed; 2458 requests; 6 unavailable origins.
ORS: 12195/30754 processed; 2459 requests; 6 unavailable origins.
ORS: 12200/30754 processed; 2460 requests; 6 unavailable origins.
ORS: 12205/30754 processed; 2461 requests; 6 unavailable origins.
ORS: 12210/30754 processed; 2462 requests; 6 unavailable origins.
ORS: 12215/30754 processed; 2463 requests; 6 unavailable origins.
ORS: 12220/30754 processed; 2464 requests; 6 unavailable origins.
ORS: 12225/30754 processed; 2465 requests; 6 unavailable origins.
ORS: 12230/30754 processed; 2466 requests; 6 unavailable origins.
ORS: 12235/30754 processed; 2467 requests; 6 unavailable origins.
ORS: 12240/30754 processed; 2468 requests; 6 unavailable origins.
ORS: 12245/30754 processed; 2469 requests; 6 unavailable origins.
ORS: 12250/30754 processed; 2470 requests; 6 unavailable origins.
ORS: 12255/30754 processed; 2471 requests; 6 unavailable origins.
ORS: 12260/30754 processed; 2472 requests; 6 unavailable origins.
ORS: 12265/30754 processed; 2473 requests; 6 unavailable origins.
ORS: 12270/30754 processed; 2474 requests; 6 unavailable origins.
ORS: 12275/30754 processed; 2475 requests; 6 unavailable origins.
ORS: 12280/30754 processed; 2476 requests; 6 unavailable origins.
ORS: 12285/30754 processed; 2477 requests; 6 unavailable origins.
ORS: 12290/30754 processed; 2478 requests; 6 unavailable origins.
ORS: 12295/30754 processed; 2479 requests; 6 unavailable origins.
ORS: 12300/30754 processed; 2480 requests; 6 unavailable origins.
ORS: 12305/30754 processed; 2481 requests; 6 unavailable origins.
ORS: 12310/30754 processed; 2482 requests; 6 unavailable origins.
ORS: 12315/30754 processed; 2483 requests; 6 unavailable origins.
ORS: 12320/30754 processed; 2484 requests; 6 unavailable origins.
ORS: 12325/30754 processed; 2485 requests; 6 unavailable origins.
ORS: 12330/30754 processed; 2486 requests; 6 unavailable origins.
ORS: 12335/30754 processed; 2487 requests; 6 unavailable origins.
ORS: 12340/30754 processed; 2488 requests; 6 unavailable origins.
ORS: 12345/30754 processed; 2489 requests; 6 unavailable origins.
ORS: 12350/30754 processed; 2490 requests; 6 unavailable origins.
ORS: 12355/30754 processed; 2491 requests; 6 unavailable origins.
ORS: 12360/30754 processed; 2492 requests; 6 unavailable origins.
ORS: 12365/30754 processed; 2493 requests; 6 unavailable origins.
ORS: 12370/30754 processed; 2494 requests; 6 unavailable origins.
ORS: 12375/30754 processed; 2495 requests; 6 unavailable origins.
ORS: 12380/30754 processed; 2496 requests; 6 unavailable origins.
ORS: 12385/30754 processed; 2497 requests; 6 unavailable origins.
ORS: 12390/30754 processed; 2498 requests; 6 unavailable origins.
ORS: 12395/30754 processed; 2499 requests; 6 unavailable origins.
Unavailable origin 2.29440,48.96144 (2.2944,48.96144) [ors-3099]: Cygne d'Enghien [station:FR::Quay:50166289:FR1; line:IDFM:C00307] — ORS 500 (code 3099): Unable to build an isochrone map.; station unavailable, check OSM coverage/access to the walking network.
ORS: 12400/30754 processed; 2505 requests; 7 unavailable origins.
ORS: 12405/30754 processed; 2506 requests; 7 unavailable origins.
ORS: 12410/30754 processed; 2507 requests; 7 unavailable origins.
ORS: 12415/30754 processed; 2508 requests; 7 unavailable origins.
ORS: 12420/30754 processed; 2509 requests; 7 unavailable origins.
ORS: 12425/30754 processed; 2510 requests; 7 unavailable origins.
ORS: 12430/30754 processed; 2511 requests; 7 unavailable origins.
ORS: 12435/30754 processed; 2512 requests; 7 unavailable origins.
ORS: 12440/30754 processed; 2513 requests; 7 unavailable origins.
ORS: 12445/30754 processed; 2514 requests; 7 unavailable origins.
ORS: 12450/30754 processed; 2515 requests; 7 unavailable origins.
ORS: 12455/30754 processed; 2516 requests; 7 unavailable origins.
ORS: 12460/30754 processed; 2517 requests; 7 unavailable origins.
ORS: 12465/30754 processed; 2518 requests; 7 unavailable origins.
ORS: 12470/30754 processed; 2519 requests; 7 unavailable origins.
ORS: 12475/30754 processed; 2520 requests; 7 unavailable origins.
ORS: 12480/30754 processed; 2521 requests; 7 unavailable origins.
ORS: 12485/30754 processed; 2522 requests; 7 unavailable origins.
ORS: 12490/30754 processed; 2523 requests; 7 unavailable origins.
ORS: 12495/30754 processed; 2524 requests; 7 unavailable origins.
ORS: 12500/30754 processed; 2525 requests; 7 unavailable origins.
ORS: 12505/30754 processed; 2526 requests; 7 unavailable origins.
ORS: 12510/30754 processed; 2527 requests; 7 unavailable origins.
ORS: 12515/30754 processed; 2528 requests; 7 unavailable origins.
ORS: 12520/30754 processed; 2529 requests; 7 unavailable origins.
ORS: 12525/30754 processed; 2530 requests; 7 unavailable origins.
ORS: 12530/30754 processed; 2531 requests; 7 unavailable origins.
ORS: 12535/30754 processed; 2532 requests; 7 unavailable origins.
ORS: 12540/30754 processed; 2533 requests; 7 unavailable origins.
ORS: 12545/30754 processed; 2534 requests; 7 unavailable origins.
ORS: 12550/30754 processed; 2535 requests; 7 unavailable origins.
ORS: 12555/30754 processed; 2536 requests; 7 unavailable origins.
ORS: 12560/30754 processed; 2537 requests; 7 unavailable origins.
ORS: 12565/30754 processed; 2538 requests; 7 unavailable origins.
ORS: 12570/30754 processed; 2539 requests; 7 unavailable origins.
ORS: 12575/30754 processed; 2540 requests; 7 unavailable origins.
ORS: 12580/30754 processed; 2541 requests; 7 unavailable origins.
ORS: 12585/30754 processed; 2542 requests; 7 unavailable origins.
ORS: 12590/30754 processed; 2543 requests; 7 unavailable origins.
ORS: 12595/30754 processed; 2544 requests; 7 unavailable origins.
ORS: 12600/30754 processed; 2545 requests; 7 unavailable origins.
ORS: 12605/30754 processed; 2546 requests; 7 unavailable origins.
ORS: 12610/30754 processed; 2547 requests; 7 unavailable origins.
ORS: 12615/30754 processed; 2548 requests; 7 unavailable origins.
ORS: 12620/30754 processed; 2549 requests; 7 unavailable origins.
ORS: 12625/30754 processed; 2550 requests; 7 unavailable origins.
ORS: 12630/30754 processed; 2551 requests; 7 unavailable origins.
ORS: 12635/30754 processed; 2552 requests; 7 unavailable origins.
ORS: 12640/30754 processed; 2553 requests; 7 unavailable origins.
ORS: 12645/30754 processed; 2554 requests; 7 unavailable origins.
ORS: 12650/30754 processed; 2555 requests; 7 unavailable origins.
ORS: 12655/30754 processed; 2556 requests; 7 unavailable origins.
ORS: 12660/30754 processed; 2557 requests; 7 unavailable origins.
ORS: 12665/30754 processed; 2558 requests; 7 unavailable origins.
ORS: 12670/30754 processed; 2559 requests; 7 unavailable origins.
ORS: 12675/30754 processed; 2560 requests; 7 unavailable origins.
ORS: 12680/30754 processed; 2561 requests; 7 unavailable origins.
ORS: 12685/30754 processed; 2562 requests; 7 unavailable origins.
ORS: 12690/30754 processed; 2563 requests; 7 unavailable origins.
ORS: 12695/30754 processed; 2564 requests; 7 unavailable origins.
ORS: 12700/30754 processed; 2565 requests; 7 unavailable origins.
ORS: 12705/30754 processed; 2566 requests; 7 unavailable origins.
ORS: 12710/30754 processed; 2567 requests; 7 unavailable origins.
ORS: 12715/30754 processed; 2568 requests; 7 unavailable origins.
ORS: 12720/30754 processed; 2569 requests; 7 unavailable origins.
ORS: 12725/30754 processed; 2570 requests; 7 unavailable origins.
ORS: 12730/30754 processed; 2571 requests; 7 unavailable origins.
ORS: 12735/30754 processed; 2572 requests; 7 unavailable origins.
ORS: 12740/30754 processed; 2573 requests; 7 unavailable origins.
ORS: 12745/30754 processed; 2574 requests; 7 unavailable origins.
ORS: 12750/30754 processed; 2575 requests; 7 unavailable origins.
ORS: 12755/30754 processed; 2576 requests; 7 unavailable origins.
ORS: 12760/30754 processed; 2577 requests; 7 unavailable origins.
ORS: 12765/30754 processed; 2578 requests; 7 unavailable origins.
ORS: 12770/30754 processed; 2579 requests; 7 unavailable origins.
ORS: 12775/30754 processed; 2580 requests; 7 unavailable origins.
ORS: 12780/30754 processed; 2581 requests; 7 unavailable origins.
ORS: 12785/30754 processed; 2582 requests; 7 unavailable origins.
ORS: 12790/30754 processed; 2583 requests; 7 unavailable origins.
ORS: 12795/30754 processed; 2584 requests; 7 unavailable origins.
ORS: 12800/30754 processed; 2585 requests; 7 unavailable origins.
ORS: 12805/30754 processed; 2586 requests; 7 unavailable origins.
ORS: 12810/30754 processed; 2587 requests; 7 unavailable origins.
ORS: 12815/30754 processed; 2588 requests; 7 unavailable origins.
ORS: 12820/30754 processed; 2589 requests; 7 unavailable origins.
ORS: 12825/30754 processed; 2590 requests; 7 unavailable origins.
ORS: 12830/30754 processed; 2591 requests; 7 unavailable origins.
ORS: 12835/30754 processed; 2592 requests; 7 unavailable origins.
ORS: 12840/30754 processed; 2593 requests; 7 unavailable origins.
ORS: 12845/30754 processed; 2594 requests; 7 unavailable origins.
ORS: 12850/30754 processed; 2595 requests; 7 unavailable origins.
ORS: 12855/30754 processed; 2596 requests; 7 unavailable origins.
ORS: 12860/30754 processed; 2597 requests; 7 unavailable origins.
ORS: 12865/30754 processed; 2598 requests; 7 unavailable origins.
ORS: 12870/30754 processed; 2599 requests; 7 unavailable origins.
ORS: 12875/30754 processed; 2600 requests; 7 unavailable origins.
ORS: 12880/30754 processed; 2601 requests; 7 unavailable origins.
ORS: 12885/30754 processed; 2602 requests; 7 unavailable origins.
ORS: 12890/30754 processed; 2603 requests; 7 unavailable origins.
ORS: 12895/30754 processed; 2604 requests; 7 unavailable origins.
ORS: 12900/30754 processed; 2605 requests; 7 unavailable origins.
ORS: 12905/30754 processed; 2606 requests; 7 unavailable origins.
ORS: 12910/30754 processed; 2607 requests; 7 unavailable origins.
ORS: 12915/30754 processed; 2608 requests; 7 unavailable origins.
ORS: 12920/30754 processed; 2609 requests; 7 unavailable origins.
ORS: 12925/30754 processed; 2610 requests; 7 unavailable origins.
ORS: 12930/30754 processed; 2611 requests; 7 unavailable origins.
ORS: 12935/30754 processed; 2612 requests; 7 unavailable origins.
ORS: 12940/30754 processed; 2613 requests; 7 unavailable origins.
ORS: 12945/30754 processed; 2614 requests; 7 unavailable origins.
ORS: 12950/30754 processed; 2615 requests; 7 unavailable origins.
ORS: 12955/30754 processed; 2616 requests; 7 unavailable origins.
ORS: 12960/30754 processed; 2617 requests; 7 unavailable origins.
ORS: 12965/30754 processed; 2618 requests; 7 unavailable origins.
ORS: 12970/30754 processed; 2619 requests; 7 unavailable origins.
ORS: 12975/30754 processed; 2620 requests; 7 unavailable origins.
ORS: 12980/30754 processed; 2621 requests; 7 unavailable origins.
ORS: 12985/30754 processed; 2622 requests; 7 unavailable origins.
ORS: 12990/30754 processed; 2623 requests; 7 unavailable origins.
ORS: 12995/30754 processed; 2624 requests; 7 unavailable origins.
ORS: 13000/30754 processed; 2625 requests; 7 unavailable origins.
ORS: 13005/30754 processed; 2626 requests; 7 unavailable origins.
ORS: 13010/30754 processed; 2627 requests; 7 unavailable origins.
ORS: 13015/30754 processed; 2628 requests; 7 unavailable origins.
ORS: 13020/30754 processed; 2629 requests; 7 unavailable origins.
ORS: 13025/30754 processed; 2630 requests; 7 unavailable origins.
ORS: 13030/30754 processed; 2631 requests; 7 unavailable origins.
ORS: 13035/30754 processed; 2632 requests; 7 unavailable origins.
ORS: 13040/30754 processed; 2633 requests; 7 unavailable origins.
ORS: 13045/30754 processed; 2634 requests; 7 unavailable origins.
ORS: 13050/30754 processed; 2635 requests; 7 unavailable origins.
ORS: 13055/30754 processed; 2636 requests; 7 unavailable origins.
ORS: 13060/30754 processed; 2637 requests; 7 unavailable origins.
ORS: 13065/30754 processed; 2638 requests; 7 unavailable origins.
ORS: 13070/30754 processed; 2639 requests; 7 unavailable origins.
ORS: 13075/30754 processed; 2640 requests; 7 unavailable origins.
ORS: 13080/30754 processed; 2641 requests; 7 unavailable origins.
ORS: 13085/30754 processed; 2642 requests; 7 unavailable origins.
ORS: 13090/30754 processed; 2643 requests; 7 unavailable origins.
ORS: 13095/30754 processed; 2644 requests; 7 unavailable origins.
ORS: 13100/30754 processed; 2645 requests; 7 unavailable origins.
ORS: 13105/30754 processed; 2646 requests; 7 unavailable origins.
ORS: 13110/30754 processed; 2647 requests; 7 unavailable origins.
ORS: 13115/30754 processed; 2648 requests; 7 unavailable origins.
ORS: 13120/30754 processed; 2649 requests; 7 unavailable origins.
ORS: 13125/30754 processed; 2650 requests; 7 unavailable origins.
ORS: 13130/30754 processed; 2651 requests; 7 unavailable origins.
ORS: 13135/30754 processed; 2652 requests; 7 unavailable origins.
ORS: 13140/30754 processed; 2653 requests; 7 unavailable origins.
ORS: 13145/30754 processed; 2654 requests; 7 unavailable origins.
ORS: 13150/30754 processed; 2655 requests; 7 unavailable origins.
ORS: 13155/30754 processed; 2656 requests; 7 unavailable origins.
ORS: 13160/30754 processed; 2657 requests; 7 unavailable origins.
ORS: 13165/30754 processed; 2658 requests; 7 unavailable origins.
ORS: 13170/30754 processed; 2659 requests; 7 unavailable origins.
ORS: 13175/30754 processed; 2660 requests; 7 unavailable origins.
ORS: 13180/30754 processed; 2661 requests; 7 unavailable origins.
ORS: 13185/30754 processed; 2662 requests; 7 unavailable origins.
ORS: 13190/30754 processed; 2663 requests; 7 unavailable origins.
ORS: 13195/30754 processed; 2664 requests; 7 unavailable origins.
ORS: 13200/30754 processed; 2665 requests; 7 unavailable origins.
ORS: 13205/30754 processed; 2666 requests; 7 unavailable origins.
ORS: 13210/30754 processed; 2667 requests; 7 unavailable origins.
ORS: 13215/30754 processed; 2668 requests; 7 unavailable origins.
ORS: 13220/30754 processed; 2669 requests; 7 unavailable origins.
ORS: 13225/30754 processed; 2670 requests; 7 unavailable origins.
ORS: 13230/30754 processed; 2671 requests; 7 unavailable origins.
ORS: 13235/30754 processed; 2672 requests; 7 unavailable origins.
ORS: 13240/30754 processed; 2673 requests; 7 unavailable origins.
ORS: 13245/30754 processed; 2674 requests; 7 unavailable origins.
ORS: 13250/30754 processed; 2675 requests; 7 unavailable origins.
ORS: 13255/30754 processed; 2676 requests; 7 unavailable origins.
ORS: 13260/30754 processed; 2677 requests; 7 unavailable origins.
ORS: 13265/30754 processed; 2678 requests; 7 unavailable origins.
ORS: 13270/30754 processed; 2679 requests; 7 unavailable origins.
ORS: 13275/30754 processed; 2680 requests; 7 unavailable origins.
ORS: 13280/30754 processed; 2681 requests; 7 unavailable origins.
ORS: 13285/30754 processed; 2682 requests; 7 unavailable origins.
ORS: 13290/30754 processed; 2683 requests; 7 unavailable origins.
ORS: 13295/30754 processed; 2684 requests; 7 unavailable origins.
ORS: 13300/30754 processed; 2685 requests; 7 unavailable origins.
ORS: 13305/30754 processed; 2686 requests; 7 unavailable origins.
ORS: 13310/30754 processed; 2687 requests; 7 unavailable origins.
ORS: 13315/30754 processed; 2688 requests; 7 unavailable origins.
ORS: 13320/30754 processed; 2689 requests; 7 unavailable origins.
ORS: 13325/30754 processed; 2690 requests; 7 unavailable origins.
ORS: 13330/30754 processed; 2691 requests; 7 unavailable origins.
ORS: 13335/30754 processed; 2692 requests; 7 unavailable origins.
ORS: 13340/30754 processed; 2693 requests; 7 unavailable origins.
ORS: 13345/30754 processed; 2694 requests; 7 unavailable origins.
ORS: 13350/30754 processed; 2695 requests; 7 unavailable origins.
ORS: 13355/30754 processed; 2696 requests; 7 unavailable origins.
ORS: 13360/30754 processed; 2697 requests; 7 unavailable origins.
ORS: 13365/30754 processed; 2698 requests; 7 unavailable origins.
ORS: 13370/30754 processed; 2699 requests; 7 unavailable origins.
ORS: 13375/30754 processed; 2700 requests; 7 unavailable origins.
ORS: 13380/30754 processed; 2701 requests; 7 unavailable origins.
ORS: 13385/30754 processed; 2702 requests; 7 unavailable origins.
ORS: 13390/30754 processed; 2703 requests; 7 unavailable origins.
ORS: 13395/30754 processed; 2704 requests; 7 unavailable origins.
ORS: 13400/30754 processed; 2705 requests; 7 unavailable origins.
ORS: 13405/30754 processed; 2706 requests; 7 unavailable origins.
ORS: 13410/30754 processed; 2707 requests; 7 unavailable origins.
ORS: 13415/30754 processed; 2708 requests; 7 unavailable origins.
ORS: 13420/30754 processed; 2709 requests; 7 unavailable origins.
ORS: 13425/30754 processed; 2710 requests; 7 unavailable origins.
ORS: 13430/30754 processed; 2711 requests; 7 unavailable origins.
ORS: 13435/30754 processed; 2712 requests; 7 unavailable origins.
ORS: 13440/30754 processed; 2713 requests; 7 unavailable origins.
ORS: 13445/30754 processed; 2714 requests; 7 unavailable origins.
ORS: 13450/30754 processed; 2715 requests; 7 unavailable origins.
ORS: 13455/30754 processed; 2716 requests; 7 unavailable origins.
ORS: 13460/30754 processed; 2717 requests; 7 unavailable origins.
ORS: 13465/30754 processed; 2718 requests; 7 unavailable origins.
ORS: 13470/30754 processed; 2719 requests; 7 unavailable origins.
ORS: 13475/30754 processed; 2720 requests; 7 unavailable origins.
ORS: 13480/30754 processed; 2721 requests; 7 unavailable origins.
ORS: 13485/30754 processed; 2722 requests; 7 unavailable origins.
ORS: 13490/30754 processed; 2723 requests; 7 unavailable origins.
ORS: 13495/30754 processed; 2724 requests; 7 unavailable origins.
ORS: 13500/30754 processed; 2725 requests; 7 unavailable origins.
ORS: 13505/30754 processed; 2726 requests; 7 unavailable origins.
ORS: 13510/30754 processed; 2727 requests; 7 unavailable origins.
ORS: 13515/30754 processed; 2728 requests; 7 unavailable origins.
ORS: 13520/30754 processed; 2729 requests; 7 unavailable origins.
ORS: 13525/30754 processed; 2730 requests; 7 unavailable origins.
ORS: 13530/30754 processed; 2731 requests; 7 unavailable origins.
ORS: 13535/30754 processed; 2732 requests; 7 unavailable origins.
ORS: 13540/30754 processed; 2733 requests; 7 unavailable origins.
ORS: 13545/30754 processed; 2734 requests; 7 unavailable origins.
ORS: 13550/30754 processed; 2735 requests; 7 unavailable origins.
ORS: 13555/30754 processed; 2736 requests; 7 unavailable origins.
ORS: 13560/30754 processed; 2737 requests; 7 unavailable origins.
ORS: 13565/30754 processed; 2738 requests; 7 unavailable origins.
ORS: 13570/30754 processed; 2739 requests; 7 unavailable origins.
ORS: 13575/30754 processed; 2740 requests; 7 unavailable origins.
ORS: 13580/30754 processed; 2741 requests; 7 unavailable origins.
ORS: 13585/30754 processed; 2742 requests; 7 unavailable origins.
ORS: 13590/30754 processed; 2743 requests; 7 unavailable origins.
ORS: 13595/30754 processed; 2744 requests; 7 unavailable origins.
ORS: 13600/30754 processed; 2745 requests; 7 unavailable origins.
ORS: 13605/30754 processed; 2746 requests; 7 unavailable origins.
ORS: 13610/30754 processed; 2747 requests; 7 unavailable origins.
ORS: 13615/30754 processed; 2748 requests; 7 unavailable origins.
ORS: 13620/30754 processed; 2749 requests; 7 unavailable origins.
ORS: 13625/30754 processed; 2750 requests; 7 unavailable origins.
ORS: 13630/30754 processed; 2751 requests; 7 unavailable origins.
ORS: 13635/30754 processed; 2752 requests; 7 unavailable origins.
ORS: 13640/30754 processed; 2753 requests; 7 unavailable origins.
ORS: 13645/30754 processed; 2754 requests; 7 unavailable origins.
ORS: 13650/30754 processed; 2755 requests; 7 unavailable origins.
ORS: 13655/30754 processed; 2756 requests; 7 unavailable origins.
ORS: 13660/30754 processed; 2757 requests; 7 unavailable origins.
ORS: 13665/30754 processed; 2758 requests; 7 unavailable origins.
ORS: 13670/30754 processed; 2759 requests; 7 unavailable origins.
ORS: 13675/30754 processed; 2760 requests; 7 unavailable origins.
ORS: 13680/30754 processed; 2761 requests; 7 unavailable origins.
ORS: 13685/30754 processed; 2762 requests; 7 unavailable origins.
ORS: 13690/30754 processed; 2763 requests; 7 unavailable origins.
ORS: 13695/30754 processed; 2764 requests; 7 unavailable origins.
ORS: 13700/30754 processed; 2765 requests; 7 unavailable origins.
ORS: 13705/30754 processed; 2766 requests; 7 unavailable origins.
ORS: 13710/30754 processed; 2767 requests; 7 unavailable origins.
ORS: 13715/30754 processed; 2768 requests; 7 unavailable origins.
ORS: 13720/30754 processed; 2769 requests; 7 unavailable origins.
ORS: 13725/30754 processed; 2770 requests; 7 unavailable origins.
ORS: 13730/30754 processed; 2771 requests; 7 unavailable origins.
ORS: 13735/30754 processed; 2772 requests; 7 unavailable origins.
ORS: 13740/30754 processed; 2773 requests; 7 unavailable origins.
ORS: 13745/30754 processed; 2774 requests; 7 unavailable origins.
ORS: 13750/30754 processed; 2775 requests; 7 unavailable origins.
ORS: 13755/30754 processed; 2776 requests; 7 unavailable origins.
ORS: 13760/30754 processed; 2777 requests; 7 unavailable origins.
ORS: 13765/30754 processed; 2778 requests; 7 unavailable origins.
ORS: 13770/30754 processed; 2779 requests; 7 unavailable origins.
ORS: 13775/30754 processed; 2780 requests; 7 unavailable origins.
ORS: 13780/30754 processed; 2781 requests; 7 unavailable origins.
ORS: 13785/30754 processed; 2782 requests; 7 unavailable origins.
ORS: 13790/30754 processed; 2783 requests; 7 unavailable origins.
ORS: 13795/30754 processed; 2784 requests; 7 unavailable origins.
ORS: 13800/30754 processed; 2785 requests; 7 unavailable origins.
ORS: 13805/30754 processed; 2786 requests; 7 unavailable origins.
ORS: 13810/30754 processed; 2787 requests; 7 unavailable origins.
ORS: 13815/30754 processed; 2788 requests; 7 unavailable origins.
ORS: 13820/30754 processed; 2789 requests; 7 unavailable origins.
ORS: 13825/30754 processed; 2790 requests; 7 unavailable origins.
ORS: 13830/30754 processed; 2791 requests; 7 unavailable origins.
ORS: 13835/30754 processed; 2792 requests; 7 unavailable origins.
ORS: 13840/30754 processed; 2793 requests; 7 unavailable origins.
ORS: 13845/30754 processed; 2794 requests; 7 unavailable origins.
ORS: 13850/30754 processed; 2795 requests; 7 unavailable origins.
ORS: 13855/30754 processed; 2796 requests; 7 unavailable origins.
ORS: 13860/30754 processed; 2797 requests; 7 unavailable origins.
ORS: 13865/30754 processed; 2798 requests; 7 unavailable origins.
ORS: 13870/30754 processed; 2799 requests; 7 unavailable origins.
ORS: 13875/30754 processed; 2800 requests; 7 unavailable origins.
ORS: 13880/30754 processed; 2801 requests; 7 unavailable origins.
ORS: 13885/30754 processed; 2802 requests; 7 unavailable origins.
ORS: 13890/30754 processed; 2803 requests; 7 unavailable origins.
ORS: 13895/30754 processed; 2804 requests; 7 unavailable origins.
ORS: 13900/30754 processed; 2805 requests; 7 unavailable origins.
ORS: 13905/30754 processed; 2806 requests; 7 unavailable origins.
ORS: 13910/30754 processed; 2807 requests; 7 unavailable origins.
ORS: 13915/30754 processed; 2808 requests; 7 unavailable origins.
ORS: 13920/30754 processed; 2809 requests; 7 unavailable origins.
ORS: 13925/30754 processed; 2810 requests; 7 unavailable origins.
ORS: 13930/30754 processed; 2811 requests; 7 unavailable origins.
ORS: 13935/30754 processed; 2812 requests; 7 unavailable origins.
ORS: 13940/30754 processed; 2813 requests; 7 unavailable origins.
ORS: 13945/30754 processed; 2814 requests; 7 unavailable origins.
ORS: 13950/30754 processed; 2815 requests; 7 unavailable origins.
ORS: 13955/30754 processed; 2816 requests; 7 unavailable origins.
ORS: 13960/30754 processed; 2817 requests; 7 unavailable origins.
ORS: 13965/30754 processed; 2818 requests; 7 unavailable origins.
ORS: 13970/30754 processed; 2819 requests; 7 unavailable origins.
ORS: 13975/30754 processed; 2820 requests; 7 unavailable origins.
ORS: 13980/30754 processed; 2821 requests; 7 unavailable origins.
ORS: 13985/30754 processed; 2822 requests; 7 unavailable origins.
ORS: 13990/30754 processed; 2823 requests; 7 unavailable origins.
ORS: 13995/30754 processed; 2824 requests; 7 unavailable origins.
ORS: 14000/30754 processed; 2825 requests; 7 unavailable origins.
ORS: 14005/30754 processed; 2826 requests; 7 unavailable origins.
ORS: 14010/30754 processed; 2827 requests; 7 unavailable origins.
ORS: 14015/30754 processed; 2828 requests; 7 unavailable origins.
ORS: 14020/30754 processed; 2829 requests; 7 unavailable origins.
ORS: 14025/30754 processed; 2830 requests; 7 unavailable origins.
ORS: 14030/30754 processed; 2831 requests; 7 unavailable origins.
ORS: 14035/30754 processed; 2832 requests; 7 unavailable origins.
ORS: 14040/30754 processed; 2833 requests; 7 unavailable origins.
ORS: 14045/30754 processed; 2834 requests; 7 unavailable origins.
ORS: 14050/30754 processed; 2835 requests; 7 unavailable origins.
ORS: 14055/30754 processed; 2836 requests; 7 unavailable origins.
ORS: 14060/30754 processed; 2837 requests; 7 unavailable origins.
ORS: 14065/30754 processed; 2838 requests; 7 unavailable origins.
ORS: 14070/30754 processed; 2839 requests; 7 unavailable origins.
ORS: 14075/30754 processed; 2840 requests; 7 unavailable origins.
ORS: 14080/30754 processed; 2841 requests; 7 unavailable origins.
ORS: 14085/30754 processed; 2842 requests; 7 unavailable origins.
ORS: 14090/30754 processed; 2843 requests; 7 unavailable origins.
ORS: 14095/30754 processed; 2844 requests; 7 unavailable origins.
ORS: 14100/30754 processed; 2845 requests; 7 unavailable origins.
ORS: 14105/30754 processed; 2846 requests; 7 unavailable origins.
ORS: 14110/30754 processed; 2847 requests; 7 unavailable origins.
ORS: 14115/30754 processed; 2848 requests; 7 unavailable origins.
ORS: 14120/30754 processed; 2849 requests; 7 unavailable origins.
ORS: 14125/30754 processed; 2850 requests; 7 unavailable origins.
ORS: 14130/30754 processed; 2851 requests; 7 unavailable origins.
ORS: 14135/30754 processed; 2852 requests; 7 unavailable origins.
ORS: 14140/30754 processed; 2853 requests; 7 unavailable origins.
ORS: 14145/30754 processed; 2854 requests; 7 unavailable origins.
ORS: 14150/30754 processed; 2855 requests; 7 unavailable origins.
ORS: 14155/30754 processed; 2856 requests; 7 unavailable origins.
ORS: 14160/30754 processed; 2857 requests; 7 unavailable origins.
ORS: 14165/30754 processed; 2858 requests; 7 unavailable origins.
ORS: 14170/30754 processed; 2859 requests; 7 unavailable origins.
ORS: 14175/30754 processed; 2860 requests; 7 unavailable origins.
ORS: 14180/30754 processed; 2861 requests; 7 unavailable origins.
ORS: 14185/30754 processed; 2862 requests; 7 unavailable origins.
ORS: 14190/30754 processed; 2863 requests; 7 unavailable origins.
ORS: 14195/30754 processed; 2864 requests; 7 unavailable origins.
ORS: 14200/30754 processed; 2865 requests; 7 unavailable origins.
ORS: 14205/30754 processed; 2866 requests; 7 unavailable origins.
ORS: 14210/30754 processed; 2867 requests; 7 unavailable origins.
ORS: 14215/30754 processed; 2868 requests; 7 unavailable origins.
ORS: 14220/30754 processed; 2869 requests; 7 unavailable origins.
ORS: 14225/30754 processed; 2870 requests; 7 unavailable origins.
ORS: 14230/30754 processed; 2871 requests; 7 unavailable origins.
ORS: 14235/30754 processed; 2872 requests; 7 unavailable origins.
ORS: 14240/30754 processed; 2873 requests; 7 unavailable origins.
ORS: 14245/30754 processed; 2874 requests; 7 unavailable origins.
ORS: 14250/30754 processed; 2875 requests; 7 unavailable origins.
ORS: 14255/30754 processed; 2876 requests; 7 unavailable origins.
ORS: 14260/30754 processed; 2877 requests; 7 unavailable origins.
ORS: 14265/30754 processed; 2878 requests; 7 unavailable origins.
ORS: 14270/30754 processed; 2879 requests; 7 unavailable origins.
ORS: 14275/30754 processed; 2880 requests; 7 unavailable origins.
ORS: 14280/30754 processed; 2881 requests; 7 unavailable origins.
ORS: 14285/30754 processed; 2882 requests; 7 unavailable origins.
ORS: 14290/30754 processed; 2883 requests; 7 unavailable origins.
ORS: 14295/30754 processed; 2884 requests; 7 unavailable origins.
ORS: 14300/30754 processed; 2885 requests; 7 unavailable origins.
ORS: 14305/30754 processed; 2886 requests; 7 unavailable origins.
ORS: 14310/30754 processed; 2887 requests; 7 unavailable origins.
ORS: 14315/30754 processed; 2888 requests; 7 unavailable origins.
ORS: 14320/30754 processed; 2889 requests; 7 unavailable origins.
ORS: 14325/30754 processed; 2890 requests; 7 unavailable origins.
ORS: 14330/30754 processed; 2891 requests; 7 unavailable origins.
ORS: 14335/30754 processed; 2892 requests; 7 unavailable origins.
ORS: 14340/30754 processed; 2893 requests; 7 unavailable origins.
ORS: 14345/30754 processed; 2894 requests; 7 unavailable origins.
ORS: 14350/30754 processed; 2895 requests; 7 unavailable origins.
ORS: 14355/30754 processed; 2896 requests; 7 unavailable origins.
ORS: 14360/30754 processed; 2897 requests; 7 unavailable origins.
ORS: 14365/30754 processed; 2898 requests; 7 unavailable origins.
ORS: 14370/30754 processed; 2899 requests; 7 unavailable origins.
ORS: 14375/30754 processed; 2900 requests; 7 unavailable origins.
ORS: 14380/30754 processed; 2901 requests; 7 unavailable origins.
ORS: 14385/30754 processed; 2902 requests; 7 unavailable origins.
ORS: 14390/30754 processed; 2903 requests; 7 unavailable origins.
ORS: 14395/30754 processed; 2904 requests; 7 unavailable origins.
ORS: 14400/30754 processed; 2905 requests; 7 unavailable origins.
ORS: 14405/30754 processed; 2906 requests; 7 unavailable origins.
ORS: 14410/30754 processed; 2907 requests; 7 unavailable origins.
ORS: 14415/30754 processed; 2908 requests; 7 unavailable origins.
ORS: 14420/30754 processed; 2909 requests; 7 unavailable origins.
ORS: 14425/30754 processed; 2910 requests; 7 unavailable origins.
ORS: 14430/30754 processed; 2911 requests; 7 unavailable origins.
ORS: 14435/30754 processed; 2912 requests; 7 unavailable origins.
ORS: 14440/30754 processed; 2913 requests; 7 unavailable origins.
ORS: 14445/30754 processed; 2914 requests; 7 unavailable origins.
ORS: 14450/30754 processed; 2915 requests; 7 unavailable origins.
ORS: 14455/30754 processed; 2916 requests; 7 unavailable origins.
ORS: 14460/30754 processed; 2917 requests; 7 unavailable origins.
ORS: 14465/30754 processed; 2918 requests; 7 unavailable origins.
ORS: 14470/30754 processed; 2919 requests; 7 unavailable origins.
ORS: 14475/30754 processed; 2920 requests; 7 unavailable origins.
ORS: 14480/30754 processed; 2921 requests; 7 unavailable origins.
ORS: 14485/30754 processed; 2922 requests; 7 unavailable origins.
ORS: 14490/30754 processed; 2923 requests; 7 unavailable origins.
ORS: 14495/30754 processed; 2924 requests; 7 unavailable origins.
ORS: 14500/30754 processed; 2925 requests; 7 unavailable origins.
ORS: 14505/30754 processed; 2926 requests; 7 unavailable origins.
ORS: 14510/30754 processed; 2927 requests; 7 unavailable origins.
ORS: 14515/30754 processed; 2928 requests; 7 unavailable origins.
ORS: 14520/30754 processed; 2929 requests; 7 unavailable origins.
ORS: 14525/30754 processed; 2930 requests; 7 unavailable origins.
ORS: 14530/30754 processed; 2931 requests; 7 unavailable origins.
ORS: 14535/30754 processed; 2932 requests; 7 unavailable origins.
ORS: 14540/30754 processed; 2933 requests; 7 unavailable origins.
ORS: 14545/30754 processed; 2934 requests; 7 unavailable origins.
ORS: 14550/30754 processed; 2935 requests; 7 unavailable origins.
ORS: 14555/30754 processed; 2936 requests; 7 unavailable origins.
ORS: 14560/30754 processed; 2937 requests; 7 unavailable origins.
ORS: 14565/30754 processed; 2938 requests; 7 unavailable origins.
ORS: 14570/30754 processed; 2939 requests; 7 unavailable origins.
ORS: 14575/30754 processed; 2940 requests; 7 unavailable origins.
ORS: 14580/30754 processed; 2941 requests; 7 unavailable origins.
ORS: 14585/30754 processed; 2942 requests; 7 unavailable origins.
ORS: 14590/30754 processed; 2943 requests; 7 unavailable origins.
ORS: 14595/30754 processed; 2944 requests; 7 unavailable origins.
ORS: 14600/30754 processed; 2945 requests; 7 unavailable origins.
ORS: 14605/30754 processed; 2946 requests; 7 unavailable origins.
ORS: 14610/30754 processed; 2947 requests; 7 unavailable origins.
ORS: 14615/30754 processed; 2948 requests; 7 unavailable origins.
ORS: 14620/30754 processed; 2949 requests; 7 unavailable origins.
ORS: 14625/30754 processed; 2950 requests; 7 unavailable origins.
ORS: 14630/30754 processed; 2951 requests; 7 unavailable origins.
ORS: 14635/30754 processed; 2952 requests; 7 unavailable origins.
ORS: 14640/30754 processed; 2953 requests; 7 unavailable origins.
ORS: 14645/30754 processed; 2954 requests; 7 unavailable origins.
ORS: 14650/30754 processed; 2955 requests; 7 unavailable origins.
ORS: 14655/30754 processed; 2956 requests; 7 unavailable origins.
ORS: 14660/30754 processed; 2957 requests; 7 unavailable origins.
ORS: 14665/30754 processed; 2958 requests; 7 unavailable origins.
ORS: 14670/30754 processed; 2959 requests; 7 unavailable origins.
ORS: 14675/30754 processed; 2960 requests; 7 unavailable origins.
ORS: 14680/30754 processed; 2961 requests; 7 unavailable origins.
ORS: 14685/30754 processed; 2962 requests; 7 unavailable origins.
ORS: 14690/30754 processed; 2963 requests; 7 unavailable origins.
ORS: 14695/30754 processed; 2964 requests; 7 unavailable origins.
ORS: 14700/30754 processed; 2965 requests; 7 unavailable origins.
ORS: 14705/30754 processed; 2966 requests; 7 unavailable origins.
ORS: 14710/30754 processed; 2967 requests; 7 unavailable origins.
ORS: 14715/30754 processed; 2968 requests; 7 unavailable origins.
ORS: 14720/30754 processed; 2969 requests; 7 unavailable origins.
ORS: 14725/30754 processed; 2970 requests; 7 unavailable origins.
ORS: 14730/30754 processed; 2971 requests; 7 unavailable origins.
ORS: 14735/30754 processed; 2972 requests; 7 unavailable origins.
ORS: 14740/30754 processed; 2973 requests; 7 unavailable origins.
ORS: 14745/30754 processed; 2974 requests; 7 unavailable origins.
ORS: 14750/30754 processed; 2975 requests; 7 unavailable origins.
ORS: 14755/30754 processed; 2976 requests; 7 unavailable origins.
ORS: 14760/30754 processed; 2977 requests; 7 unavailable origins.
ORS: 14765/30754 processed; 2978 requests; 7 unavailable origins.
ORS: 14770/30754 processed; 2979 requests; 7 unavailable origins.
ORS: 14775/30754 processed; 2980 requests; 7 unavailable origins.
ORS: 14780/30754 processed; 2981 requests; 7 unavailable origins.
ORS: 14785/30754 processed; 2982 requests; 7 unavailable origins.
ORS: 14790/30754 processed; 2983 requests; 7 unavailable origins.
ORS: 14795/30754 processed; 2984 requests; 7 unavailable origins.
ORS: 14800/30754 processed; 2985 requests; 7 unavailable origins.
ORS: 14805/30754 processed; 2986 requests; 7 unavailable origins.
ORS: 14810/30754 processed; 2987 requests; 7 unavailable origins.
ORS: 14815/30754 processed; 2988 requests; 7 unavailable origins.
ORS: 14820/30754 processed; 2989 requests; 7 unavailable origins.
ORS: 14825/30754 processed; 2990 requests; 7 unavailable origins.
ORS: 14830/30754 processed; 2991 requests; 7 unavailable origins.
ORS: 14835/30754 processed; 2992 requests; 7 unavailable origins.
ORS: 14840/30754 processed; 2993 requests; 7 unavailable origins.
ORS: 14845/30754 processed; 2994 requests; 7 unavailable origins.
ORS: 14850/30754 processed; 2995 requests; 7 unavailable origins.
ORS: 14855/30754 processed; 2996 requests; 7 unavailable origins.
ORS: 14860/30754 processed; 2997 requests; 7 unavailable origins.
ORS: 14865/30754 processed; 2998 requests; 7 unavailable origins.
ORS: 14870/30754 processed; 2999 requests; 7 unavailable origins.
ORS: 14875/30754 processed; 3000 requests; 7 unavailable origins.
ORS: 14880/30754 processed; 3001 requests; 7 unavailable origins.
ORS: 14885/30754 processed; 3002 requests; 7 unavailable origins.
ORS: 14890/30754 processed; 3003 requests; 7 unavailable origins.
ORS: 14895/30754 processed; 3004 requests; 7 unavailable origins.
ORS: 14900/30754 processed; 3005 requests; 7 unavailable origins.
ORS: 14905/30754 processed; 3006 requests; 7 unavailable origins.
ORS: 14910/30754 processed; 3007 requests; 7 unavailable origins.
ORS: 14915/30754 processed; 3008 requests; 7 unavailable origins.
ORS: 14920/30754 processed; 3009 requests; 7 unavailable origins.
ORS: 14925/30754 processed; 3010 requests; 7 unavailable origins.
ORS: 14930/30754 processed; 3011 requests; 7 unavailable origins.
ORS: 14935/30754 processed; 3012 requests; 7 unavailable origins.
ORS: 14940/30754 processed; 3013 requests; 7 unavailable origins.
ORS: 14945/30754 processed; 3014 requests; 7 unavailable origins.
ORS: 14950/30754 processed; 3015 requests; 7 unavailable origins.
ORS: 14955/30754 processed; 3016 requests; 7 unavailable origins.
ORS: 14960/30754 processed; 3017 requests; 7 unavailable origins.
ORS: 14965/30754 processed; 3018 requests; 7 unavailable origins.
ORS: 14970/30754 processed; 3019 requests; 7 unavailable origins.
ORS: 14975/30754 processed; 3020 requests; 7 unavailable origins.
ORS: 14980/30754 processed; 3021 requests; 7 unavailable origins.
ORS: 14985/30754 processed; 3022 requests; 7 unavailable origins.
ORS: 14990/30754 processed; 3023 requests; 7 unavailable origins.
ORS: 14995/30754 processed; 3024 requests; 7 unavailable origins.
ORS: 15000/30754 processed; 3025 requests; 7 unavailable origins.
ORS: 15005/30754 processed; 3026 requests; 7 unavailable origins.
ORS: 15010/30754 processed; 3027 requests; 7 unavailable origins.
ORS: 15015/30754 processed; 3028 requests; 7 unavailable origins.
ORS: 15020/30754 processed; 3029 requests; 7 unavailable origins.
ORS: 15025/30754 processed; 3030 requests; 7 unavailable origins.
ORS: 15030/30754 processed; 3031 requests; 7 unavailable origins.
ORS: 15035/30754 processed; 3032 requests; 7 unavailable origins.
ORS: 15040/30754 processed; 3033 requests; 7 unavailable origins.
ORS: 15045/30754 processed; 3034 requests; 7 unavailable origins.
ORS: 15050/30754 processed; 3035 requests; 7 unavailable origins.
ORS: 15055/30754 processed; 3036 requests; 7 unavailable origins.
ORS: 15060/30754 processed; 3037 requests; 7 unavailable origins.
ORS: 15065/30754 processed; 3038 requests; 7 unavailable origins.
ORS: 15070/30754 processed; 3039 requests; 7 unavailable origins.
ORS: 15075/30754 processed; 3040 requests; 7 unavailable origins.
ORS: 15080/30754 processed; 3041 requests; 7 unavailable origins.
ORS: 15085/30754 processed; 3042 requests; 7 unavailable origins.
ORS: 15090/30754 processed; 3043 requests; 7 unavailable origins.
ORS: 15095/30754 processed; 3044 requests; 7 unavailable origins.
ORS: 15100/30754 processed; 3045 requests; 7 unavailable origins.
ORS: 15105/30754 processed; 3046 requests; 7 unavailable origins.
ORS: 15110/30754 processed; 3047 requests; 7 unavailable origins.
ORS: 15115/30754 processed; 3048 requests; 7 unavailable origins.
ORS: 15120/30754 processed; 3049 requests; 7 unavailable origins.
ORS: 15125/30754 processed; 3050 requests; 7 unavailable origins.
ORS: 15130/30754 processed; 3051 requests; 7 unavailable origins.
ORS: 15135/30754 processed; 3052 requests; 7 unavailable origins.
ORS: 15140/30754 processed; 3053 requests; 7 unavailable origins.
ORS: 15145/30754 processed; 3054 requests; 7 unavailable origins.
ORS: 15150/30754 processed; 3055 requests; 7 unavailable origins.
ORS: 15155/30754 processed; 3056 requests; 7 unavailable origins.
ORS: 15160/30754 processed; 3057 requests; 7 unavailable origins.
ORS: 15165/30754 processed; 3058 requests; 7 unavailable origins.
ORS: 15170/30754 processed; 3059 requests; 7 unavailable origins.
ORS: 15175/30754 processed; 3060 requests; 7 unavailable origins.
ORS: 15180/30754 processed; 3061 requests; 7 unavailable origins.
ORS: 15185/30754 processed; 3062 requests; 7 unavailable origins.
ORS: 15190/30754 processed; 3063 requests; 7 unavailable origins.
ORS: 15195/30754 processed; 3064 requests; 7 unavailable origins.
ORS: 15200/30754 processed; 3065 requests; 7 unavailable origins.
ORS: 15205/30754 processed; 3066 requests; 7 unavailable origins.
ORS: 15210/30754 processed; 3067 requests; 7 unavailable origins.
ORS: 15215/30754 processed; 3068 requests; 7 unavailable origins.
ORS: 15220/30754 processed; 3069 requests; 7 unavailable origins.
ORS: 15225/30754 processed; 3070 requests; 7 unavailable origins.
ORS: 15230/30754 processed; 3071 requests; 7 unavailable origins.
ORS: 15235/30754 processed; 3072 requests; 7 unavailable origins.
ORS: 15240/30754 processed; 3073 requests; 7 unavailable origins.
ORS: 15245/30754 processed; 3074 requests; 7 unavailable origins.
ORS: 15250/30754 processed; 3075 requests; 7 unavailable origins.
ORS: 15255/30754 processed; 3076 requests; 7 unavailable origins.
ORS: 15260/30754 processed; 3077 requests; 7 unavailable origins.
ORS: 15265/30754 processed; 3078 requests; 7 unavailable origins.
ORS: 15270/30754 processed; 3079 requests; 7 unavailable origins.
ORS: 15275/30754 processed; 3080 requests; 7 unavailable origins.
ORS: 15280/30754 processed; 3081 requests; 7 unavailable origins.
ORS: 15285/30754 processed; 3082 requests; 7 unavailable origins.
ORS: 15290/30754 processed; 3083 requests; 7 unavailable origins.
ORS: 15295/30754 processed; 3084 requests; 7 unavailable origins.
ORS: 15300/30754 processed; 3085 requests; 7 unavailable origins.
ORS: 15305/30754 processed; 3086 requests; 7 unavailable origins.
ORS: 15310/30754 processed; 3087 requests; 7 unavailable origins.
ORS: 15315/30754 processed; 3088 requests; 7 unavailable origins.
ORS: 15320/30754 processed; 3089 requests; 7 unavailable origins.
ORS: 15325/30754 processed; 3090 requests; 7 unavailable origins.
ORS: 15330/30754 processed; 3091 requests; 7 unavailable origins.
ORS: 15335/30754 processed; 3092 requests; 7 unavailable origins.
ORS: 15340/30754 processed; 3093 requests; 7 unavailable origins.
ORS: 15345/30754 processed; 3094 requests; 7 unavailable origins.
ORS: 15350/30754 processed; 3095 requests; 7 unavailable origins.
ORS: 15355/30754 processed; 3096 requests; 7 unavailable origins.
ORS: 15360/30754 processed; 3097 requests; 7 unavailable origins.
ORS: 15365/30754 processed; 3098 requests; 7 unavailable origins.
ORS: 15370/30754 processed; 3099 requests; 7 unavailable origins.
ORS: 15375/30754 processed; 3100 requests; 7 unavailable origins.
ORS: 15380/30754 processed; 3101 requests; 7 unavailable origins.
ORS: 15385/30754 processed; 3102 requests; 7 unavailable origins.
ORS: 15390/30754 processed; 3103 requests; 7 unavailable origins.
ORS: 15395/30754 processed; 3104 requests; 7 unavailable origins.
ORS: 15400/30754 processed; 3105 requests; 7 unavailable origins.
ORS: 15405/30754 processed; 3106 requests; 7 unavailable origins.
ORS: 15410/30754 processed; 3107 requests; 7 unavailable origins.
ORS: 15415/30754 processed; 3108 requests; 7 unavailable origins.
ORS: 15420/30754 processed; 3109 requests; 7 unavailable origins.
ORS: 15425/30754 processed; 3110 requests; 7 unavailable origins.
ORS: 15430/30754 processed; 3111 requests; 7 unavailable origins.
ORS: 15435/30754 processed; 3112 requests; 7 unavailable origins.
ORS: 15440/30754 processed; 3113 requests; 7 unavailable origins.
ORS: 15445/30754 processed; 3114 requests; 7 unavailable origins.
ORS: 15450/30754 processed; 3115 requests; 7 unavailable origins.
ORS: 15455/30754 processed; 3116 requests; 7 unavailable origins.
ORS: 15460/30754 processed; 3117 requests; 7 unavailable origins.
ORS: 15465/30754 processed; 3118 requests; 7 unavailable origins.
ORS: 15470/30754 processed; 3119 requests; 7 unavailable origins.
ORS: 15475/30754 processed; 3120 requests; 7 unavailable origins.
ORS: 15480/30754 processed; 3121 requests; 7 unavailable origins.
ORS: 15485/30754 processed; 3122 requests; 7 unavailable origins.
ORS: 15490/30754 processed; 3123 requests; 7 unavailable origins.
ORS: 15495/30754 processed; 3124 requests; 7 unavailable origins.
ORS: 15500/30754 processed; 3125 requests; 7 unavailable origins.
ORS: 15505/30754 processed; 3126 requests; 7 unavailable origins.
ORS: 15510/30754 processed; 3127 requests; 7 unavailable origins.
ORS: 15515/30754 processed; 3128 requests; 7 unavailable origins.
ORS: 15520/30754 processed; 3129 requests; 7 unavailable origins.
ORS: 15525/30754 processed; 3130 requests; 7 unavailable origins.
ORS: 15530/30754 processed; 3131 requests; 7 unavailable origins.
ORS: 15535/30754 processed; 3132 requests; 7 unavailable origins.
ORS: 15540/30754 processed; 3133 requests; 7 unavailable origins.
ORS: 15545/30754 processed; 3134 requests; 7 unavailable origins.
ORS: 15550/30754 processed; 3135 requests; 7 unavailable origins.
ORS: 15555/30754 processed; 3136 requests; 7 unavailable origins.
ORS: 15560/30754 processed; 3137 requests; 7 unavailable origins.
ORS: 15565/30754 processed; 3138 requests; 7 unavailable origins.
ORS: 15570/30754 processed; 3139 requests; 7 unavailable origins.
ORS: 15575/30754 processed; 3140 requests; 7 unavailable origins.
ORS: 15580/30754 processed; 3141 requests; 7 unavailable origins.
ORS: 15585/30754 processed; 3142 requests; 7 unavailable origins.
ORS: 15590/30754 processed; 3143 requests; 7 unavailable origins.
ORS: 15595/30754 processed; 3144 requests; 7 unavailable origins.
ORS: 15600/30754 processed; 3145 requests; 7 unavailable origins.
ORS: 15605/30754 processed; 3146 requests; 7 unavailable origins.
ORS: 15610/30754 processed; 3147 requests; 7 unavailable origins.
ORS: 15615/30754 processed; 3148 requests; 7 unavailable origins.
ORS: 15620/30754 processed; 3149 requests; 7 unavailable origins.
ORS: 15625/30754 processed; 3150 requests; 7 unavailable origins.
ORS: 15630/30754 processed; 3151 requests; 7 unavailable origins.
ORS: 15635/30754 processed; 3152 requests; 7 unavailable origins.
ORS: 15640/30754 processed; 3153 requests; 7 unavailable origins.
ORS: 15645/30754 processed; 3154 requests; 7 unavailable origins.
ORS: 15650/30754 processed; 3155 requests; 7 unavailable origins.
ORS: 15655/30754 processed; 3156 requests; 7 unavailable origins.
ORS: 15660/30754 processed; 3157 requests; 7 unavailable origins.
ORS: 15665/30754 processed; 3158 requests; 7 unavailable origins.
ORS: 15670/30754 processed; 3159 requests; 7 unavailable origins.
ORS: 15675/30754 processed; 3160 requests; 7 unavailable origins.
ORS: 15680/30754 processed; 3161 requests; 7 unavailable origins.
ORS: 15685/30754 processed; 3162 requests; 7 unavailable origins.
ORS: 15690/30754 processed; 3163 requests; 7 unavailable origins.
ORS: 15695/30754 processed; 3164 requests; 7 unavailable origins.
ORS: 15700/30754 processed; 3165 requests; 7 unavailable origins.
ORS: 15705/30754 processed; 3166 requests; 7 unavailable origins.
ORS: 15710/30754 processed; 3167 requests; 7 unavailable origins.
ORS: 15715/30754 processed; 3168 requests; 7 unavailable origins.
ORS: 15720/30754 processed; 3169 requests; 7 unavailable origins.
ORS: 15725/30754 processed; 3170 requests; 7 unavailable origins.
ORS: 15730/30754 processed; 3171 requests; 7 unavailable origins.
ORS: 15735/30754 processed; 3172 requests; 7 unavailable origins.
ORS: 15740/30754 processed; 3173 requests; 7 unavailable origins.
ORS: 15745/30754 processed; 3174 requests; 7 unavailable origins.
ORS: 15750/30754 processed; 3175 requests; 7 unavailable origins.
ORS: 15755/30754 processed; 3176 requests; 7 unavailable origins.
ORS: 15760/30754 processed; 3177 requests; 7 unavailable origins.
ORS: 15765/30754 processed; 3178 requests; 7 unavailable origins.
ORS: 15770/30754 processed; 3179 requests; 7 unavailable origins.
ORS: 15775/30754 processed; 3180 requests; 7 unavailable origins.
ORS: 15780/30754 processed; 3181 requests; 7 unavailable origins.
ORS: 15785/30754 processed; 3182 requests; 7 unavailable origins.
ORS: 15790/30754 processed; 3183 requests; 7 unavailable origins.
ORS: 15795/30754 processed; 3184 requests; 7 unavailable origins.
ORS: 15800/30754 processed; 3185 requests; 7 unavailable origins.
ORS: 15805/30754 processed; 3186 requests; 7 unavailable origins.
ORS: 15810/30754 processed; 3187 requests; 7 unavailable origins.
ORS: 15815/30754 processed; 3188 requests; 7 unavailable origins.
ORS: 15820/30754 processed; 3189 requests; 7 unavailable origins.
ORS: 15825/30754 processed; 3190 requests; 7 unavailable origins.
ORS: 15830/30754 processed; 3191 requests; 7 unavailable origins.
ORS: 15835/30754 processed; 3192 requests; 7 unavailable origins.
ORS: 15840/30754 processed; 3193 requests; 7 unavailable origins.
ORS: 15845/30754 processed; 3194 requests; 7 unavailable origins.
ORS: 15850/30754 processed; 3195 requests; 7 unavailable origins.
ORS: 15855/30754 processed; 3196 requests; 7 unavailable origins.
ORS: 15860/30754 processed; 3197 requests; 7 unavailable origins.
ORS: 15865/30754 processed; 3198 requests; 7 unavailable origins.
ORS: 15870/30754 processed; 3199 requests; 7 unavailable origins.
ORS: 15875/30754 processed; 3200 requests; 7 unavailable origins.
ORS: 15880/30754 processed; 3201 requests; 7 unavailable origins.
ORS: 15885/30754 processed; 3202 requests; 7 unavailable origins.
ORS: 15890/30754 processed; 3203 requests; 7 unavailable origins.
ORS: 15895/30754 processed; 3204 requests; 7 unavailable origins.
ORS: 15900/30754 processed; 3205 requests; 7 unavailable origins.
ORS: 15905/30754 processed; 3206 requests; 7 unavailable origins.
ORS: 15910/30754 processed; 3207 requests; 7 unavailable origins.
ORS: 15915/30754 processed; 3208 requests; 7 unavailable origins.
ORS: 15920/30754 processed; 3209 requests; 7 unavailable origins.
ORS: 15925/30754 processed; 3210 requests; 7 unavailable origins.
ORS: 15930/30754 processed; 3211 requests; 7 unavailable origins.
ORS: 15935/30754 processed; 3212 requests; 7 unavailable origins.
ORS: 15940/30754 processed; 3213 requests; 7 unavailable origins.
ORS: 15945/30754 processed; 3214 requests; 7 unavailable origins.
ORS: 15950/30754 processed; 3215 requests; 7 unavailable origins.
ORS: 15955/30754 processed; 3216 requests; 7 unavailable origins.
ORS: 15960/30754 processed; 3217 requests; 7 unavailable origins.
ORS: 15965/30754 processed; 3218 requests; 7 unavailable origins.
ORS: 15970/30754 processed; 3219 requests; 7 unavailable origins.
ORS: 15975/30754 processed; 3220 requests; 7 unavailable origins.
ORS: 15980/30754 processed; 3221 requests; 7 unavailable origins.
ORS: 15985/30754 processed; 3222 requests; 7 unavailable origins.
ORS: 15990/30754 processed; 3223 requests; 7 unavailable origins.
ORS: 15995/30754 processed; 3224 requests; 7 unavailable origins.
ORS: 16000/30754 processed; 3225 requests; 7 unavailable origins.
ORS: 16005/30754 processed; 3226 requests; 7 unavailable origins.
ORS: 16010/30754 processed; 3227 requests; 7 unavailable origins.
ORS: 16015/30754 processed; 3228 requests; 7 unavailable origins.
ORS: 16020/30754 processed; 3229 requests; 7 unavailable origins.
ORS: 16025/30754 processed; 3230 requests; 7 unavailable origins.
ORS: 16030/30754 processed; 3231 requests; 7 unavailable origins.
ORS: 16035/30754 processed; 3232 requests; 7 unavailable origins.
ORS: 16040/30754 processed; 3233 requests; 7 unavailable origins.
ORS: 16045/30754 processed; 3234 requests; 7 unavailable origins.
ORS: 16050/30754 processed; 3235 requests; 7 unavailable origins.
ORS: 16055/30754 processed; 3236 requests; 7 unavailable origins.
ORS: 16060/30754 processed; 3237 requests; 7 unavailable origins.
ORS: 16065/30754 processed; 3238 requests; 7 unavailable origins.
ORS: 16070/30754 processed; 3239 requests; 7 unavailable origins.
ORS: 16075/30754 processed; 3240 requests; 7 unavailable origins.
ORS: 16080/30754 processed; 3241 requests; 7 unavailable origins.
ORS: 16085/30754 processed; 3242 requests; 7 unavailable origins.
ORS: 16090/30754 processed; 3243 requests; 7 unavailable origins.
ORS: 16095/30754 processed; 3244 requests; 7 unavailable origins.
ORS: 16100/30754 processed; 3245 requests; 7 unavailable origins.
ORS: 16105/30754 processed; 3246 requests; 7 unavailable origins.
ORS: 16110/30754 processed; 3247 requests; 7 unavailable origins.
ORS: 16115/30754 processed; 3248 requests; 7 unavailable origins.
ORS: 16120/30754 processed; 3249 requests; 7 unavailable origins.
ORS: 16125/30754 processed; 3250 requests; 7 unavailable origins.
ORS: 16130/30754 processed; 3251 requests; 7 unavailable origins.
ORS: 16135/30754 processed; 3252 requests; 7 unavailable origins.
ORS: 16140/30754 processed; 3253 requests; 7 unavailable origins.
ORS: 16145/30754 processed; 3254 requests; 7 unavailable origins.
ORS: 16150/30754 processed; 3255 requests; 7 unavailable origins.
ORS: 16155/30754 processed; 3256 requests; 7 unavailable origins.
ORS: 16160/30754 processed; 3257 requests; 7 unavailable origins.
ORS: 16165/30754 processed; 3258 requests; 7 unavailable origins.
ORS: 16170/30754 processed; 3259 requests; 7 unavailable origins.
ORS: 16175/30754 processed; 3260 requests; 7 unavailable origins.
ORS: 16180/30754 processed; 3261 requests; 7 unavailable origins.
ORS: 16185/30754 processed; 3262 requests; 7 unavailable origins.
ORS: 16190/30754 processed; 3263 requests; 7 unavailable origins.
ORS: 16195/30754 processed; 3264 requests; 7 unavailable origins.
ORS: 16200/30754 processed; 3265 requests; 7 unavailable origins.
ORS: 16205/30754 processed; 3266 requests; 7 unavailable origins.
ORS: 16210/30754 processed; 3267 requests; 7 unavailable origins.
ORS: 16215/30754 processed; 3268 requests; 7 unavailable origins.
ORS: 16220/30754 processed; 3269 requests; 7 unavailable origins.
ORS: 16225/30754 processed; 3270 requests; 7 unavailable origins.
ORS: 16230/30754 processed; 3271 requests; 7 unavailable origins.
ORS: 16235/30754 processed; 3272 requests; 7 unavailable origins.
ORS: 16240/30754 processed; 3273 requests; 7 unavailable origins.
ORS: 16245/30754 processed; 3274 requests; 7 unavailable origins.
ORS: 16250/30754 processed; 3275 requests; 7 unavailable origins.
ORS: 16255/30754 processed; 3276 requests; 7 unavailable origins.
ORS: 16260/30754 processed; 3277 requests; 7 unavailable origins.
ORS: 16265/30754 processed; 3278 requests; 7 unavailable origins.
ORS: 16270/30754 processed; 3279 requests; 7 unavailable origins.
ORS: 16275/30754 processed; 3280 requests; 7 unavailable origins.
ORS: 16280/30754 processed; 3281 requests; 7 unavailable origins.
ORS: 16285/30754 processed; 3282 requests; 7 unavailable origins.
ORS: 16290/30754 processed; 3283 requests; 7 unavailable origins.
ORS: 16295/30754 processed; 3284 requests; 7 unavailable origins.
ORS: 16300/30754 processed; 3285 requests; 7 unavailable origins.
ORS: 16305/30754 processed; 3286 requests; 7 unavailable origins.
ORS: 16310/30754 processed; 3287 requests; 7 unavailable origins.
ORS: 16315/30754 processed; 3288 requests; 7 unavailable origins.
ORS: 16320/30754 processed; 3289 requests; 7 unavailable origins.
ORS: 16325/30754 processed; 3290 requests; 7 unavailable origins.
ORS: 16330/30754 processed; 3291 requests; 7 unavailable origins.
ORS: 16335/30754 processed; 3292 requests; 7 unavailable origins.
ORS: 16340/30754 processed; 3293 requests; 7 unavailable origins.
ORS: 16345/30754 processed; 3294 requests; 7 unavailable origins.
ORS: 16350/30754 processed; 3295 requests; 7 unavailable origins.
ORS: 16355/30754 processed; 3296 requests; 7 unavailable origins.
ORS: 16360/30754 processed; 3297 requests; 7 unavailable origins.
ORS: 16365/30754 processed; 3298 requests; 7 unavailable origins.
ORS: 16370/30754 processed; 3299 requests; 7 unavailable origins.
ORS: 16375/30754 processed; 3300 requests; 7 unavailable origins.
ORS: 16380/30754 processed; 3301 requests; 7 unavailable origins.
ORS: 16385/30754 processed; 3302 requests; 7 unavailable origins.
ORS: 16390/30754 processed; 3303 requests; 7 unavailable origins.
ORS: 16395/30754 processed; 3304 requests; 7 unavailable origins.
ORS: 16400/30754 processed; 3305 requests; 7 unavailable origins.
ORS: 16405/30754 processed; 3306 requests; 7 unavailable origins.
ORS: 16410/30754 processed; 3307 requests; 7 unavailable origins.
ORS: 16415/30754 processed; 3308 requests; 7 unavailable origins.
ORS: 16420/30754 processed; 3309 requests; 7 unavailable origins.
ORS: 16425/30754 processed; 3310 requests; 7 unavailable origins.
ORS: 16430/30754 processed; 3311 requests; 7 unavailable origins.
ORS: 16435/30754 processed; 3312 requests; 7 unavailable origins.
ORS: 16440/30754 processed; 3313 requests; 7 unavailable origins.
ORS: 16445/30754 processed; 3314 requests; 7 unavailable origins.
ORS: 16450/30754 processed; 3315 requests; 7 unavailable origins.
ORS: 16455/30754 processed; 3316 requests; 7 unavailable origins.
ORS: 16460/30754 processed; 3317 requests; 7 unavailable origins.
ORS: 16465/30754 processed; 3318 requests; 7 unavailable origins.
ORS: 16470/30754 processed; 3319 requests; 7 unavailable origins.
ORS: 16475/30754 processed; 3320 requests; 7 unavailable origins.
ORS: 16480/30754 processed; 3321 requests; 7 unavailable origins.
ORS: 16485/30754 processed; 3322 requests; 7 unavailable origins.
ORS: 16490/30754 processed; 3323 requests; 7 unavailable origins.
ORS: 16495/30754 processed; 3324 requests; 7 unavailable origins.
ORS: 16500/30754 processed; 3325 requests; 7 unavailable origins.
ORS: 16505/30754 processed; 3326 requests; 7 unavailable origins.
ORS: 16510/30754 processed; 3327 requests; 7 unavailable origins.
ORS: 16515/30754 processed; 3328 requests; 7 unavailable origins.
ORS: 16520/30754 processed; 3329 requests; 7 unavailable origins.
ORS: 16525/30754 processed; 3330 requests; 7 unavailable origins.
ORS: 16530/30754 processed; 3331 requests; 7 unavailable origins.
ORS: 16535/30754 processed; 3332 requests; 7 unavailable origins.
ORS: 16540/30754 processed; 3333 requests; 7 unavailable origins.
ORS: 16545/30754 processed; 3334 requests; 7 unavailable origins.
ORS: 16550/30754 processed; 3335 requests; 7 unavailable origins.
ORS: 16555/30754 processed; 3336 requests; 7 unavailable origins.
ORS: 16560/30754 processed; 3337 requests; 7 unavailable origins.
ORS: 16565/30754 processed; 3338 requests; 7 unavailable origins.
ORS: 16570/30754 processed; 3339 requests; 7 unavailable origins.
ORS: 16575/30754 processed; 3340 requests; 7 unavailable origins.
ORS: 16580/30754 processed; 3341 requests; 7 unavailable origins.
ORS: 16585/30754 processed; 3342 requests; 7 unavailable origins.
ORS: 16590/30754 processed; 3343 requests; 7 unavailable origins.
ORS: 16595/30754 processed; 3344 requests; 7 unavailable origins.
ORS: 16600/30754 processed; 3345 requests; 7 unavailable origins.
ORS: 16605/30754 processed; 3346 requests; 7 unavailable origins.
ORS: 16610/30754 processed; 3347 requests; 7 unavailable origins.
ORS: 16615/30754 processed; 3348 requests; 7 unavailable origins.
ORS: 16620/30754 processed; 3349 requests; 7 unavailable origins.
ORS: 16625/30754 processed; 3350 requests; 7 unavailable origins.
ORS: 16630/30754 processed; 3351 requests; 7 unavailable origins.
ORS: 16635/30754 processed; 3352 requests; 7 unavailable origins.
ORS: 16640/30754 processed; 3353 requests; 7 unavailable origins.
ORS: 16645/30754 processed; 3354 requests; 7 unavailable origins.
ORS: 16650/30754 processed; 3355 requests; 7 unavailable origins.
ORS: 16655/30754 processed; 3356 requests; 7 unavailable origins.
ORS: 16660/30754 processed; 3357 requests; 7 unavailable origins.
ORS: 16665/30754 processed; 3358 requests; 7 unavailable origins.
ORS: 16670/30754 processed; 3359 requests; 7 unavailable origins.
ORS: 16675/30754 processed; 3360 requests; 7 unavailable origins.
ORS: 16680/30754 processed; 3361 requests; 7 unavailable origins.
ORS: 16685/30754 processed; 3362 requests; 7 unavailable origins.
ORS: 16690/30754 processed; 3363 requests; 7 unavailable origins.
ORS: 16695/30754 processed; 3364 requests; 7 unavailable origins.
ORS: 16700/30754 processed; 3365 requests; 7 unavailable origins.
ORS: 16705/30754 processed; 3366 requests; 7 unavailable origins.
ORS: 16710/30754 processed; 3367 requests; 7 unavailable origins.
ORS: 16715/30754 processed; 3368 requests; 7 unavailable origins.
ORS: 16720/30754 processed; 3369 requests; 7 unavailable origins.
ORS: 16725/30754 processed; 3370 requests; 7 unavailable origins.
ORS: 16730/30754 processed; 3371 requests; 7 unavailable origins.
ORS: 16735/30754 processed; 3372 requests; 7 unavailable origins.
ORS: 16740/30754 processed; 3373 requests; 7 unavailable origins.
ORS: 16745/30754 processed; 3374 requests; 7 unavailable origins.
ORS: 16750/30754 processed; 3375 requests; 7 unavailable origins.
ORS: 16755/30754 processed; 3376 requests; 7 unavailable origins.
ORS: 16760/30754 processed; 3377 requests; 7 unavailable origins.
ORS: 16765/30754 processed; 3378 requests; 7 unavailable origins.
ORS: 16770/30754 processed; 3379 requests; 7 unavailable origins.
ORS: 16775/30754 processed; 3380 requests; 7 unavailable origins.
ORS: 16780/30754 processed; 3381 requests; 7 unavailable origins.
ORS: 16785/30754 processed; 3382 requests; 7 unavailable origins.
ORS: 16790/30754 processed; 3383 requests; 7 unavailable origins.
ORS: 16795/30754 processed; 3384 requests; 7 unavailable origins.
ORS: 16800/30754 processed; 3385 requests; 7 unavailable origins.
ORS: 16805/30754 processed; 3386 requests; 7 unavailable origins.
ORS: 16810/30754 processed; 3387 requests; 7 unavailable origins.
ORS: 16815/30754 processed; 3388 requests; 7 unavailable origins.
ORS: 16820/30754 processed; 3389 requests; 7 unavailable origins.
ORS: 16825/30754 processed; 3390 requests; 7 unavailable origins.
ORS: 16830/30754 processed; 3391 requests; 7 unavailable origins.
ORS: 16835/30754 processed; 3392 requests; 7 unavailable origins.
ORS: 16840/30754 processed; 3393 requests; 7 unavailable origins.
ORS: 16845/30754 processed; 3394 requests; 7 unavailable origins.
ORS: 16850/30754 processed; 3395 requests; 7 unavailable origins.
ORS: 16855/30754 processed; 3396 requests; 7 unavailable origins.
ORS: 16860/30754 processed; 3397 requests; 7 unavailable origins.
ORS: 16865/30754 processed; 3398 requests; 7 unavailable origins.
ORS: 16870/30754 processed; 3399 requests; 7 unavailable origins.
ORS: 16875/30754 processed; 3400 requests; 7 unavailable origins.
ORS: 16880/30754 processed; 3401 requests; 7 unavailable origins.
ORS: 16885/30754 processed; 3402 requests; 7 unavailable origins.
ORS: 16890/30754 processed; 3403 requests; 7 unavailable origins.
ORS: 16895/30754 processed; 3404 requests; 7 unavailable origins.
ORS: 16900/30754 processed; 3405 requests; 7 unavailable origins.
ORS: 16905/30754 processed; 3406 requests; 7 unavailable origins.
ORS: 16910/30754 processed; 3407 requests; 7 unavailable origins.
ORS: 16915/30754 processed; 3408 requests; 7 unavailable origins.
ORS: 16920/30754 processed; 3409 requests; 7 unavailable origins.
ORS: 16925/30754 processed; 3410 requests; 7 unavailable origins.
ORS: 16930/30754 processed; 3411 requests; 7 unavailable origins.
ORS: 16935/30754 processed; 3412 requests; 7 unavailable origins.
ORS: 16940/30754 processed; 3413 requests; 7 unavailable origins.
ORS: 16945/30754 processed; 3414 requests; 7 unavailable origins.
ORS: 16950/30754 processed; 3415 requests; 7 unavailable origins.
ORS: 16955/30754 processed; 3416 requests; 7 unavailable origins.
ORS: 16960/30754 processed; 3417 requests; 7 unavailable origins.
ORS: 16965/30754 processed; 3418 requests; 7 unavailable origins.
ORS: 16970/30754 processed; 3419 requests; 7 unavailable origins.
ORS: 16975/30754 processed; 3420 requests; 7 unavailable origins.
ORS: 16980/30754 processed; 3421 requests; 7 unavailable origins.
ORS: 16985/30754 processed; 3422 requests; 7 unavailable origins.
ORS: 16990/30754 processed; 3423 requests; 7 unavailable origins.
ORS: 16995/30754 processed; 3424 requests; 7 unavailable origins.
ORS: 17000/30754 processed; 3425 requests; 7 unavailable origins.
ORS: 17005/30754 processed; 3426 requests; 7 unavailable origins.
ORS: 17010/30754 processed; 3427 requests; 7 unavailable origins.
ORS: 17015/30754 processed; 3428 requests; 7 unavailable origins.
ORS: 17020/30754 processed; 3429 requests; 7 unavailable origins.
ORS: 17025/30754 processed; 3430 requests; 7 unavailable origins.
ORS: 17030/30754 processed; 3431 requests; 7 unavailable origins.
ORS: 17035/30754 processed; 3432 requests; 7 unavailable origins.
ORS: 17040/30754 processed; 3433 requests; 7 unavailable origins.
ORS: 17045/30754 processed; 3434 requests; 7 unavailable origins.
ORS: 17050/30754 processed; 3435 requests; 7 unavailable origins.
ORS: 17055/30754 processed; 3436 requests; 7 unavailable origins.
ORS: 17060/30754 processed; 3437 requests; 7 unavailable origins.
ORS: 17065/30754 processed; 3438 requests; 7 unavailable origins.
ORS: 17070/30754 processed; 3439 requests; 7 unavailable origins.
ORS: 17075/30754 processed; 3440 requests; 7 unavailable origins.
ORS: 17080/30754 processed; 3441 requests; 7 unavailable origins.
ORS: 17085/30754 processed; 3442 requests; 7 unavailable origins.
ORS: 17090/30754 processed; 3443 requests; 7 unavailable origins.
ORS: 17095/30754 processed; 3444 requests; 7 unavailable origins.
ORS: 17100/30754 processed; 3445 requests; 7 unavailable origins.
ORS: 17105/30754 processed; 3446 requests; 7 unavailable origins.
ORS: 17110/30754 processed; 3447 requests; 7 unavailable origins.
ORS: 17115/30754 processed; 3448 requests; 7 unavailable origins.
ORS: 17120/30754 processed; 3449 requests; 7 unavailable origins.
ORS: 17125/30754 processed; 3450 requests; 7 unavailable origins.
ORS: 17130/30754 processed; 3451 requests; 7 unavailable origins.
ORS: 17135/30754 processed; 3452 requests; 7 unavailable origins.
ORS: 17140/30754 processed; 3453 requests; 7 unavailable origins.
ORS: 17145/30754 processed; 3454 requests; 7 unavailable origins.
ORS: 17150/30754 processed; 3455 requests; 7 unavailable origins.
ORS: 17155/30754 processed; 3456 requests; 7 unavailable origins.
ORS: 17160/30754 processed; 3457 requests; 7 unavailable origins.
ORS: 17165/30754 processed; 3458 requests; 7 unavailable origins.
ORS: 17170/30754 processed; 3459 requests; 7 unavailable origins.
ORS: 17175/30754 processed; 3460 requests; 7 unavailable origins.
ORS: 17180/30754 processed; 3461 requests; 7 unavailable origins.
ORS: 17185/30754 processed; 3462 requests; 7 unavailable origins.
ORS: 17190/30754 processed; 3463 requests; 7 unavailable origins.
ORS: 17195/30754 processed; 3464 requests; 7 unavailable origins.
ORS: 17200/30754 processed; 3465 requests; 7 unavailable origins.
ORS: 17205/30754 processed; 3466 requests; 7 unavailable origins.
ORS: 17210/30754 processed; 3467 requests; 7 unavailable origins.
ORS: 17215/30754 processed; 3468 requests; 7 unavailable origins.
ORS: 17220/30754 processed; 3469 requests; 7 unavailable origins.
ORS: 17225/30754 processed; 3470 requests; 7 unavailable origins.
ORS: 17230/30754 processed; 3471 requests; 7 unavailable origins.
ORS: 17235/30754 processed; 3472 requests; 7 unavailable origins.
ORS: 17240/30754 processed; 3473 requests; 7 unavailable origins.
ORS: 17245/30754 processed; 3474 requests; 7 unavailable origins.
ORS: 17250/30754 processed; 3475 requests; 7 unavailable origins.
ORS: 17255/30754 processed; 3476 requests; 7 unavailable origins.
ORS: 17260/30754 processed; 3477 requests; 7 unavailable origins.
ORS: 17265/30754 processed; 3478 requests; 7 unavailable origins.
ORS: 17270/30754 processed; 3479 requests; 7 unavailable origins.
ORS: 17275/30754 processed; 3480 requests; 7 unavailable origins.
ORS: 17280/30754 processed; 3481 requests; 7 unavailable origins.
ORS: 17285/30754 processed; 3482 requests; 7 unavailable origins.
ORS: 17290/30754 processed; 3483 requests; 7 unavailable origins.
ORS: 17295/30754 processed; 3484 requests; 7 unavailable origins.
ORS: 17300/30754 processed; 3485 requests; 7 unavailable origins.
ORS: 17305/30754 processed; 3486 requests; 7 unavailable origins.
ORS: 17310/30754 processed; 3487 requests; 7 unavailable origins.
ORS: 17315/30754 processed; 3488 requests; 7 unavailable origins.
ORS: 17320/30754 processed; 3489 requests; 7 unavailable origins.
ORS: 17325/30754 processed; 3490 requests; 7 unavailable origins.
ORS: 17330/30754 processed; 3491 requests; 7 unavailable origins.
ORS: 17335/30754 processed; 3492 requests; 7 unavailable origins.
ORS: 17340/30754 processed; 3493 requests; 7 unavailable origins.
ORS: 17345/30754 processed; 3494 requests; 7 unavailable origins.
ORS: 17350/30754 processed; 3495 requests; 7 unavailable origins.
ORS: 17355/30754 processed; 3496 requests; 7 unavailable origins.
ORS: 17360/30754 processed; 3497 requests; 7 unavailable origins.
ORS: 17365/30754 processed; 3498 requests; 7 unavailable origins.
ORS: 17370/30754 processed; 3499 requests; 7 unavailable origins.
ORS: 17375/30754 processed; 3500 requests; 7 unavailable origins.
ORS: 17380/30754 processed; 3501 requests; 7 unavailable origins.
ORS: 17385/30754 processed; 3502 requests; 7 unavailable origins.
ORS: 17390/30754 processed; 3503 requests; 7 unavailable origins.
ORS: 17395/30754 processed; 3504 requests; 7 unavailable origins.
ORS: 17400/30754 processed; 3505 requests; 7 unavailable origins.
ORS: 17405/30754 processed; 3506 requests; 7 unavailable origins.
ORS: 17410/30754 processed; 3507 requests; 7 unavailable origins.
ORS: 17415/30754 processed; 3508 requests; 7 unavailable origins.
ORS: 17420/30754 processed; 3509 requests; 7 unavailable origins.
ORS: 17425/30754 processed; 3510 requests; 7 unavailable origins.
ORS: 17430/30754 processed; 3511 requests; 7 unavailable origins.
ORS: 17435/30754 processed; 3512 requests; 7 unavailable origins.
ORS: 17440/30754 processed; 3513 requests; 7 unavailable origins.
ORS: 17445/30754 processed; 3514 requests; 7 unavailable origins.
ORS: 17450/30754 processed; 3515 requests; 7 unavailable origins.
ORS: 17455/30754 processed; 3516 requests; 7 unavailable origins.
ORS: 17460/30754 processed; 3517 requests; 7 unavailable origins.
ORS: 17465/30754 processed; 3518 requests; 7 unavailable origins.
ORS: 17470/30754 processed; 3519 requests; 7 unavailable origins.
ORS: 17475/30754 processed; 3520 requests; 7 unavailable origins.
ORS: 17480/30754 processed; 3521 requests; 7 unavailable origins.
ORS: 17485/30754 processed; 3522 requests; 7 unavailable origins.
ORS: 17490/30754 processed; 3523 requests; 7 unavailable origins.
ORS: 17495/30754 processed; 3524 requests; 7 unavailable origins.
ORS: 17500/30754 processed; 3525 requests; 7 unavailable origins.
ORS: 17505/30754 processed; 3526 requests; 7 unavailable origins.
ORS: 17510/30754 processed; 3527 requests; 7 unavailable origins.
ORS: 17515/30754 processed; 3528 requests; 7 unavailable origins.
ORS: 17520/30754 processed; 3529 requests; 7 unavailable origins.
ORS: 17525/30754 processed; 3530 requests; 7 unavailable origins.
ORS: 17530/30754 processed; 3531 requests; 7 unavailable origins.
ORS: 17535/30754 processed; 3532 requests; 7 unavailable origins.
ORS: 17540/30754 processed; 3533 requests; 7 unavailable origins.
ORS: 17545/30754 processed; 3534 requests; 7 unavailable origins.
ORS: 17550/30754 processed; 3535 requests; 7 unavailable origins.
ORS: 17555/30754 processed; 3536 requests; 7 unavailable origins.
ORS: 17560/30754 processed; 3537 requests; 7 unavailable origins.
ORS: 17565/30754 processed; 3538 requests; 7 unavailable origins.
ORS: 17570/30754 processed; 3539 requests; 7 unavailable origins.
ORS: 17575/30754 processed; 3540 requests; 7 unavailable origins.
ORS: 17580/30754 processed; 3541 requests; 7 unavailable origins.
ORS: 17585/30754 processed; 3542 requests; 7 unavailable origins.
ORS: 17590/30754 processed; 3543 requests; 7 unavailable origins.
ORS: 17595/30754 processed; 3544 requests; 7 unavailable origins.
ORS: 17600/30754 processed; 3545 requests; 7 unavailable origins.
ORS: 17605/30754 processed; 3546 requests; 7 unavailable origins.
ORS: 17610/30754 processed; 3547 requests; 7 unavailable origins.
ORS: 17615/30754 processed; 3548 requests; 7 unavailable origins.
ORS: 17620/30754 processed; 3549 requests; 7 unavailable origins.
ORS: 17625/30754 processed; 3550 requests; 7 unavailable origins.
ORS: 17630/30754 processed; 3551 requests; 7 unavailable origins.
ORS: 17635/30754 processed; 3552 requests; 7 unavailable origins.
ORS: 17640/30754 processed; 3553 requests; 7 unavailable origins.
ORS: 17645/30754 processed; 3554 requests; 7 unavailable origins.
ORS: 17650/30754 processed; 3555 requests; 7 unavailable origins.
ORS: 17655/30754 processed; 3556 requests; 7 unavailable origins.
ORS: 17660/30754 processed; 3557 requests; 7 unavailable origins.
ORS: 17665/30754 processed; 3558 requests; 7 unavailable origins.
ORS: 17670/30754 processed; 3559 requests; 7 unavailable origins.
ORS: 17675/30754 processed; 3560 requests; 7 unavailable origins.
ORS: 17680/30754 processed; 3561 requests; 7 unavailable origins.
ORS: 17685/30754 processed; 3562 requests; 7 unavailable origins.
ORS: 17690/30754 processed; 3563 requests; 7 unavailable origins.
ORS: 17695/30754 processed; 3564 requests; 7 unavailable origins.
ORS: 17700/30754 processed; 3565 requests; 7 unavailable origins.
ORS: 17705/30754 processed; 3566 requests; 7 unavailable origins.
ORS: 17710/30754 processed; 3567 requests; 7 unavailable origins.
ORS: 17715/30754 processed; 3568 requests; 7 unavailable origins.
ORS: 17720/30754 processed; 3569 requests; 7 unavailable origins.
ORS: 17725/30754 processed; 3570 requests; 7 unavailable origins.
ORS: 17730/30754 processed; 3571 requests; 7 unavailable origins.
ORS: 17735/30754 processed; 3572 requests; 7 unavailable origins.
ORS: 17740/30754 processed; 3573 requests; 7 unavailable origins.
ORS: 17745/30754 processed; 3574 requests; 7 unavailable origins.
ORS: 17750/30754 processed; 3575 requests; 7 unavailable origins.
ORS: 17755/30754 processed; 3576 requests; 7 unavailable origins.
ORS: 17760/30754 processed; 3577 requests; 7 unavailable origins.
ORS: 17765/30754 processed; 3578 requests; 7 unavailable origins.
ORS: 17770/30754 processed; 3579 requests; 7 unavailable origins.
ORS: 17775/30754 processed; 3580 requests; 7 unavailable origins.
ORS: 17780/30754 processed; 3581 requests; 7 unavailable origins.
ORS: 17785/30754 processed; 3582 requests; 7 unavailable origins.
ORS: 17790/30754 processed; 3583 requests; 7 unavailable origins.
ORS: 17795/30754 processed; 3584 requests; 7 unavailable origins.
ORS: 17800/30754 processed; 3585 requests; 7 unavailable origins.
ORS: 17805/30754 processed; 3586 requests; 7 unavailable origins.
ORS: 17810/30754 processed; 3587 requests; 7 unavailable origins.
ORS: 17815/30754 processed; 3588 requests; 7 unavailable origins.
ORS: 17820/30754 processed; 3589 requests; 7 unavailable origins.
ORS: 17825/30754 processed; 3590 requests; 7 unavailable origins.
ORS: 17830/30754 processed; 3591 requests; 7 unavailable origins.
ORS: 17835/30754 processed; 3592 requests; 7 unavailable origins.
ORS: 17840/30754 processed; 3593 requests; 7 unavailable origins.
ORS: 17845/30754 processed; 3594 requests; 7 unavailable origins.
ORS: 17850/30754 processed; 3595 requests; 7 unavailable origins.
ORS: 17855/30754 processed; 3596 requests; 7 unavailable origins.
ORS: 17860/30754 processed; 3597 requests; 7 unavailable origins.
ORS: 17865/30754 processed; 3598 requests; 7 unavailable origins.
ORS: 17870/30754 processed; 3599 requests; 7 unavailable origins.
ORS: 17875/30754 processed; 3600 requests; 7 unavailable origins.
ORS: 17880/30754 processed; 3601 requests; 7 unavailable origins.
ORS: 17885/30754 processed; 3602 requests; 7 unavailable origins.
ORS: 17890/30754 processed; 3603 requests; 7 unavailable origins.
ORS: 17895/30754 processed; 3604 requests; 7 unavailable origins.
ORS: 17900/30754 processed; 3605 requests; 7 unavailable origins.
ORS: 17905/30754 processed; 3606 requests; 7 unavailable origins.
ORS: 17910/30754 processed; 3607 requests; 7 unavailable origins.
ORS: 17915/30754 processed; 3608 requests; 7 unavailable origins.
ORS: 17920/30754 processed; 3609 requests; 7 unavailable origins.
ORS: 17925/30754 processed; 3610 requests; 7 unavailable origins.
ORS: 17930/30754 processed; 3611 requests; 7 unavailable origins.
ORS: 17935/30754 processed; 3612 requests; 7 unavailable origins.
ORS: 17940/30754 processed; 3613 requests; 7 unavailable origins.
ORS: 17945/30754 processed; 3614 requests; 7 unavailable origins.
ORS: 17950/30754 processed; 3615 requests; 7 unavailable origins.
ORS: 17955/30754 processed; 3616 requests; 7 unavailable origins.
ORS: 17960/30754 processed; 3617 requests; 7 unavailable origins.
ORS: 17965/30754 processed; 3618 requests; 7 unavailable origins.
ORS: 17970/30754 processed; 3619 requests; 7 unavailable origins.
ORS: 17975/30754 processed; 3620 requests; 7 unavailable origins.
ORS: 17980/30754 processed; 3621 requests; 7 unavailable origins.
ORS: 17985/30754 processed; 3622 requests; 7 unavailable origins.
ORS: 17990/30754 processed; 3623 requests; 7 unavailable origins.
ORS: 17995/30754 processed; 3624 requests; 7 unavailable origins.
ORS: 18000/30754 processed; 3625 requests; 7 unavailable origins.
ORS: 18005/30754 processed; 3626 requests; 7 unavailable origins.
ORS: 18010/30754 processed; 3627 requests; 7 unavailable origins.
ORS: 18015/30754 processed; 3628 requests; 7 unavailable origins.
ORS: 18020/30754 processed; 3629 requests; 7 unavailable origins.
ORS: 18025/30754 processed; 3630 requests; 7 unavailable origins.
ORS: 18030/30754 processed; 3631 requests; 7 unavailable origins.
ORS: 18035/30754 processed; 3632 requests; 7 unavailable origins.
ORS: 18040/30754 processed; 3633 requests; 7 unavailable origins.
ORS: 18045/30754 processed; 3634 requests; 7 unavailable origins.
ORS: 18050/30754 processed; 3635 requests; 7 unavailable origins.
ORS: 18055/30754 processed; 3636 requests; 7 unavailable origins.
ORS: 18060/30754 processed; 3637 requests; 7 unavailable origins.
ORS: 18065/30754 processed; 3638 requests; 7 unavailable origins.
ORS: 18070/30754 processed; 3639 requests; 7 unavailable origins.
ORS: 18075/30754 processed; 3640 requests; 7 unavailable origins.
ORS: 18080/30754 processed; 3641 requests; 7 unavailable origins.
ORS: 18085/30754 processed; 3642 requests; 7 unavailable origins.
ORS: 18090/30754 processed; 3643 requests; 7 unavailable origins.
ORS: 18095/30754 processed; 3644 requests; 7 unavailable origins.
ORS: 18100/30754 processed; 3645 requests; 7 unavailable origins.
ORS: 18105/30754 processed; 3646 requests; 7 unavailable origins.
ORS: 18110/30754 processed; 3647 requests; 7 unavailable origins.
ORS: 18115/30754 processed; 3648 requests; 7 unavailable origins.
ORS: 18120/30754 processed; 3649 requests; 7 unavailable origins.
ORS: 18125/30754 processed; 3650 requests; 7 unavailable origins.
ORS: 18130/30754 processed; 3651 requests; 7 unavailable origins.
ORS: 18135/30754 processed; 3652 requests; 7 unavailable origins.
ORS: 18140/30754 processed; 3653 requests; 7 unavailable origins.
ORS: 18145/30754 processed; 3654 requests; 7 unavailable origins.
ORS: 18150/30754 processed; 3655 requests; 7 unavailable origins.
ORS: 18155/30754 processed; 3656 requests; 7 unavailable origins.
ORS: 18160/30754 processed; 3657 requests; 7 unavailable origins.
ORS: 18165/30754 processed; 3658 requests; 7 unavailable origins.
ORS: 18170/30754 processed; 3659 requests; 7 unavailable origins.
ORS: 18175/30754 processed; 3660 requests; 7 unavailable origins.
ORS: 18180/30754 processed; 3661 requests; 7 unavailable origins.
ORS: 18185/30754 processed; 3662 requests; 7 unavailable origins.
ORS: 18190/30754 processed; 3663 requests; 7 unavailable origins.
ORS: 18195/30754 processed; 3664 requests; 7 unavailable origins.
ORS: 18200/30754 processed; 3665 requests; 7 unavailable origins.
ORS: 18205/30754 processed; 3666 requests; 7 unavailable origins.
ORS: 18210/30754 processed; 3667 requests; 7 unavailable origins.
ORS: 18215/30754 processed; 3668 requests; 7 unavailable origins.
ORS: 18220/30754 processed; 3669 requests; 7 unavailable origins.
ORS: 18225/30754 processed; 3670 requests; 7 unavailable origins.
ORS: 18230/30754 processed; 3671 requests; 7 unavailable origins.
ORS: 18235/30754 processed; 3672 requests; 7 unavailable origins.
ORS: 18240/30754 processed; 3673 requests; 7 unavailable origins.
ORS: 18245/30754 processed; 3674 requests; 7 unavailable origins.
ORS: 18250/30754 processed; 3675 requests; 7 unavailable origins.
ORS: 18255/30754 processed; 3676 requests; 7 unavailable origins.
ORS: 18260/30754 processed; 3677 requests; 7 unavailable origins.
ORS: 18265/30754 processed; 3678 requests; 7 unavailable origins.
ORS: 18270/30754 processed; 3679 requests; 7 unavailable origins.
ORS: 18275/30754 processed; 3680 requests; 7 unavailable origins.
ORS: 18280/30754 processed; 3681 requests; 7 unavailable origins.
ORS: 18285/30754 processed; 3682 requests; 7 unavailable origins.
ORS: 18290/30754 processed; 3683 requests; 7 unavailable origins.
ORS: 18295/30754 processed; 3684 requests; 7 unavailable origins.
ORS: 18300/30754 processed; 3685 requests; 7 unavailable origins.
ORS: 18305/30754 processed; 3686 requests; 7 unavailable origins.
ORS: 18310/30754 processed; 3687 requests; 7 unavailable origins.
ORS: 18315/30754 processed; 3688 requests; 7 unavailable origins.
ORS: 18320/30754 processed; 3689 requests; 7 unavailable origins.
ORS: 18325/30754 processed; 3690 requests; 7 unavailable origins.
ORS: 18330/30754 processed; 3691 requests; 7 unavailable origins.
ORS: 18335/30754 processed; 3692 requests; 7 unavailable origins.
ORS: 18340/30754 processed; 3693 requests; 7 unavailable origins.
ORS: 18345/30754 processed; 3694 requests; 7 unavailable origins.
ORS: 18350/30754 processed; 3695 requests; 7 unavailable origins.
ORS: 18355/30754 processed; 3696 requests; 7 unavailable origins.
ORS: 18360/30754 processed; 3697 requests; 7 unavailable origins.
ORS: 18365/30754 processed; 3698 requests; 7 unavailable origins.
ORS: 18370/30754 processed; 3699 requests; 7 unavailable origins.
ORS: 18375/30754 processed; 3700 requests; 7 unavailable origins.
ORS: 18380/30754 processed; 3701 requests; 7 unavailable origins.
ORS: 18385/30754 processed; 3702 requests; 7 unavailable origins.
ORS: 18390/30754 processed; 3703 requests; 7 unavailable origins.
ORS: 18395/30754 processed; 3704 requests; 7 unavailable origins.
ORS: 18400/30754 processed; 3705 requests; 7 unavailable origins.
ORS: 18405/30754 processed; 3706 requests; 7 unavailable origins.
ORS: 18410/30754 processed; 3707 requests; 7 unavailable origins.
ORS: 18415/30754 processed; 3708 requests; 7 unavailable origins.
ORS: 18420/30754 processed; 3709 requests; 7 unavailable origins.
ORS: 18425/30754 processed; 3710 requests; 7 unavailable origins.
ORS: 18430/30754 processed; 3711 requests; 7 unavailable origins.
ORS: 18435/30754 processed; 3712 requests; 7 unavailable origins.
ORS: 18440/30754 processed; 3713 requests; 7 unavailable origins.
ORS: 18445/30754 processed; 3714 requests; 7 unavailable origins.
ORS: 18450/30754 processed; 3715 requests; 7 unavailable origins.
ORS: 18455/30754 processed; 3716 requests; 7 unavailable origins.
ORS: 18460/30754 processed; 3717 requests; 7 unavailable origins.
ORS: 18465/30754 processed; 3718 requests; 7 unavailable origins.
ORS: 18470/30754 processed; 3719 requests; 7 unavailable origins.
ORS: 18475/30754 processed; 3720 requests; 7 unavailable origins.
ORS: 18480/30754 processed; 3721 requests; 7 unavailable origins.
ORS: 18485/30754 processed; 3722 requests; 7 unavailable origins.
ORS: 18490/30754 processed; 3723 requests; 7 unavailable origins.
ORS: 18495/30754 processed; 3724 requests; 7 unavailable origins.
ORS: 18500/30754 processed; 3725 requests; 7 unavailable origins.
ORS: 18505/30754 processed; 3726 requests; 7 unavailable origins.
ORS: 18510/30754 processed; 3727 requests; 7 unavailable origins.
ORS: 18515/30754 processed; 3728 requests; 7 unavailable origins.
ORS: 18520/30754 processed; 3729 requests; 7 unavailable origins.
ORS: 18525/30754 processed; 3730 requests; 7 unavailable origins.
ORS: 18530/30754 processed; 3731 requests; 7 unavailable origins.
ORS: 18535/30754 processed; 3732 requests; 7 unavailable origins.
ORS: 18540/30754 processed; 3733 requests; 7 unavailable origins.
ORS: 18545/30754 processed; 3734 requests; 7 unavailable origins.
ORS: 18550/30754 processed; 3735 requests; 7 unavailable origins.
ORS: 18555/30754 processed; 3736 requests; 7 unavailable origins.
ORS: 18560/30754 processed; 3737 requests; 7 unavailable origins.
ORS: 18565/30754 processed; 3738 requests; 7 unavailable origins.
ORS: 18570/30754 processed; 3739 requests; 7 unavailable origins.
ORS: 18575/30754 processed; 3740 requests; 7 unavailable origins.
ORS: 18580/30754 processed; 3741 requests; 7 unavailable origins.
ORS: 18585/30754 processed; 3742 requests; 7 unavailable origins.
ORS: 18590/30754 processed; 3743 requests; 7 unavailable origins.
ORS: 18595/30754 processed; 3744 requests; 7 unavailable origins.
ORS: 18600/30754 processed; 3745 requests; 7 unavailable origins.
ORS: 18605/30754 processed; 3746 requests; 7 unavailable origins.
ORS: 18610/30754 processed; 3747 requests; 7 unavailable origins.
ORS: 18615/30754 processed; 3748 requests; 7 unavailable origins.
ORS: 18620/30754 processed; 3749 requests; 7 unavailable origins.
ORS: 18625/30754 processed; 3750 requests; 7 unavailable origins.
ORS: 18630/30754 processed; 3751 requests; 7 unavailable origins.
ORS: 18635/30754 processed; 3752 requests; 7 unavailable origins.
ORS: 18640/30754 processed; 3753 requests; 7 unavailable origins.
ORS: 18645/30754 processed; 3754 requests; 7 unavailable origins.
ORS: 18650/30754 processed; 3755 requests; 7 unavailable origins.
ORS: 18655/30754 processed; 3756 requests; 7 unavailable origins.
ORS: 18660/30754 processed; 3757 requests; 7 unavailable origins.
ORS: 18665/30754 processed; 3758 requests; 7 unavailable origins.
ORS: 18670/30754 processed; 3759 requests; 7 unavailable origins.
ORS: 18675/30754 processed; 3760 requests; 7 unavailable origins.
ORS: 18680/30754 processed; 3761 requests; 7 unavailable origins.
ORS: 18685/30754 processed; 3762 requests; 7 unavailable origins.
ORS: 18690/30754 processed; 3763 requests; 7 unavailable origins.
ORS: 18695/30754 processed; 3764 requests; 7 unavailable origins.
ORS: 18700/30754 processed; 3765 requests; 7 unavailable origins.
ORS: 18705/30754 processed; 3766 requests; 7 unavailable origins.
ORS: 18710/30754 processed; 3767 requests; 7 unavailable origins.
ORS: 18715/30754 processed; 3768 requests; 7 unavailable origins.
ORS: 18720/30754 processed; 3769 requests; 7 unavailable origins.
ORS: 18725/30754 processed; 3770 requests; 7 unavailable origins.
ORS: 18730/30754 processed; 3771 requests; 7 unavailable origins.
ORS: 18735/30754 processed; 3772 requests; 7 unavailable origins.
ORS: 18740/30754 processed; 3773 requests; 7 unavailable origins.
ORS: 18745/30754 processed; 3774 requests; 7 unavailable origins.
ORS: 18750/30754 processed; 3775 requests; 7 unavailable origins.
ORS: 18755/30754 processed; 3776 requests; 7 unavailable origins.
ORS: 18760/30754 processed; 3777 requests; 7 unavailable origins.
ORS: 18765/30754 processed; 3778 requests; 7 unavailable origins.
ORS: 18770/30754 processed; 3779 requests; 7 unavailable origins.
ORS: 18775/30754 processed; 3780 requests; 7 unavailable origins.
ORS: 18780/30754 processed; 3781 requests; 7 unavailable origins.
ORS: 18785/30754 processed; 3782 requests; 7 unavailable origins.
ORS: 18790/30754 processed; 3783 requests; 7 unavailable origins.
ORS: 18795/30754 processed; 3784 requests; 7 unavailable origins.
ORS: 18800/30754 processed; 3785 requests; 7 unavailable origins.
ORS: 18805/30754 processed; 3786 requests; 7 unavailable origins.
ORS: 18810/30754 processed; 3787 requests; 7 unavailable origins.
ORS: 18815/30754 processed; 3788 requests; 7 unavailable origins.
ORS: 18820/30754 processed; 3789 requests; 7 unavailable origins.
ORS: 18825/30754 processed; 3790 requests; 7 unavailable origins.
ORS: 18830/30754 processed; 3791 requests; 7 unavailable origins.
ORS: 18835/30754 processed; 3792 requests; 7 unavailable origins.
ORS: 18840/30754 processed; 3793 requests; 7 unavailable origins.
ORS: 18845/30754 processed; 3794 requests; 7 unavailable origins.
ORS: 18850/30754 processed; 3795 requests; 7 unavailable origins.
ORS: 18855/30754 processed; 3796 requests; 7 unavailable origins.
ORS: 18860/30754 processed; 3797 requests; 7 unavailable origins.
ORS: 18865/30754 processed; 3798 requests; 7 unavailable origins.
ORS: 18870/30754 processed; 3799 requests; 7 unavailable origins.
ORS: 18875/30754 processed; 3800 requests; 7 unavailable origins.
ORS: 18880/30754 processed; 3801 requests; 7 unavailable origins.
ORS: 18885/30754 processed; 3802 requests; 7 unavailable origins.
ORS: 18890/30754 processed; 3803 requests; 7 unavailable origins.
ORS: 18895/30754 processed; 3804 requests; 7 unavailable origins.
ORS: 18900/30754 processed; 3805 requests; 7 unavailable origins.
ORS: 18905/30754 processed; 3806 requests; 7 unavailable origins.
ORS: 18910/30754 processed; 3807 requests; 7 unavailable origins.
ORS: 18915/30754 processed; 3808 requests; 7 unavailable origins.
ORS: 18920/30754 processed; 3809 requests; 7 unavailable origins.
ORS: 18925/30754 processed; 3810 requests; 7 unavailable origins.
ORS: 18930/30754 processed; 3811 requests; 7 unavailable origins.
ORS: 18935/30754 processed; 3812 requests; 7 unavailable origins.
ORS: 18940/30754 processed; 3813 requests; 7 unavailable origins.
ORS: 18945/30754 processed; 3814 requests; 7 unavailable origins.
ORS: 18950/30754 processed; 3815 requests; 7 unavailable origins.
ORS: 18955/30754 processed; 3816 requests; 7 unavailable origins.
ORS: 18960/30754 processed; 3817 requests; 7 unavailable origins.
ORS: 18965/30754 processed; 3818 requests; 7 unavailable origins.
ORS: 18970/30754 processed; 3819 requests; 7 unavailable origins.
ORS: 18975/30754 processed; 3820 requests; 7 unavailable origins.
ORS: 18980/30754 processed; 3821 requests; 7 unavailable origins.
ORS: 18985/30754 processed; 3822 requests; 7 unavailable origins.
ORS: 18990/30754 processed; 3823 requests; 7 unavailable origins.
ORS: 18995/30754 processed; 3824 requests; 7 unavailable origins.
ORS: 19000/30754 processed; 3825 requests; 7 unavailable origins.
ORS: 19005/30754 processed; 3826 requests; 7 unavailable origins.
ORS: 19010/30754 processed; 3827 requests; 7 unavailable origins.
ORS: 19015/30754 processed; 3828 requests; 7 unavailable origins.
ORS: 19020/30754 processed; 3829 requests; 7 unavailable origins.
ORS: 19025/30754 processed; 3830 requests; 7 unavailable origins.
ORS: 19030/30754 processed; 3831 requests; 7 unavailable origins.
ORS: 19035/30754 processed; 3832 requests; 7 unavailable origins.
ORS: 19040/30754 processed; 3833 requests; 7 unavailable origins.
ORS: 19045/30754 processed; 3834 requests; 7 unavailable origins.
ORS: 19050/30754 processed; 3835 requests; 7 unavailable origins.
ORS: 19055/30754 processed; 3836 requests; 7 unavailable origins.
ORS: 19060/30754 processed; 3837 requests; 7 unavailable origins.
ORS: 19065/30754 processed; 3838 requests; 7 unavailable origins.
ORS: 19070/30754 processed; 3839 requests; 7 unavailable origins.
ORS: 19075/30754 processed; 3840 requests; 7 unavailable origins.
ORS: 19080/30754 processed; 3841 requests; 7 unavailable origins.
ORS: 19085/30754 processed; 3842 requests; 7 unavailable origins.
ORS: 19090/30754 processed; 3843 requests; 7 unavailable origins.
ORS: 19095/30754 processed; 3844 requests; 7 unavailable origins.
ORS: 19100/30754 processed; 3845 requests; 7 unavailable origins.
ORS: 19105/30754 processed; 3846 requests; 7 unavailable origins.
ORS: 19110/30754 processed; 3847 requests; 7 unavailable origins.
ORS: 19115/30754 processed; 3848 requests; 7 unavailable origins.
ORS: 19120/30754 processed; 3849 requests; 7 unavailable origins.
ORS: 19125/30754 processed; 3850 requests; 7 unavailable origins.
ORS: 19130/30754 processed; 3851 requests; 7 unavailable origins.
ORS: 19135/30754 processed; 3852 requests; 7 unavailable origins.
ORS: 19140/30754 processed; 3853 requests; 7 unavailable origins.
ORS: 19145/30754 processed; 3854 requests; 7 unavailable origins.
ORS: 19150/30754 processed; 3855 requests; 7 unavailable origins.
ORS: 19155/30754 processed; 3856 requests; 7 unavailable origins.
ORS: 19160/30754 processed; 3857 requests; 7 unavailable origins.
ORS: 19165/30754 processed; 3858 requests; 7 unavailable origins.
ORS: 19170/30754 processed; 3859 requests; 7 unavailable origins.
ORS: 19175/30754 processed; 3860 requests; 7 unavailable origins.
ORS: 19180/30754 processed; 3861 requests; 7 unavailable origins.
ORS: 19185/30754 processed; 3862 requests; 7 unavailable origins.
ORS: 19190/30754 processed; 3863 requests; 7 unavailable origins.
ORS: 19195/30754 processed; 3864 requests; 7 unavailable origins.
ORS: 19200/30754 processed; 3865 requests; 7 unavailable origins.
ORS: 19205/30754 processed; 3866 requests; 7 unavailable origins.
ORS: 19210/30754 processed; 3867 requests; 7 unavailable origins.
ORS: 19215/30754 processed; 3868 requests; 7 unavailable origins.
ORS: 19220/30754 processed; 3869 requests; 7 unavailable origins.
ORS: 19225/30754 processed; 3870 requests; 7 unavailable origins.
ORS: 19230/30754 processed; 3871 requests; 7 unavailable origins.
ORS: 19235/30754 processed; 3872 requests; 7 unavailable origins.
ORS: 19240/30754 processed; 3873 requests; 7 unavailable origins.
ORS: 19245/30754 processed; 3874 requests; 7 unavailable origins.
ORS: 19250/30754 processed; 3875 requests; 7 unavailable origins.
ORS: 19255/30754 processed; 3876 requests; 7 unavailable origins.
ORS: 19260/30754 processed; 3877 requests; 7 unavailable origins.
ORS: 19265/30754 processed; 3878 requests; 7 unavailable origins.
ORS: 19270/30754 processed; 3879 requests; 7 unavailable origins.
ORS: 19275/30754 processed; 3880 requests; 7 unavailable origins.
ORS: 19280/30754 processed; 3881 requests; 7 unavailable origins.
ORS: 19285/30754 processed; 3882 requests; 7 unavailable origins.
ORS: 19290/30754 processed; 3883 requests; 7 unavailable origins.
ORS: 19295/30754 processed; 3884 requests; 7 unavailable origins.
ORS: 19300/30754 processed; 3885 requests; 7 unavailable origins.
ORS: 19305/30754 processed; 3886 requests; 7 unavailable origins.
ORS: 19310/30754 processed; 3887 requests; 7 unavailable origins.
ORS: 19315/30754 processed; 3888 requests; 7 unavailable origins.
ORS: 19320/30754 processed; 3889 requests; 7 unavailable origins.
ORS: 19325/30754 processed; 3890 requests; 7 unavailable origins.
ORS: 19330/30754 processed; 3891 requests; 7 unavailable origins.
ORS: 19335/30754 processed; 3892 requests; 7 unavailable origins.
ORS: 19340/30754 processed; 3893 requests; 7 unavailable origins.
ORS: 19345/30754 processed; 3894 requests; 7 unavailable origins.
ORS: 19350/30754 processed; 3895 requests; 7 unavailable origins.
ORS: 19355/30754 processed; 3896 requests; 7 unavailable origins.
ORS: 19360/30754 processed; 3897 requests; 7 unavailable origins.
ORS: 19365/30754 processed; 3898 requests; 7 unavailable origins.
ORS: 19370/30754 processed; 3899 requests; 7 unavailable origins.
ORS: 19375/30754 processed; 3900 requests; 7 unavailable origins.
ORS: 19380/30754 processed; 3901 requests; 7 unavailable origins.
ORS: 19385/30754 processed; 3902 requests; 7 unavailable origins.
ORS: 19390/30754 processed; 3903 requests; 7 unavailable origins.
ORS: 19395/30754 processed; 3904 requests; 7 unavailable origins.
ORS: 19400/30754 processed; 3905 requests; 7 unavailable origins.
ORS: 19405/30754 processed; 3906 requests; 7 unavailable origins.
ORS: 19410/30754 processed; 3907 requests; 7 unavailable origins.
ORS: 19415/30754 processed; 3908 requests; 7 unavailable origins.
ORS: 19420/30754 processed; 3909 requests; 7 unavailable origins.
ORS: 19425/30754 processed; 3910 requests; 7 unavailable origins.
ORS: 19430/30754 processed; 3911 requests; 7 unavailable origins.
ORS: 19435/30754 processed; 3912 requests; 7 unavailable origins.
ORS: 19440/30754 processed; 3913 requests; 7 unavailable origins.
ORS: 19445/30754 processed; 3914 requests; 7 unavailable origins.
ORS: 19450/30754 processed; 3915 requests; 7 unavailable origins.
ORS: 19455/30754 processed; 3916 requests; 7 unavailable origins.
ORS: 19460/30754 processed; 3917 requests; 7 unavailable origins.
ORS: 19465/30754 processed; 3918 requests; 7 unavailable origins.
ORS: 19470/30754 processed; 3919 requests; 7 unavailable origins.
ORS: 19475/30754 processed; 3920 requests; 7 unavailable origins.
ORS: 19480/30754 processed; 3921 requests; 7 unavailable origins.
ORS: 19485/30754 processed; 3922 requests; 7 unavailable origins.
ORS: 19490/30754 processed; 3923 requests; 7 unavailable origins.
ORS: 19495/30754 processed; 3924 requests; 7 unavailable origins.
ORS: 19500/30754 processed; 3925 requests; 7 unavailable origins.
ORS: 19505/30754 processed; 3926 requests; 7 unavailable origins.
ORS: 19510/30754 processed; 3927 requests; 7 unavailable origins.
ORS: 19515/30754 processed; 3928 requests; 7 unavailable origins.
ORS: 19520/30754 processed; 3929 requests; 7 unavailable origins.
ORS: 19525/30754 processed; 3930 requests; 7 unavailable origins.
ORS: 19530/30754 processed; 3931 requests; 7 unavailable origins.
ORS: 19535/30754 processed; 3932 requests; 7 unavailable origins.
ORS: 19540/30754 processed; 3933 requests; 7 unavailable origins.
ORS: 19545/30754 processed; 3934 requests; 7 unavailable origins.
ORS: 19550/30754 processed; 3935 requests; 7 unavailable origins.
ORS: 19555/30754 processed; 3936 requests; 7 unavailable origins.
ORS: 19560/30754 processed; 3937 requests; 7 unavailable origins.
ORS: 19565/30754 processed; 3938 requests; 7 unavailable origins.
ORS: 19570/30754 processed; 3939 requests; 7 unavailable origins.
ORS: 19575/30754 processed; 3940 requests; 7 unavailable origins.
ORS: 19580/30754 processed; 3941 requests; 7 unavailable origins.
ORS: 19585/30754 processed; 3942 requests; 7 unavailable origins.
ORS: 19590/30754 processed; 3943 requests; 7 unavailable origins.
ORS: 19595/30754 processed; 3944 requests; 7 unavailable origins.
ORS: 19600/30754 processed; 3945 requests; 7 unavailable origins.
ORS: 19605/30754 processed; 3946 requests; 7 unavailable origins.
ORS: 19610/30754 processed; 3947 requests; 7 unavailable origins.
ORS: 19615/30754 processed; 3948 requests; 7 unavailable origins.
ORS: 19620/30754 processed; 3949 requests; 7 unavailable origins.
ORS: 19625/30754 processed; 3950 requests; 7 unavailable origins.
ORS: 19630/30754 processed; 3951 requests; 7 unavailable origins.
ORS: 19635/30754 processed; 3952 requests; 7 unavailable origins.
ORS: 19640/30754 processed; 3953 requests; 7 unavailable origins.
ORS: 19645/30754 processed; 3954 requests; 7 unavailable origins.
ORS: 19650/30754 processed; 3955 requests; 7 unavailable origins.
ORS: 19655/30754 processed; 3956 requests; 7 unavailable origins.
ORS: 19660/30754 processed; 3957 requests; 7 unavailable origins.
ORS: 19665/30754 processed; 3958 requests; 7 unavailable origins.
ORS: 19670/30754 processed; 3959 requests; 7 unavailable origins.
ORS: 19675/30754 processed; 3960 requests; 7 unavailable origins.
ORS: 19680/30754 processed; 3961 requests; 7 unavailable origins.
ORS: 19685/30754 processed; 3962 requests; 7 unavailable origins.
ORS: 19690/30754 processed; 3963 requests; 7 unavailable origins.
ORS: 19695/30754 processed; 3964 requests; 7 unavailable origins.
ORS: 19700/30754 processed; 3965 requests; 7 unavailable origins.
ORS: 19705/30754 processed; 3966 requests; 7 unavailable origins.
ORS: 19710/30754 processed; 3967 requests; 7 unavailable origins.
ORS: 19715/30754 processed; 3968 requests; 7 unavailable origins.
ORS: 19720/30754 processed; 3969 requests; 7 unavailable origins.
ORS: 19725/30754 processed; 3970 requests; 7 unavailable origins.
ORS: 19730/30754 processed; 3971 requests; 7 unavailable origins.
ORS: 19735/30754 processed; 3972 requests; 7 unavailable origins.
ORS: 19740/30754 processed; 3973 requests; 7 unavailable origins.
ORS: 19745/30754 processed; 3974 requests; 7 unavailable origins.
ORS: 19750/30754 processed; 3975 requests; 7 unavailable origins.
ORS: 19755/30754 processed; 3976 requests; 7 unavailable origins.
ORS: 19760/30754 processed; 3977 requests; 7 unavailable origins.
ORS: 19765/30754 processed; 3978 requests; 7 unavailable origins.
ORS: 19770/30754 processed; 3979 requests; 7 unavailable origins.
ORS: 19775/30754 processed; 3980 requests; 7 unavailable origins.
ORS: 19780/30754 processed; 3981 requests; 7 unavailable origins.
ORS: 19785/30754 processed; 3982 requests; 7 unavailable origins.
ORS: 19790/30754 processed; 3983 requests; 7 unavailable origins.
ORS: 19795/30754 processed; 3984 requests; 7 unavailable origins.
ORS: 19800/30754 processed; 3985 requests; 7 unavailable origins.
ORS: 19805/30754 processed; 3986 requests; 7 unavailable origins.
ORS: 19810/30754 processed; 3987 requests; 7 unavailable origins.
ORS: 19815/30754 processed; 3988 requests; 7 unavailable origins.
ORS: 19820/30754 processed; 3989 requests; 7 unavailable origins.
ORS: 19825/30754 processed; 3990 requests; 7 unavailable origins.
ORS: 19830/30754 processed; 3991 requests; 7 unavailable origins.
ORS: 19835/30754 processed; 3992 requests; 7 unavailable origins.
ORS: 19840/30754 processed; 3993 requests; 7 unavailable origins.
ORS: 19845/30754 processed; 3994 requests; 7 unavailable origins.
ORS: 19850/30754 processed; 3995 requests; 7 unavailable origins.
ORS: 19855/30754 processed; 3996 requests; 7 unavailable origins.
ORS: 19860/30754 processed; 3997 requests; 7 unavailable origins.
ORS: 19865/30754 processed; 3998 requests; 7 unavailable origins.
ORS: 19870/30754 processed; 3999 requests; 7 unavailable origins.
ORS: 19875/30754 processed; 4000 requests; 7 unavailable origins.
ORS: 19880/30754 processed; 4001 requests; 7 unavailable origins.
ORS: 19885/30754 processed; 4002 requests; 7 unavailable origins.
ORS: 19890/30754 processed; 4003 requests; 7 unavailable origins.
ORS: 19895/30754 processed; 4004 requests; 7 unavailable origins.
ORS: 19900/30754 processed; 4005 requests; 7 unavailable origins.
ORS: 19905/30754 processed; 4006 requests; 7 unavailable origins.
ORS: 19910/30754 processed; 4007 requests; 7 unavailable origins.
ORS: 19915/30754 processed; 4008 requests; 7 unavailable origins.
ORS: 19920/30754 processed; 4009 requests; 7 unavailable origins.
ORS: 19925/30754 processed; 4010 requests; 7 unavailable origins.
ORS: 19930/30754 processed; 4011 requests; 7 unavailable origins.
ORS: 19935/30754 processed; 4012 requests; 7 unavailable origins.
ORS: 19940/30754 processed; 4013 requests; 7 unavailable origins.
ORS: 19945/30754 processed; 4014 requests; 7 unavailable origins.
ORS: 19950/30754 processed; 4015 requests; 7 unavailable origins.
ORS: 19955/30754 processed; 4016 requests; 7 unavailable origins.
ORS: 19960/30754 processed; 4017 requests; 7 unavailable origins.
ORS: 19965/30754 processed; 4018 requests; 7 unavailable origins.
ORS: 19970/30754 processed; 4019 requests; 7 unavailable origins.
ORS: 19975/30754 processed; 4020 requests; 7 unavailable origins.
ORS: 19980/30754 processed; 4021 requests; 7 unavailable origins.
ORS: 19985/30754 processed; 4022 requests; 7 unavailable origins.
ORS: 19990/30754 processed; 4023 requests; 7 unavailable origins.
ORS: 19995/30754 processed; 4024 requests; 7 unavailable origins.
ORS: 20000/30754 processed; 4025 requests; 7 unavailable origins.
ORS: 20005/30754 processed; 4026 requests; 7 unavailable origins.
ORS: 20010/30754 processed; 4027 requests; 7 unavailable origins.
ORS: 20015/30754 processed; 4028 requests; 7 unavailable origins.
ORS: 20020/30754 processed; 4029 requests; 7 unavailable origins.
ORS: 20025/30754 processed; 4030 requests; 7 unavailable origins.
ORS: 20030/30754 processed; 4031 requests; 7 unavailable origins.
ORS: 20035/30754 processed; 4032 requests; 7 unavailable origins.
ORS: 20040/30754 processed; 4033 requests; 7 unavailable origins.
ORS: 20045/30754 processed; 4034 requests; 7 unavailable origins.
ORS: 20050/30754 processed; 4035 requests; 7 unavailable origins.
ORS: 20055/30754 processed; 4036 requests; 7 unavailable origins.
ORS: 20060/30754 processed; 4037 requests; 7 unavailable origins.
ORS: 20065/30754 processed; 4038 requests; 7 unavailable origins.
ORS: 20070/30754 processed; 4039 requests; 7 unavailable origins.
ORS: 20075/30754 processed; 4040 requests; 7 unavailable origins.
ORS: 20080/30754 processed; 4041 requests; 7 unavailable origins.
ORS: 20085/30754 processed; 4042 requests; 7 unavailable origins.
ORS: 20090/30754 processed; 4043 requests; 7 unavailable origins.
ORS: 20095/30754 processed; 4044 requests; 7 unavailable origins.
ORS: 20100/30754 processed; 4045 requests; 7 unavailable origins.
ORS: 20105/30754 processed; 4046 requests; 7 unavailable origins.
ORS: 20110/30754 processed; 4047 requests; 7 unavailable origins.
ORS: 20115/30754 processed; 4048 requests; 7 unavailable origins.
ORS: 20120/30754 processed; 4049 requests; 7 unavailable origins.
ORS: 20125/30754 processed; 4050 requests; 7 unavailable origins.
ORS: 20130/30754 processed; 4051 requests; 7 unavailable origins.
ORS: 20135/30754 processed; 4052 requests; 7 unavailable origins.
ORS: 20140/30754 processed; 4053 requests; 7 unavailable origins.
ORS: 20145/30754 processed; 4054 requests; 7 unavailable origins.
ORS: 20150/30754 processed; 4055 requests; 7 unavailable origins.
ORS: 20155/30754 processed; 4056 requests; 7 unavailable origins.
ORS: 20160/30754 processed; 4057 requests; 7 unavailable origins.
ORS: 20165/30754 processed; 4058 requests; 7 unavailable origins.
ORS: 20170/30754 processed; 4059 requests; 7 unavailable origins.
ORS: 20175/30754 processed; 4060 requests; 7 unavailable origins.
ORS: 20180/30754 processed; 4061 requests; 7 unavailable origins.
ORS: 20185/30754 processed; 4062 requests; 7 unavailable origins.
ORS: 20190/30754 processed; 4063 requests; 7 unavailable origins.
ORS: 20195/30754 processed; 4064 requests; 7 unavailable origins.
ORS: 20200/30754 processed; 4065 requests; 7 unavailable origins.
ORS: 20205/30754 processed; 4066 requests; 7 unavailable origins.
ORS: 20210/30754 processed; 4067 requests; 7 unavailable origins.
ORS: 20215/30754 processed; 4068 requests; 7 unavailable origins.
ORS: 20220/30754 processed; 4069 requests; 7 unavailable origins.
ORS: 20225/30754 processed; 4070 requests; 7 unavailable origins.
ORS: 20230/30754 processed; 4071 requests; 7 unavailable origins.
ORS: 20235/30754 processed; 4072 requests; 7 unavailable origins.
ORS: 20240/30754 processed; 4073 requests; 7 unavailable origins.
ORS: 20245/30754 processed; 4074 requests; 7 unavailable origins.
ORS: 20250/30754 processed; 4075 requests; 7 unavailable origins.
ORS: 20255/30754 processed; 4076 requests; 7 unavailable origins.
ORS: 20260/30754 processed; 4077 requests; 7 unavailable origins.
ORS: 20265/30754 processed; 4078 requests; 7 unavailable origins.
ORS: 20270/30754 processed; 4079 requests; 7 unavailable origins.
ORS: 20275/30754 processed; 4080 requests; 7 unavailable origins.
ORS: 20280/30754 processed; 4081 requests; 7 unavailable origins.
ORS: 20285/30754 processed; 4082 requests; 7 unavailable origins.
ORS: 20290/30754 processed; 4083 requests; 7 unavailable origins.
ORS: 20295/30754 processed; 4084 requests; 7 unavailable origins.
ORS: 20300/30754 processed; 4085 requests; 7 unavailable origins.
ORS: 20305/30754 processed; 4086 requests; 7 unavailable origins.
ORS: 20310/30754 processed; 4087 requests; 7 unavailable origins.
ORS: 20315/30754 processed; 4088 requests; 7 unavailable origins.
ORS: 20320/30754 processed; 4089 requests; 7 unavailable origins.
ORS: 20325/30754 processed; 4090 requests; 7 unavailable origins.
ORS: 20330/30754 processed; 4091 requests; 7 unavailable origins.
ORS: 20335/30754 processed; 4092 requests; 7 unavailable origins.
ORS: 20340/30754 processed; 4093 requests; 7 unavailable origins.
ORS: 20345/30754 processed; 4094 requests; 7 unavailable origins.
ORS: 20350/30754 processed; 4095 requests; 7 unavailable origins.
ORS: 20355/30754 processed; 4096 requests; 7 unavailable origins.
ORS: 20360/30754 processed; 4097 requests; 7 unavailable origins.
ORS: 20365/30754 processed; 4098 requests; 7 unavailable origins.
ORS: 20370/30754 processed; 4099 requests; 7 unavailable origins.
ORS: 20375/30754 processed; 4100 requests; 7 unavailable origins.
ORS: 20380/30754 processed; 4101 requests; 7 unavailable origins.
ORS: 20385/30754 processed; 4102 requests; 7 unavailable origins.
ORS: 20390/30754 processed; 4103 requests; 7 unavailable origins.
ORS: 20395/30754 processed; 4104 requests; 7 unavailable origins.
ORS: 20400/30754 processed; 4105 requests; 7 unavailable origins.
ORS: 20405/30754 processed; 4106 requests; 7 unavailable origins.
ORS: 20410/30754 processed; 4107 requests; 7 unavailable origins.
ORS: 20415/30754 processed; 4108 requests; 7 unavailable origins.
ORS: 20420/30754 processed; 4109 requests; 7 unavailable origins.
ORS: 20425/30754 processed; 4110 requests; 7 unavailable origins.
ORS: 20430/30754 processed; 4111 requests; 7 unavailable origins.
ORS: 20435/30754 processed; 4112 requests; 7 unavailable origins.
ORS: 20440/30754 processed; 4113 requests; 7 unavailable origins.
ORS: 20445/30754 processed; 4114 requests; 7 unavailable origins.
ORS: 20450/30754 processed; 4115 requests; 7 unavailable origins.
ORS: 20455/30754 processed; 4116 requests; 7 unavailable origins.
ORS: 20460/30754 processed; 4117 requests; 7 unavailable origins.
ORS: 20465/30754 processed; 4118 requests; 7 unavailable origins.
ORS: 20470/30754 processed; 4119 requests; 7 unavailable origins.
ORS: 20475/30754 processed; 4120 requests; 7 unavailable origins.
Unavailable origin 2.45198,48.81740 (2.45198,48.8174) [ors-3099]: Roseraie [station:FR::Quay:50220568:FR1; line:IDFM:C01140] — ORS 500 (code 3099): Unable to build an isochrone map.; station unavailable, check OSM coverage/access to the walking network.
ORS: 20480/30754 processed; 4126 requests; 8 unavailable origins.
ORS: 20485/30754 processed; 4127 requests; 8 unavailable origins.
ORS: 20490/30754 processed; 4128 requests; 8 unavailable origins.
ORS: 20495/30754 processed; 4129 requests; 8 unavailable origins.
ORS: 20500/30754 processed; 4130 requests; 8 unavailable origins.
ORS: 20505/30754 processed; 4131 requests; 8 unavailable origins.
ORS: 20510/30754 processed; 4132 requests; 8 unavailable origins.
ORS: 20515/30754 processed; 4133 requests; 8 unavailable origins.
ORS: 20520/30754 processed; 4134 requests; 8 unavailable origins.
ORS: 20525/30754 processed; 4135 requests; 8 unavailable origins.
ORS: 20530/30754 processed; 4136 requests; 8 unavailable origins.
ORS: 20535/30754 processed; 4137 requests; 8 unavailable origins.
ORS: 20540/30754 processed; 4138 requests; 8 unavailable origins.
ORS: 20545/30754 processed; 4139 requests; 8 unavailable origins.
ORS: 20550/30754 processed; 4140 requests; 8 unavailable origins.
ORS: 20555/30754 processed; 4141 requests; 8 unavailable origins.
ORS: 20560/30754 processed; 4142 requests; 8 unavailable origins.
ORS: 20565/30754 processed; 4143 requests; 8 unavailable origins.
ORS: 20570/30754 processed; 4144 requests; 8 unavailable origins.
ORS: 20575/30754 processed; 4145 requests; 8 unavailable origins.
ORS: 20580/30754 processed; 4146 requests; 8 unavailable origins.
ORS: 20585/30754 processed; 4147 requests; 8 unavailable origins.
ORS: 20590/30754 processed; 4148 requests; 8 unavailable origins.
ORS: 20595/30754 processed; 4149 requests; 8 unavailable origins.
ORS: 20600/30754 processed; 4150 requests; 8 unavailable origins.
ORS: 20605/30754 processed; 4151 requests; 8 unavailable origins.
ORS: 20610/30754 processed; 4152 requests; 8 unavailable origins.
ORS: 20615/30754 processed; 4153 requests; 8 unavailable origins.
ORS: 20620/30754 processed; 4154 requests; 8 unavailable origins.
ORS: 20625/30754 processed; 4155 requests; 8 unavailable origins.
ORS: 20630/30754 processed; 4156 requests; 8 unavailable origins.
ORS: 20635/30754 processed; 4157 requests; 8 unavailable origins.
ORS: 20640/30754 processed; 4158 requests; 8 unavailable origins.
ORS: 20645/30754 processed; 4159 requests; 8 unavailable origins.
ORS: 20650/30754 processed; 4160 requests; 8 unavailable origins.
ORS: 20655/30754 processed; 4161 requests; 8 unavailable origins.
ORS: 20660/30754 processed; 4162 requests; 8 unavailable origins.
ORS: 20665/30754 processed; 4163 requests; 8 unavailable origins.
ORS: 20670/30754 processed; 4164 requests; 8 unavailable origins.
ORS: 20675/30754 processed; 4165 requests; 8 unavailable origins.
ORS: 20680/30754 processed; 4166 requests; 8 unavailable origins.
ORS: 20685/30754 processed; 4167 requests; 8 unavailable origins.
ORS: 20690/30754 processed; 4168 requests; 8 unavailable origins.
ORS: 20695/30754 processed; 4169 requests; 8 unavailable origins.
ORS: 20700/30754 processed; 4170 requests; 8 unavailable origins.
ORS: 20705/30754 processed; 4171 requests; 8 unavailable origins.
ORS: 20710/30754 processed; 4172 requests; 8 unavailable origins.
ORS: 20715/30754 processed; 4173 requests; 8 unavailable origins.
ORS: 20720/30754 processed; 4174 requests; 8 unavailable origins.
ORS: 20725/30754 processed; 4175 requests; 8 unavailable origins.
ORS: 20730/30754 processed; 4176 requests; 8 unavailable origins.
ORS: 20735/30754 processed; 4177 requests; 8 unavailable origins.
ORS: 20740/30754 processed; 4178 requests; 8 unavailable origins.
ORS: 20745/30754 processed; 4179 requests; 8 unavailable origins.
ORS: 20750/30754 processed; 4180 requests; 8 unavailable origins.
ORS: 20755/30754 processed; 4181 requests; 8 unavailable origins.
ORS: 20760/30754 processed; 4182 requests; 8 unavailable origins.
ORS: 20765/30754 processed; 4183 requests; 8 unavailable origins.
ORS: 20770/30754 processed; 4184 requests; 8 unavailable origins.
ORS: 20775/30754 processed; 4185 requests; 8 unavailable origins.
ORS: 20780/30754 processed; 4186 requests; 8 unavailable origins.
ORS: 20785/30754 processed; 4187 requests; 8 unavailable origins.
ORS: 20790/30754 processed; 4188 requests; 8 unavailable origins.
ORS: 20795/30754 processed; 4189 requests; 8 unavailable origins.
ORS: 20800/30754 processed; 4190 requests; 8 unavailable origins.
ORS: 20805/30754 processed; 4191 requests; 8 unavailable origins.
ORS: 20810/30754 processed; 4192 requests; 8 unavailable origins.
ORS: 20815/30754 processed; 4193 requests; 8 unavailable origins.
ORS: 20820/30754 processed; 4194 requests; 8 unavailable origins.
ORS: 20825/30754 processed; 4195 requests; 8 unavailable origins.
ORS: 20830/30754 processed; 4196 requests; 8 unavailable origins.
ORS: 20835/30754 processed; 4197 requests; 8 unavailable origins.
ORS: 20840/30754 processed; 4198 requests; 8 unavailable origins.
ORS: 20845/30754 processed; 4199 requests; 8 unavailable origins.
ORS: 20850/30754 processed; 4200 requests; 8 unavailable origins.
ORS: 20855/30754 processed; 4201 requests; 8 unavailable origins.
ORS: 20860/30754 processed; 4202 requests; 8 unavailable origins.
ORS: 20865/30754 processed; 4203 requests; 8 unavailable origins.
ORS: 20870/30754 processed; 4204 requests; 8 unavailable origins.
ORS: 20875/30754 processed; 4205 requests; 8 unavailable origins.
ORS: 20880/30754 processed; 4206 requests; 8 unavailable origins.
ORS: 20885/30754 processed; 4207 requests; 8 unavailable origins.
ORS: 20890/30754 processed; 4208 requests; 8 unavailable origins.
ORS: 20895/30754 processed; 4209 requests; 8 unavailable origins.
ORS: 20900/30754 processed; 4210 requests; 8 unavailable origins.
ORS: 20905/30754 processed; 4211 requests; 8 unavailable origins.
ORS: 20910/30754 processed; 4212 requests; 8 unavailable origins.
ORS: 20915/30754 processed; 4213 requests; 8 unavailable origins.
ORS: 20920/30754 processed; 4214 requests; 8 unavailable origins.
ORS: 20925/30754 processed; 4215 requests; 8 unavailable origins.
ORS: 20930/30754 processed; 4216 requests; 8 unavailable origins.
ORS: 20935/30754 processed; 4217 requests; 8 unavailable origins.
ORS: 20940/30754 processed; 4218 requests; 8 unavailable origins.
ORS: 20945/30754 processed; 4219 requests; 8 unavailable origins.
ORS: 20950/30754 processed; 4220 requests; 8 unavailable origins.
ORS: 20955/30754 processed; 4221 requests; 8 unavailable origins.
ORS: 20960/30754 processed; 4222 requests; 8 unavailable origins.
ORS: 20965/30754 processed; 4223 requests; 8 unavailable origins.
ORS: 20970/30754 processed; 4224 requests; 8 unavailable origins.
ORS: 20975/30754 processed; 4225 requests; 8 unavailable origins.
ORS: 20980/30754 processed; 4226 requests; 8 unavailable origins.
ORS: 20985/30754 processed; 4227 requests; 8 unavailable origins.
ORS: 20990/30754 processed; 4228 requests; 8 unavailable origins.
ORS: 20995/30754 processed; 4229 requests; 8 unavailable origins.
ORS: 21000/30754 processed; 4230 requests; 8 unavailable origins.
ORS: 21005/30754 processed; 4231 requests; 8 unavailable origins.
ORS: 21010/30754 processed; 4232 requests; 8 unavailable origins.
ORS: 21015/30754 processed; 4233 requests; 8 unavailable origins.
ORS: 21020/30754 processed; 4234 requests; 8 unavailable origins.
ORS: 21025/30754 processed; 4235 requests; 8 unavailable origins.
ORS: 21030/30754 processed; 4236 requests; 8 unavailable origins.
ORS: 21035/30754 processed; 4237 requests; 8 unavailable origins.
ORS: 21040/30754 processed; 4238 requests; 8 unavailable origins.
ORS: 21045/30754 processed; 4239 requests; 8 unavailable origins.
ORS: 21050/30754 processed; 4240 requests; 8 unavailable origins.
ORS: 21055/30754 processed; 4241 requests; 8 unavailable origins.
ORS: 21060/30754 processed; 4242 requests; 8 unavailable origins.
ORS: 21065/30754 processed; 4243 requests; 8 unavailable origins.
ORS: 21070/30754 processed; 4244 requests; 8 unavailable origins.
ORS: 21075/30754 processed; 4245 requests; 8 unavailable origins.
ORS: 21080/30754 processed; 4246 requests; 8 unavailable origins.
ORS: 21085/30754 processed; 4247 requests; 8 unavailable origins.
ORS: 21090/30754 processed; 4248 requests; 8 unavailable origins.
ORS: 21095/30754 processed; 4249 requests; 8 unavailable origins.
ORS: 21100/30754 processed; 4250 requests; 8 unavailable origins.
ORS: 21105/30754 processed; 4251 requests; 8 unavailable origins.
ORS: 21110/30754 processed; 4252 requests; 8 unavailable origins.
ORS: 21115/30754 processed; 4253 requests; 8 unavailable origins.
ORS: 21120/30754 processed; 4254 requests; 8 unavailable origins.
ORS: 21125/30754 processed; 4255 requests; 8 unavailable origins.
ORS: 21130/30754 processed; 4256 requests; 8 unavailable origins.
ORS: 21135/30754 processed; 4257 requests; 8 unavailable origins.
ORS: 21140/30754 processed; 4258 requests; 8 unavailable origins.
ORS: 21145/30754 processed; 4259 requests; 8 unavailable origins.
ORS: 21150/30754 processed; 4260 requests; 8 unavailable origins.
ORS: 21155/30754 processed; 4261 requests; 8 unavailable origins.
ORS: 21160/30754 processed; 4262 requests; 8 unavailable origins.
ORS: 21165/30754 processed; 4263 requests; 8 unavailable origins.
ORS: 21170/30754 processed; 4264 requests; 8 unavailable origins.
ORS: 21175/30754 processed; 4265 requests; 8 unavailable origins.
ORS: 21180/30754 processed; 4266 requests; 8 unavailable origins.
ORS: 21185/30754 processed; 4267 requests; 8 unavailable origins.
ORS: 21190/30754 processed; 4268 requests; 8 unavailable origins.
ORS: 21195/30754 processed; 4269 requests; 8 unavailable origins.
ORS: 21200/30754 processed; 4270 requests; 8 unavailable origins.
ORS: 21205/30754 processed; 4271 requests; 8 unavailable origins.
ORS: 21210/30754 processed; 4272 requests; 8 unavailable origins.
ORS: 21215/30754 processed; 4273 requests; 8 unavailable origins.
ORS: 21220/30754 processed; 4274 requests; 8 unavailable origins.
ORS: 21225/30754 processed; 4275 requests; 8 unavailable origins.
ORS: 21230/30754 processed; 4276 requests; 8 unavailable origins.
ORS: 21235/30754 processed; 4277 requests; 8 unavailable origins.
ORS: 21240/30754 processed; 4278 requests; 8 unavailable origins.
ORS: 21245/30754 processed; 4279 requests; 8 unavailable origins.
ORS: 21250/30754 processed; 4280 requests; 8 unavailable origins.
ORS: 21255/30754 processed; 4281 requests; 8 unavailable origins.
ORS: 21260/30754 processed; 4282 requests; 8 unavailable origins.
ORS: 21265/30754 processed; 4283 requests; 8 unavailable origins.
ORS: 21270/30754 processed; 4284 requests; 8 unavailable origins.
ORS: 21275/30754 processed; 4285 requests; 8 unavailable origins.
ORS: 21280/30754 processed; 4286 requests; 8 unavailable origins.
ORS: 21285/30754 processed; 4287 requests; 8 unavailable origins.
ORS: 21290/30754 processed; 4288 requests; 8 unavailable origins.
ORS: 21295/30754 processed; 4289 requests; 8 unavailable origins.
ORS: 21300/30754 processed; 4290 requests; 8 unavailable origins.
ORS: 21305/30754 processed; 4291 requests; 8 unavailable origins.
ORS: 21310/30754 processed; 4292 requests; 8 unavailable origins.
ORS: 21315/30754 processed; 4293 requests; 8 unavailable origins.
ORS: 21320/30754 processed; 4294 requests; 8 unavailable origins.
ORS: 21325/30754 processed; 4295 requests; 8 unavailable origins.
ORS: 21330/30754 processed; 4296 requests; 8 unavailable origins.
ORS: 21335/30754 processed; 4297 requests; 8 unavailable origins.
ORS: 21340/30754 processed; 4298 requests; 8 unavailable origins.
ORS: 21345/30754 processed; 4299 requests; 8 unavailable origins.
ORS: 21350/30754 processed; 4300 requests; 8 unavailable origins.
ORS: 21355/30754 processed; 4301 requests; 8 unavailable origins.
ORS: 21360/30754 processed; 4302 requests; 8 unavailable origins.
ORS: 21365/30754 processed; 4303 requests; 8 unavailable origins.
ORS: 21370/30754 processed; 4304 requests; 8 unavailable origins.
ORS: 21375/30754 processed; 4305 requests; 8 unavailable origins.
ORS: 21380/30754 processed; 4306 requests; 8 unavailable origins.
ORS: 21385/30754 processed; 4307 requests; 8 unavailable origins.
ORS: 21390/30754 processed; 4308 requests; 8 unavailable origins.
ORS: 21395/30754 processed; 4309 requests; 8 unavailable origins.
ORS: 21400/30754 processed; 4310 requests; 8 unavailable origins.
ORS: 21405/30754 processed; 4311 requests; 8 unavailable origins.
ORS: 21410/30754 processed; 4312 requests; 8 unavailable origins.
ORS: 21415/30754 processed; 4313 requests; 8 unavailable origins.
ORS: 21420/30754 processed; 4314 requests; 8 unavailable origins.
ORS: 21425/30754 processed; 4315 requests; 8 unavailable origins.
ORS: 21430/30754 processed; 4316 requests; 8 unavailable origins.
ORS: 21435/30754 processed; 4317 requests; 8 unavailable origins.
ORS: 21440/30754 processed; 4318 requests; 8 unavailable origins.
ORS: 21445/30754 processed; 4319 requests; 8 unavailable origins.
ORS: 21450/30754 processed; 4320 requests; 8 unavailable origins.
ORS: 21455/30754 processed; 4321 requests; 8 unavailable origins.
ORS: 21460/30754 processed; 4322 requests; 8 unavailable origins.
ORS: 21465/30754 processed; 4323 requests; 8 unavailable origins.
ORS: 21470/30754 processed; 4324 requests; 8 unavailable origins.
ORS: 21475/30754 processed; 4325 requests; 8 unavailable origins.
ORS: 21480/30754 processed; 4326 requests; 8 unavailable origins.
ORS: 21485/30754 processed; 4327 requests; 8 unavailable origins.
ORS: 21490/30754 processed; 4328 requests; 8 unavailable origins.
ORS: 21495/30754 processed; 4329 requests; 8 unavailable origins.
ORS: 21500/30754 processed; 4330 requests; 8 unavailable origins.
ORS: 21505/30754 processed; 4331 requests; 8 unavailable origins.
ORS: 21510/30754 processed; 4332 requests; 8 unavailable origins.
ORS: 21515/30754 processed; 4333 requests; 8 unavailable origins.
ORS: 21520/30754 processed; 4334 requests; 8 unavailable origins.
ORS: 21525/30754 processed; 4335 requests; 8 unavailable origins.
ORS: 21530/30754 processed; 4336 requests; 8 unavailable origins.
ORS: 21535/30754 processed; 4337 requests; 8 unavailable origins.
ORS: 21540/30754 processed; 4338 requests; 8 unavailable origins.
ORS: 21545/30754 processed; 4339 requests; 8 unavailable origins.
ORS: 21550/30754 processed; 4340 requests; 8 unavailable origins.
ORS: 21555/30754 processed; 4341 requests; 8 unavailable origins.
ORS: 21560/30754 processed; 4342 requests; 8 unavailable origins.
ORS: 21565/30754 processed; 4343 requests; 8 unavailable origins.
ORS: 21570/30754 processed; 4344 requests; 8 unavailable origins.
ORS: 21575/30754 processed; 4345 requests; 8 unavailable origins.
ORS: 21580/30754 processed; 4346 requests; 8 unavailable origins.
ORS: 21585/30754 processed; 4347 requests; 8 unavailable origins.
ORS: 21590/30754 processed; 4348 requests; 8 unavailable origins.
ORS: 21595/30754 processed; 4349 requests; 8 unavailable origins.
ORS: 21600/30754 processed; 4350 requests; 8 unavailable origins.
ORS: 21605/30754 processed; 4351 requests; 8 unavailable origins.
ORS: 21610/30754 processed; 4352 requests; 8 unavailable origins.
ORS: 21615/30754 processed; 4353 requests; 8 unavailable origins.
ORS: 21620/30754 processed; 4354 requests; 8 unavailable origins.
ORS: 21625/30754 processed; 4355 requests; 8 unavailable origins.
ORS: 21630/30754 processed; 4356 requests; 8 unavailable origins.
ORS: 21635/30754 processed; 4357 requests; 8 unavailable origins.
ORS: 21640/30754 processed; 4358 requests; 8 unavailable origins.
ORS: 21645/30754 processed; 4359 requests; 8 unavailable origins.
ORS: 21650/30754 processed; 4360 requests; 8 unavailable origins.
ORS: 21655/30754 processed; 4361 requests; 8 unavailable origins.
ORS: 21660/30754 processed; 4362 requests; 8 unavailable origins.
ORS: 21665/30754 processed; 4363 requests; 8 unavailable origins.
ORS: 21670/30754 processed; 4364 requests; 8 unavailable origins.
ORS: 21675/30754 processed; 4365 requests; 8 unavailable origins.
ORS: 21680/30754 processed; 4366 requests; 8 unavailable origins.
ORS: 21685/30754 processed; 4367 requests; 8 unavailable origins.
ORS: 21690/30754 processed; 4368 requests; 8 unavailable origins.
ORS: 21695/30754 processed; 4369 requests; 8 unavailable origins.
ORS: 21700/30754 processed; 4370 requests; 8 unavailable origins.
ORS: 21705/30754 processed; 4371 requests; 8 unavailable origins.
ORS: 21710/30754 processed; 4372 requests; 8 unavailable origins.
ORS: 21715/30754 processed; 4373 requests; 8 unavailable origins.
ORS: 21720/30754 processed; 4374 requests; 8 unavailable origins.
ORS: 21725/30754 processed; 4375 requests; 8 unavailable origins.
ORS: 21730/30754 processed; 4376 requests; 8 unavailable origins.
ORS: 21735/30754 processed; 4377 requests; 8 unavailable origins.
ORS: 21740/30754 processed; 4378 requests; 8 unavailable origins.
ORS: 21745/30754 processed; 4379 requests; 8 unavailable origins.
ORS: 21750/30754 processed; 4380 requests; 8 unavailable origins.
ORS: 21755/30754 processed; 4381 requests; 8 unavailable origins.
ORS: 21760/30754 processed; 4382 requests; 8 unavailable origins.
ORS: 21765/30754 processed; 4383 requests; 8 unavailable origins.
ORS: 21770/30754 processed; 4384 requests; 8 unavailable origins.
ORS: 21775/30754 processed; 4385 requests; 8 unavailable origins.
ORS: 21780/30754 processed; 4386 requests; 8 unavailable origins.
ORS: 21785/30754 processed; 4387 requests; 8 unavailable origins.
ORS: 21790/30754 processed; 4388 requests; 8 unavailable origins.
ORS: 21795/30754 processed; 4389 requests; 8 unavailable origins.
ORS: 21800/30754 processed; 4390 requests; 8 unavailable origins.
ORS: 21805/30754 processed; 4391 requests; 8 unavailable origins.
ORS: 21810/30754 processed; 4392 requests; 8 unavailable origins.
ORS: 21815/30754 processed; 4393 requests; 8 unavailable origins.
ORS: 21820/30754 processed; 4394 requests; 8 unavailable origins.
ORS: 21825/30754 processed; 4395 requests; 8 unavailable origins.
ORS: 21830/30754 processed; 4396 requests; 8 unavailable origins.
ORS: 21835/30754 processed; 4397 requests; 8 unavailable origins.
ORS: 21840/30754 processed; 4398 requests; 8 unavailable origins.
ORS: 21845/30754 processed; 4399 requests; 8 unavailable origins.
ORS: 21850/30754 processed; 4400 requests; 8 unavailable origins.
ORS: 21855/30754 processed; 4401 requests; 8 unavailable origins.
ORS: 21860/30754 processed; 4402 requests; 8 unavailable origins.
ORS: 21865/30754 processed; 4403 requests; 8 unavailable origins.
ORS: 21870/30754 processed; 4404 requests; 8 unavailable origins.
ORS: 21875/30754 processed; 4405 requests; 8 unavailable origins.
ORS: 21880/30754 processed; 4406 requests; 8 unavailable origins.
ORS: 21885/30754 processed; 4407 requests; 8 unavailable origins.
ORS: 21890/30754 processed; 4408 requests; 8 unavailable origins.
ORS: 21895/30754 processed; 4409 requests; 8 unavailable origins.
ORS: 21900/30754 processed; 4410 requests; 8 unavailable origins.
ORS: 21905/30754 processed; 4411 requests; 8 unavailable origins.
ORS: 21910/30754 processed; 4412 requests; 8 unavailable origins.
ORS: 21915/30754 processed; 4413 requests; 8 unavailable origins.
ORS: 21920/30754 processed; 4414 requests; 8 unavailable origins.
ORS: 21925/30754 processed; 4415 requests; 8 unavailable origins.
ORS: 21930/30754 processed; 4416 requests; 8 unavailable origins.
ORS: 21935/30754 processed; 4417 requests; 8 unavailable origins.
ORS: 21940/30754 processed; 4418 requests; 8 unavailable origins.
ORS: 21945/30754 processed; 4419 requests; 8 unavailable origins.
ORS: 21950/30754 processed; 4420 requests; 8 unavailable origins.
ORS: 21955/30754 processed; 4421 requests; 8 unavailable origins.
ORS: 21960/30754 processed; 4422 requests; 8 unavailable origins.
ORS: 21965/30754 processed; 4423 requests; 8 unavailable origins.
ORS: 21970/30754 processed; 4424 requests; 8 unavailable origins.
ORS: 21975/30754 processed; 4425 requests; 8 unavailable origins.
ORS: 21980/30754 processed; 4426 requests; 8 unavailable origins.
ORS: 21985/30754 processed; 4427 requests; 8 unavailable origins.
ORS: 21990/30754 processed; 4428 requests; 8 unavailable origins.
ORS: 21995/30754 processed; 4429 requests; 8 unavailable origins.
ORS: 22000/30754 processed; 4430 requests; 8 unavailable origins.
ORS: 22005/30754 processed; 4431 requests; 8 unavailable origins.
ORS: 22010/30754 processed; 4432 requests; 8 unavailable origins.
ORS: 22015/30754 processed; 4433 requests; 8 unavailable origins.
ORS: 22020/30754 processed; 4434 requests; 8 unavailable origins.
ORS: 22025/30754 processed; 4435 requests; 8 unavailable origins.
ORS: 22030/30754 processed; 4436 requests; 8 unavailable origins.
ORS: 22035/30754 processed; 4437 requests; 8 unavailable origins.
ORS: 22040/30754 processed; 4438 requests; 8 unavailable origins.
ORS: 22045/30754 processed; 4439 requests; 8 unavailable origins.
ORS: 22050/30754 processed; 4440 requests; 8 unavailable origins.
ORS: 22055/30754 processed; 4441 requests; 8 unavailable origins.
ORS: 22060/30754 processed; 4442 requests; 8 unavailable origins.
ORS: 22065/30754 processed; 4443 requests; 8 unavailable origins.
ORS: 22070/30754 processed; 4444 requests; 8 unavailable origins.
ORS: 22075/30754 processed; 4445 requests; 8 unavailable origins.
ORS: 22080/30754 processed; 4446 requests; 8 unavailable origins.
ORS: 22085/30754 processed; 4447 requests; 8 unavailable origins.
ORS: 22090/30754 processed; 4448 requests; 8 unavailable origins.
ORS: 22095/30754 processed; 4449 requests; 8 unavailable origins.
ORS: 22100/30754 processed; 4450 requests; 8 unavailable origins.
ORS: 22105/30754 processed; 4451 requests; 8 unavailable origins.
ORS: 22110/30754 processed; 4452 requests; 8 unavailable origins.
ORS: 22115/30754 processed; 4453 requests; 8 unavailable origins.
ORS: 22120/30754 processed; 4454 requests; 8 unavailable origins.
ORS: 22125/30754 processed; 4455 requests; 8 unavailable origins.
ORS: 22130/30754 processed; 4456 requests; 8 unavailable origins.
ORS: 22135/30754 processed; 4457 requests; 8 unavailable origins.
ORS: 22140/30754 processed; 4458 requests; 8 unavailable origins.
ORS: 22145/30754 processed; 4459 requests; 8 unavailable origins.
ORS: 22150/30754 processed; 4460 requests; 8 unavailable origins.
ORS: 22155/30754 processed; 4461 requests; 8 unavailable origins.
ORS: 22160/30754 processed; 4462 requests; 8 unavailable origins.
ORS: 22165/30754 processed; 4463 requests; 8 unavailable origins.
ORS: 22170/30754 processed; 4464 requests; 8 unavailable origins.
ORS: 22175/30754 processed; 4465 requests; 8 unavailable origins.
ORS: 22180/30754 processed; 4466 requests; 8 unavailable origins.
ORS: 22185/30754 processed; 4467 requests; 8 unavailable origins.
ORS: 22190/30754 processed; 4468 requests; 8 unavailable origins.
ORS: 22195/30754 processed; 4469 requests; 8 unavailable origins.
ORS: 22200/30754 processed; 4470 requests; 8 unavailable origins.
ORS: 22205/30754 processed; 4471 requests; 8 unavailable origins.
ORS: 22210/30754 processed; 4472 requests; 8 unavailable origins.
ORS: 22215/30754 processed; 4473 requests; 8 unavailable origins.
ORS: 22220/30754 processed; 4474 requests; 8 unavailable origins.
ORS: 22225/30754 processed; 4475 requests; 8 unavailable origins.
ORS: 22230/30754 processed; 4476 requests; 8 unavailable origins.
ORS: 22235/30754 processed; 4477 requests; 8 unavailable origins.
ORS: 22240/30754 processed; 4478 requests; 8 unavailable origins.
ORS: 22245/30754 processed; 4479 requests; 8 unavailable origins.
ORS: 22250/30754 processed; 4480 requests; 8 unavailable origins.
ORS: 22255/30754 processed; 4481 requests; 8 unavailable origins.
ORS: 22260/30754 processed; 4482 requests; 8 unavailable origins.
ORS: 22265/30754 processed; 4483 requests; 8 unavailable origins.
ORS: 22270/30754 processed; 4484 requests; 8 unavailable origins.
ORS: 22275/30754 processed; 4485 requests; 8 unavailable origins.
ORS: 22280/30754 processed; 4486 requests; 8 unavailable origins.
ORS: 22285/30754 processed; 4487 requests; 8 unavailable origins.
ORS: 22290/30754 processed; 4488 requests; 8 unavailable origins.
ORS: 22295/30754 processed; 4489 requests; 8 unavailable origins.
ORS: 22300/30754 processed; 4490 requests; 8 unavailable origins.
ORS: 22305/30754 processed; 4491 requests; 8 unavailable origins.
ORS: 22310/30754 processed; 4492 requests; 8 unavailable origins.
ORS: 22315/30754 processed; 4493 requests; 8 unavailable origins.
ORS: 22320/30754 processed; 4494 requests; 8 unavailable origins.
ORS: 22325/30754 processed; 4495 requests; 8 unavailable origins.
ORS: 22330/30754 processed; 4496 requests; 8 unavailable origins.
ORS: 22335/30754 processed; 4497 requests; 8 unavailable origins.
ORS: 22340/30754 processed; 4498 requests; 8 unavailable origins.
ORS: 22345/30754 processed; 4499 requests; 8 unavailable origins.
ORS: 22350/30754 processed; 4500 requests; 8 unavailable origins.
ORS: 22355/30754 processed; 4501 requests; 8 unavailable origins.
ORS: 22360/30754 processed; 4502 requests; 8 unavailable origins.
ORS: 22365/30754 processed; 4503 requests; 8 unavailable origins.
ORS: 22370/30754 processed; 4504 requests; 8 unavailable origins.
ORS: 22375/30754 processed; 4505 requests; 8 unavailable origins.
ORS: 22380/30754 processed; 4506 requests; 8 unavailable origins.
ORS: 22385/30754 processed; 4507 requests; 8 unavailable origins.
ORS: 22390/30754 processed; 4508 requests; 8 unavailable origins.
ORS: 22395/30754 processed; 4509 requests; 8 unavailable origins.
ORS: 22400/30754 processed; 4510 requests; 8 unavailable origins.
ORS: 22405/30754 processed; 4511 requests; 8 unavailable origins.
ORS: 22410/30754 processed; 4512 requests; 8 unavailable origins.
ORS: 22415/30754 processed; 4513 requests; 8 unavailable origins.
ORS: 22420/30754 processed; 4514 requests; 8 unavailable origins.
ORS: 22425/30754 processed; 4515 requests; 8 unavailable origins.
ORS: 22430/30754 processed; 4516 requests; 8 unavailable origins.
ORS: 22435/30754 processed; 4517 requests; 8 unavailable origins.
ORS: 22440/30754 processed; 4518 requests; 8 unavailable origins.
ORS: 22445/30754 processed; 4519 requests; 8 unavailable origins.
ORS: 22450/30754 processed; 4520 requests; 8 unavailable origins.
ORS: 22455/30754 processed; 4521 requests; 8 unavailable origins.
ORS: 22460/30754 processed; 4522 requests; 8 unavailable origins.
ORS: 22465/30754 processed; 4523 requests; 8 unavailable origins.
ORS: 22470/30754 processed; 4524 requests; 8 unavailable origins.
ORS: 22475/30754 processed; 4525 requests; 8 unavailable origins.
ORS: 22480/30754 processed; 4526 requests; 8 unavailable origins.
ORS: 22485/30754 processed; 4527 requests; 8 unavailable origins.
ORS: 22490/30754 processed; 4528 requests; 8 unavailable origins.
ORS: 22495/30754 processed; 4529 requests; 8 unavailable origins.
ORS: 22500/30754 processed; 4530 requests; 8 unavailable origins.
ORS: 22505/30754 processed; 4531 requests; 8 unavailable origins.
ORS: 22510/30754 processed; 4532 requests; 8 unavailable origins.
ORS: 22515/30754 processed; 4533 requests; 8 unavailable origins.
ORS: 22520/30754 processed; 4534 requests; 8 unavailable origins.
ORS: 22525/30754 processed; 4535 requests; 8 unavailable origins.
ORS: 22530/30754 processed; 4536 requests; 8 unavailable origins.
ORS: 22535/30754 processed; 4537 requests; 8 unavailable origins.
ORS: 22540/30754 processed; 4538 requests; 8 unavailable origins.
ORS: 22545/30754 processed; 4539 requests; 8 unavailable origins.
ORS: 22550/30754 processed; 4540 requests; 8 unavailable origins.
ORS: 22555/30754 processed; 4541 requests; 8 unavailable origins.
ORS: 22560/30754 processed; 4542 requests; 8 unavailable origins.
ORS: 22565/30754 processed; 4543 requests; 8 unavailable origins.
ORS: 22570/30754 processed; 4544 requests; 8 unavailable origins.
ORS: 22575/30754 processed; 4545 requests; 8 unavailable origins.
ORS: 22580/30754 processed; 4546 requests; 8 unavailable origins.
ORS: 22585/30754 processed; 4547 requests; 8 unavailable origins.
ORS: 22590/30754 processed; 4548 requests; 8 unavailable origins.
ORS: 22595/30754 processed; 4549 requests; 8 unavailable origins.
ORS: 22600/30754 processed; 4550 requests; 8 unavailable origins.
ORS: 22605/30754 processed; 4551 requests; 8 unavailable origins.
ORS: 22610/30754 processed; 4552 requests; 8 unavailable origins.
ORS: 22615/30754 processed; 4553 requests; 8 unavailable origins.
ORS: 22620/30754 processed; 4554 requests; 8 unavailable origins.
ORS: 22625/30754 processed; 4555 requests; 8 unavailable origins.
ORS: 22630/30754 processed; 4556 requests; 8 unavailable origins.
ORS: 22635/30754 processed; 4557 requests; 8 unavailable origins.
ORS: 22640/30754 processed; 4558 requests; 8 unavailable origins.
ORS: 22645/30754 processed; 4559 requests; 8 unavailable origins.
ORS: 22650/30754 processed; 4560 requests; 8 unavailable origins.
ORS: 22655/30754 processed; 4561 requests; 8 unavailable origins.
ORS: 22660/30754 processed; 4562 requests; 8 unavailable origins.
ORS: 22665/30754 processed; 4563 requests; 8 unavailable origins.
ORS: 22670/30754 processed; 4564 requests; 8 unavailable origins.
ORS: 22675/30754 processed; 4565 requests; 8 unavailable origins.
ORS: 22680/30754 processed; 4566 requests; 8 unavailable origins.
ORS: 22685/30754 processed; 4567 requests; 8 unavailable origins.
ORS: 22690/30754 processed; 4568 requests; 8 unavailable origins.
ORS: 22695/30754 processed; 4569 requests; 8 unavailable origins.
ORS: 22700/30754 processed; 4570 requests; 8 unavailable origins.
ORS: 22705/30754 processed; 4571 requests; 8 unavailable origins.
ORS: 22710/30754 processed; 4572 requests; 8 unavailable origins.
ORS: 22715/30754 processed; 4573 requests; 8 unavailable origins.
ORS: 22720/30754 processed; 4574 requests; 8 unavailable origins.
ORS: 22725/30754 processed; 4575 requests; 8 unavailable origins.
ORS: 22730/30754 processed; 4576 requests; 8 unavailable origins.
ORS: 22735/30754 processed; 4577 requests; 8 unavailable origins.
ORS: 22740/30754 processed; 4578 requests; 8 unavailable origins.
ORS: 22745/30754 processed; 4579 requests; 8 unavailable origins.
ORS: 22750/30754 processed; 4580 requests; 8 unavailable origins.
ORS: 22755/30754 processed; 4581 requests; 8 unavailable origins.
ORS: 22760/30754 processed; 4582 requests; 8 unavailable origins.
ORS: 22765/30754 processed; 4583 requests; 8 unavailable origins.
ORS: 22770/30754 processed; 4584 requests; 8 unavailable origins.
ORS: 22775/30754 processed; 4585 requests; 8 unavailable origins.
ORS: 22780/30754 processed; 4586 requests; 8 unavailable origins.
ORS: 22785/30754 processed; 4587 requests; 8 unavailable origins.
ORS: 22790/30754 processed; 4588 requests; 8 unavailable origins.
ORS: 22795/30754 processed; 4589 requests; 8 unavailable origins.
ORS: 22800/30754 processed; 4590 requests; 8 unavailable origins.
ORS: 22805/30754 processed; 4591 requests; 8 unavailable origins.
ORS: 22810/30754 processed; 4592 requests; 8 unavailable origins.
ORS: 22815/30754 processed; 4593 requests; 8 unavailable origins.
ORS: 22820/30754 processed; 4594 requests; 8 unavailable origins.
ORS: 22825/30754 processed; 4595 requests; 8 unavailable origins.
ORS: 22830/30754 processed; 4596 requests; 8 unavailable origins.
ORS: 22835/30754 processed; 4597 requests; 8 unavailable origins.
ORS: 22840/30754 processed; 4598 requests; 8 unavailable origins.
ORS: 22845/30754 processed; 4599 requests; 8 unavailable origins.
ORS: 22850/30754 processed; 4600 requests; 8 unavailable origins.
ORS: 22855/30754 processed; 4601 requests; 8 unavailable origins.
ORS: 22860/30754 processed; 4602 requests; 8 unavailable origins.
ORS: 22865/30754 processed; 4603 requests; 8 unavailable origins.
ORS: 22870/30754 processed; 4604 requests; 8 unavailable origins.
ORS: 22875/30754 processed; 4605 requests; 8 unavailable origins.
ORS: 22880/30754 processed; 4606 requests; 8 unavailable origins.
ORS: 22885/30754 processed; 4607 requests; 8 unavailable origins.
ORS: 22890/30754 processed; 4608 requests; 8 unavailable origins.
ORS: 22895/30754 processed; 4609 requests; 8 unavailable origins.
ORS: 22900/30754 processed; 4610 requests; 8 unavailable origins.
ORS: 22905/30754 processed; 4611 requests; 8 unavailable origins.
ORS: 22910/30754 processed; 4612 requests; 8 unavailable origins.
ORS: 22915/30754 processed; 4613 requests; 8 unavailable origins.
ORS: 22920/30754 processed; 4614 requests; 8 unavailable origins.
ORS: 22925/30754 processed; 4615 requests; 8 unavailable origins.
ORS: 22930/30754 processed; 4616 requests; 8 unavailable origins.
ORS: 22935/30754 processed; 4617 requests; 8 unavailable origins.
ORS: 22940/30754 processed; 4618 requests; 8 unavailable origins.
ORS: 22945/30754 processed; 4619 requests; 8 unavailable origins.
ORS: 22950/30754 processed; 4620 requests; 8 unavailable origins.
ORS: 22955/30754 processed; 4621 requests; 8 unavailable origins.
ORS: 22960/30754 processed; 4622 requests; 8 unavailable origins.
ORS: 22965/30754 processed; 4623 requests; 8 unavailable origins.
ORS: 22970/30754 processed; 4624 requests; 8 unavailable origins.
ORS: 22975/30754 processed; 4625 requests; 8 unavailable origins.
ORS: 22980/30754 processed; 4626 requests; 8 unavailable origins.
ORS: 22985/30754 processed; 4627 requests; 8 unavailable origins.
ORS: 22990/30754 processed; 4628 requests; 8 unavailable origins.
ORS: 22995/30754 processed; 4629 requests; 8 unavailable origins.
ORS: 23000/30754 processed; 4630 requests; 8 unavailable origins.
ORS: 23005/30754 processed; 4631 requests; 8 unavailable origins.
ORS: 23010/30754 processed; 4632 requests; 8 unavailable origins.
ORS: 23015/30754 processed; 4633 requests; 8 unavailable origins.
ORS: 23020/30754 processed; 4634 requests; 8 unavailable origins.
ORS: 23025/30754 processed; 4635 requests; 8 unavailable origins.
ORS: 23030/30754 processed; 4636 requests; 8 unavailable origins.
ORS: 23035/30754 processed; 4637 requests; 8 unavailable origins.
ORS: 23040/30754 processed; 4638 requests; 8 unavailable origins.
ORS: 23045/30754 processed; 4639 requests; 8 unavailable origins.
ORS: 23050/30754 processed; 4640 requests; 8 unavailable origins.
ORS: 23055/30754 processed; 4641 requests; 8 unavailable origins.
ORS: 23060/30754 processed; 4642 requests; 8 unavailable origins.
ORS: 23065/30754 processed; 4643 requests; 8 unavailable origins.
ORS: 23070/30754 processed; 4644 requests; 8 unavailable origins.
ORS: 23075/30754 processed; 4645 requests; 8 unavailable origins.
ORS: 23080/30754 processed; 4646 requests; 8 unavailable origins.
ORS: 23085/30754 processed; 4647 requests; 8 unavailable origins.
ORS: 23090/30754 processed; 4648 requests; 8 unavailable origins.
ORS: 23095/30754 processed; 4649 requests; 8 unavailable origins.
ORS: 23100/30754 processed; 4650 requests; 8 unavailable origins.
Unavailable origin 2.52056,49.07941 (2.52056,49.07941) [snap-too-far]: Central Space/Bâtiment C [station:FR::Quay:50197130:FR1; line:IDFM:C00230] — ORS snapped center is 267 m from the station (maximum 250 m); check OSM coverage.
ORS: 23105/30754 processed; 4651 requests; 9 unavailable origins.
ORS: 23110/30754 processed; 4652 requests; 9 unavailable origins.
ORS: 23115/30754 processed; 4653 requests; 9 unavailable origins.
ORS: 23120/30754 processed; 4654 requests; 9 unavailable origins.
ORS: 23125/30754 processed; 4655 requests; 9 unavailable origins.
ORS: 23130/30754 processed; 4656 requests; 9 unavailable origins.
ORS: 23135/30754 processed; 4657 requests; 9 unavailable origins.
ORS: 23140/30754 processed; 4658 requests; 9 unavailable origins.
ORS: 23145/30754 processed; 4659 requests; 9 unavailable origins.
ORS: 23150/30754 processed; 4660 requests; 9 unavailable origins.
ORS: 23155/30754 processed; 4661 requests; 9 unavailable origins.
ORS: 23160/30754 processed; 4662 requests; 9 unavailable origins.
ORS: 23165/30754 processed; 4663 requests; 9 unavailable origins.
ORS: 23170/30754 processed; 4664 requests; 9 unavailable origins.
ORS: 23175/30754 processed; 4665 requests; 9 unavailable origins.
ORS: 23180/30754 processed; 4666 requests; 9 unavailable origins.
Unavailable origin 2.52396,49.09006 (2.52396,49.09006) [ors-3099]: Moimont [station:FR::Quay:50197910:FR1; line:IDFM:C00230] — ORS 500 (code 3099): Unable to build an isochrone map.; station unavailable, check OSM coverage/access to the walking network.
ORS: 23185/30754 processed; 4672 requests; 10 unavailable origins.
ORS: 23190/30754 processed; 4673 requests; 10 unavailable origins.
ORS: 23195/30754 processed; 4674 requests; 10 unavailable origins.
ORS: 23200/30754 processed; 4675 requests; 10 unavailable origins.
ORS: 23205/30754 processed; 4676 requests; 10 unavailable origins.
ORS: 23210/30754 processed; 4677 requests; 10 unavailable origins.
ORS: 23215/30754 processed; 4678 requests; 10 unavailable origins.
ORS: 23220/30754 processed; 4679 requests; 10 unavailable origins.
ORS: 23225/30754 processed; 4680 requests; 10 unavailable origins.
ORS: 23230/30754 processed; 4681 requests; 10 unavailable origins.
ORS: 23235/30754 processed; 4682 requests; 10 unavailable origins.
ORS: 23240/30754 processed; 4683 requests; 10 unavailable origins.
ORS: 23245/30754 processed; 4684 requests; 10 unavailable origins.
ORS: 23250/30754 processed; 4685 requests; 10 unavailable origins.
ORS: 23255/30754 processed; 4686 requests; 10 unavailable origins.
ORS: 23260/30754 processed; 4687 requests; 10 unavailable origins.
ORS: 23265/30754 processed; 4688 requests; 10 unavailable origins.
ORS: 23270/30754 processed; 4689 requests; 10 unavailable origins.
ORS: 23275/30754 processed; 4690 requests; 10 unavailable origins.
ORS: 23280/30754 processed; 4691 requests; 10 unavailable origins.
ORS: 23285/30754 processed; 4692 requests; 10 unavailable origins.
ORS: 23290/30754 processed; 4693 requests; 10 unavailable origins.
ORS: 23295/30754 processed; 4694 requests; 10 unavailable origins.
ORS: 23300/30754 processed; 4695 requests; 10 unavailable origins.
ORS: 23305/30754 processed; 4696 requests; 10 unavailable origins.
ORS: 23310/30754 processed; 4697 requests; 10 unavailable origins.
ORS: 23315/30754 processed; 4698 requests; 10 unavailable origins.
ORS: 23320/30754 processed; 4699 requests; 10 unavailable origins.
ORS: 23325/30754 processed; 4700 requests; 10 unavailable origins.
ORS: 23330/30754 processed; 4701 requests; 10 unavailable origins.
ORS: 23335/30754 processed; 4702 requests; 10 unavailable origins.
ORS: 23340/30754 processed; 4703 requests; 10 unavailable origins.
ORS: 23345/30754 processed; 4704 requests; 10 unavailable origins.
ORS: 23350/30754 processed; 4705 requests; 10 unavailable origins.
ORS: 23355/30754 processed; 4706 requests; 10 unavailable origins.
ORS: 23360/30754 processed; 4707 requests; 10 unavailable origins.
ORS: 23365/30754 processed; 4708 requests; 10 unavailable origins.
ORS: 23370/30754 processed; 4709 requests; 10 unavailable origins.
ORS: 23375/30754 processed; 4710 requests; 10 unavailable origins.
ORS: 23380/30754 processed; 4711 requests; 10 unavailable origins.
ORS: 23385/30754 processed; 4712 requests; 10 unavailable origins.
ORS: 23390/30754 processed; 4713 requests; 10 unavailable origins.
ORS: 23395/30754 processed; 4714 requests; 10 unavailable origins.
ORS: 23400/30754 processed; 4715 requests; 10 unavailable origins.
ORS: 23405/30754 processed; 4716 requests; 10 unavailable origins.
ORS: 23410/30754 processed; 4717 requests; 10 unavailable origins.
ORS: 23415/30754 processed; 4718 requests; 10 unavailable origins.
ORS: 23420/30754 processed; 4719 requests; 10 unavailable origins.
ORS: 23425/30754 processed; 4720 requests; 10 unavailable origins.
ORS: 23430/30754 processed; 4721 requests; 10 unavailable origins.
ORS: 23435/30754 processed; 4722 requests; 10 unavailable origins.
ORS: 23440/30754 processed; 4723 requests; 10 unavailable origins.
ORS: 23445/30754 processed; 4724 requests; 10 unavailable origins.
ORS: 23450/30754 processed; 4725 requests; 10 unavailable origins.
ORS: 23455/30754 processed; 4726 requests; 10 unavailable origins.
ORS: 23460/30754 processed; 4727 requests; 10 unavailable origins.
ORS: 23465/30754 processed; 4728 requests; 10 unavailable origins.
ORS: 23470/30754 processed; 4729 requests; 10 unavailable origins.
ORS: 23475/30754 processed; 4730 requests; 10 unavailable origins.
ORS: 23480/30754 processed; 4731 requests; 10 unavailable origins.
ORS: 23485/30754 processed; 4732 requests; 10 unavailable origins.
ORS: 23490/30754 processed; 4733 requests; 10 unavailable origins.
ORS: 23495/30754 processed; 4734 requests; 10 unavailable origins.
ORS: 23500/30754 processed; 4735 requests; 10 unavailable origins.
ORS: 23505/30754 processed; 4736 requests; 10 unavailable origins.
ORS: 23510/30754 processed; 4737 requests; 10 unavailable origins.
ORS: 23515/30754 processed; 4738 requests; 10 unavailable origins.
ORS: 23520/30754 processed; 4739 requests; 10 unavailable origins.
ORS: 23525/30754 processed; 4740 requests; 10 unavailable origins.
ORS: 23530/30754 processed; 4741 requests; 10 unavailable origins.
ORS: 23535/30754 processed; 4742 requests; 10 unavailable origins.
ORS: 23540/30754 processed; 4743 requests; 10 unavailable origins.
ORS: 23545/30754 processed; 4744 requests; 10 unavailable origins.
ORS: 23550/30754 processed; 4745 requests; 10 unavailable origins.
ORS: 23555/30754 processed; 4746 requests; 10 unavailable origins.
ORS: 23560/30754 processed; 4747 requests; 10 unavailable origins.
ORS: 23565/30754 processed; 4748 requests; 10 unavailable origins.
ORS: 23570/30754 processed; 4749 requests; 10 unavailable origins.
ORS: 23575/30754 processed; 4750 requests; 10 unavailable origins.
ORS: 23580/30754 processed; 4751 requests; 10 unavailable origins.
ORS: 23585/30754 processed; 4752 requests; 10 unavailable origins.
ORS: 23590/30754 processed; 4753 requests; 10 unavailable origins.
ORS: 23595/30754 processed; 4754 requests; 10 unavailable origins.
ORS: 23600/30754 processed; 4755 requests; 10 unavailable origins.
ORS: 23605/30754 processed; 4756 requests; 10 unavailable origins.
ORS: 23610/30754 processed; 4757 requests; 10 unavailable origins.
ORS: 23615/30754 processed; 4758 requests; 10 unavailable origins.
ORS: 23620/30754 processed; 4759 requests; 10 unavailable origins.
ORS: 23625/30754 processed; 4760 requests; 10 unavailable origins.
ORS: 23630/30754 processed; 4761 requests; 10 unavailable origins.
ORS: 23635/30754 processed; 4762 requests; 10 unavailable origins.
ORS: 23640/30754 processed; 4763 requests; 10 unavailable origins.
ORS: 23645/30754 processed; 4764 requests; 10 unavailable origins.
ORS: 23650/30754 processed; 4765 requests; 10 unavailable origins.
ORS: 23655/30754 processed; 4766 requests; 10 unavailable origins.
ORS: 23660/30754 processed; 4767 requests; 10 unavailable origins.
ORS: 23665/30754 processed; 4768 requests; 10 unavailable origins.
ORS: 23670/30754 processed; 4769 requests; 10 unavailable origins.
ORS: 23675/30754 processed; 4770 requests; 10 unavailable origins.
ORS: 23680/30754 processed; 4771 requests; 10 unavailable origins.
ORS: 23685/30754 processed; 4772 requests; 10 unavailable origins.
ORS: 23690/30754 processed; 4773 requests; 10 unavailable origins.
ORS: 23695/30754 processed; 4774 requests; 10 unavailable origins.
ORS: 23700/30754 processed; 4775 requests; 10 unavailable origins.
ORS: 23705/30754 processed; 4776 requests; 10 unavailable origins.
ORS: 23710/30754 processed; 4777 requests; 10 unavailable origins.
ORS: 23715/30754 processed; 4778 requests; 10 unavailable origins.
ORS: 23720/30754 processed; 4779 requests; 10 unavailable origins.
ORS: 23725/30754 processed; 4780 requests; 10 unavailable origins.
ORS: 23730/30754 processed; 4781 requests; 10 unavailable origins.
ORS: 23735/30754 processed; 4782 requests; 10 unavailable origins.
ORS: 23740/30754 processed; 4783 requests; 10 unavailable origins.
ORS: 23745/30754 processed; 4784 requests; 10 unavailable origins.
ORS: 23750/30754 processed; 4785 requests; 10 unavailable origins.
ORS: 23755/30754 processed; 4786 requests; 10 unavailable origins.
ORS: 23760/30754 processed; 4787 requests; 10 unavailable origins.
ORS: 23765/30754 processed; 4788 requests; 10 unavailable origins.
ORS: 23770/30754 processed; 4789 requests; 10 unavailable origins.
ORS: 23775/30754 processed; 4790 requests; 10 unavailable origins.
ORS: 23780/30754 processed; 4791 requests; 10 unavailable origins.
ORS: 23785/30754 processed; 4792 requests; 10 unavailable origins.
ORS: 23790/30754 processed; 4793 requests; 10 unavailable origins.
ORS: 23795/30754 processed; 4794 requests; 10 unavailable origins.
ORS: 23800/30754 processed; 4795 requests; 10 unavailable origins.
ORS: 23805/30754 processed; 4796 requests; 10 unavailable origins.
ORS: 23810/30754 processed; 4797 requests; 10 unavailable origins.
ORS: 23815/30754 processed; 4798 requests; 10 unavailable origins.
ORS: 23820/30754 processed; 4799 requests; 10 unavailable origins.
ORS: 23825/30754 processed; 4800 requests; 10 unavailable origins.
ORS: 23830/30754 processed; 4801 requests; 10 unavailable origins.
ORS: 23835/30754 processed; 4802 requests; 10 unavailable origins.
ORS: 23840/30754 processed; 4803 requests; 10 unavailable origins.
ORS: 23845/30754 processed; 4804 requests; 10 unavailable origins.
ORS: 23850/30754 processed; 4805 requests; 10 unavailable origins.
ORS: 23855/30754 processed; 4806 requests; 10 unavailable origins.
ORS: 23860/30754 processed; 4807 requests; 10 unavailable origins.
ORS: 23865/30754 processed; 4808 requests; 10 unavailable origins.
ORS: 23870/30754 processed; 4809 requests; 10 unavailable origins.
ORS: 23875/30754 processed; 4810 requests; 10 unavailable origins.
ORS: 23880/30754 processed; 4811 requests; 10 unavailable origins.
ORS: 23885/30754 processed; 4812 requests; 10 unavailable origins.
ORS: 23890/30754 processed; 4813 requests; 10 unavailable origins.
ORS: 23895/30754 processed; 4814 requests; 10 unavailable origins.
ORS: 23900/30754 processed; 4815 requests; 10 unavailable origins.
ORS: 23905/30754 processed; 4816 requests; 10 unavailable origins.
ORS: 23910/30754 processed; 4817 requests; 10 unavailable origins.
ORS: 23915/30754 processed; 4818 requests; 10 unavailable origins.
ORS: 23920/30754 processed; 4819 requests; 10 unavailable origins.
ORS: 23925/30754 processed; 4820 requests; 10 unavailable origins.
ORS: 23930/30754 processed; 4821 requests; 10 unavailable origins.
ORS: 23935/30754 processed; 4822 requests; 10 unavailable origins.
ORS: 23940/30754 processed; 4823 requests; 10 unavailable origins.
ORS: 23945/30754 processed; 4824 requests; 10 unavailable origins.
ORS: 23950/30754 processed; 4825 requests; 10 unavailable origins.
ORS: 23955/30754 processed; 4826 requests; 10 unavailable origins.
ORS: 23960/30754 processed; 4827 requests; 10 unavailable origins.
ORS: 23965/30754 processed; 4828 requests; 10 unavailable origins.
ORS: 23970/30754 processed; 4829 requests; 10 unavailable origins.
ORS: 23975/30754 processed; 4830 requests; 10 unavailable origins.
ORS: 23980/30754 processed; 4831 requests; 10 unavailable origins.
ORS: 23985/30754 processed; 4832 requests; 10 unavailable origins.
ORS: 23990/30754 processed; 4833 requests; 10 unavailable origins.
ORS: 23995/30754 processed; 4834 requests; 10 unavailable origins.
ORS: 24000/30754 processed; 4835 requests; 10 unavailable origins.
ORS: 24005/30754 processed; 4836 requests; 10 unavailable origins.
ORS: 24010/30754 processed; 4837 requests; 10 unavailable origins.
ORS: 24015/30754 processed; 4838 requests; 10 unavailable origins.
ORS: 24020/30754 processed; 4839 requests; 10 unavailable origins.
ORS: 24025/30754 processed; 4840 requests; 10 unavailable origins.
ORS: 24030/30754 processed; 4841 requests; 10 unavailable origins.
ORS: 24035/30754 processed; 4842 requests; 10 unavailable origins.
ORS: 24040/30754 processed; 4843 requests; 10 unavailable origins.
ORS: 24045/30754 processed; 4844 requests; 10 unavailable origins.
ORS: 24050/30754 processed; 4845 requests; 10 unavailable origins.
ORS: 24055/30754 processed; 4846 requests; 10 unavailable origins.
ORS: 24060/30754 processed; 4847 requests; 10 unavailable origins.
ORS: 24065/30754 processed; 4848 requests; 10 unavailable origins.
ORS: 24070/30754 processed; 4849 requests; 10 unavailable origins.
ORS: 24075/30754 processed; 4850 requests; 10 unavailable origins.
ORS: 24080/30754 processed; 4851 requests; 10 unavailable origins.
ORS: 24085/30754 processed; 4852 requests; 10 unavailable origins.
ORS: 24090/30754 processed; 4853 requests; 10 unavailable origins.
ORS: 24095/30754 processed; 4854 requests; 10 unavailable origins.
ORS: 24100/30754 processed; 4855 requests; 10 unavailable origins.
ORS: 24105/30754 processed; 4856 requests; 10 unavailable origins.
ORS: 24110/30754 processed; 4857 requests; 10 unavailable origins.
ORS: 24115/30754 processed; 4858 requests; 10 unavailable origins.
ORS: 24120/30754 processed; 4859 requests; 10 unavailable origins.
ORS: 24125/30754 processed; 4860 requests; 10 unavailable origins.
ORS: 24130/30754 processed; 4861 requests; 10 unavailable origins.
ORS: 24135/30754 processed; 4862 requests; 10 unavailable origins.
ORS: 24140/30754 processed; 4863 requests; 10 unavailable origins.
ORS: 24145/30754 processed; 4864 requests; 10 unavailable origins.
ORS: 24150/30754 processed; 4865 requests; 10 unavailable origins.
ORS: 24155/30754 processed; 4866 requests; 10 unavailable origins.
ORS: 24160/30754 processed; 4867 requests; 10 unavailable origins.
ORS: 24165/30754 processed; 4868 requests; 10 unavailable origins.
ORS: 24170/30754 processed; 4869 requests; 10 unavailable origins.
ORS: 24175/30754 processed; 4870 requests; 10 unavailable origins.
ORS: 24180/30754 processed; 4871 requests; 10 unavailable origins.
ORS: 24185/30754 processed; 4872 requests; 10 unavailable origins.
ORS: 24190/30754 processed; 4873 requests; 10 unavailable origins.
ORS: 24195/30754 processed; 4874 requests; 10 unavailable origins.
ORS: 24200/30754 processed; 4875 requests; 10 unavailable origins.
ORS: 24205/30754 processed; 4876 requests; 10 unavailable origins.
ORS: 24210/30754 processed; 4877 requests; 10 unavailable origins.
ORS: 24215/30754 processed; 4878 requests; 10 unavailable origins.
ORS: 24220/30754 processed; 4879 requests; 10 unavailable origins.
ORS: 24225/30754 processed; 4880 requests; 10 unavailable origins.
ORS: 24230/30754 processed; 4881 requests; 10 unavailable origins.
ORS: 24235/30754 processed; 4882 requests; 10 unavailable origins.
ORS: 24240/30754 processed; 4883 requests; 10 unavailable origins.
ORS: 24245/30754 processed; 4884 requests; 10 unavailable origins.
ORS: 24250/30754 processed; 4885 requests; 10 unavailable origins.
ORS: 24255/30754 processed; 4886 requests; 10 unavailable origins.
ORS: 24260/30754 processed; 4887 requests; 10 unavailable origins.
ORS: 24265/30754 processed; 4888 requests; 10 unavailable origins.
ORS: 24270/30754 processed; 4889 requests; 10 unavailable origins.
ORS: 24275/30754 processed; 4890 requests; 10 unavailable origins.
ORS: 24280/30754 processed; 4891 requests; 10 unavailable origins.
ORS: 24285/30754 processed; 4892 requests; 10 unavailable origins.
ORS: 24290/30754 processed; 4893 requests; 10 unavailable origins.
ORS: 24295/30754 processed; 4894 requests; 10 unavailable origins.
ORS: 24300/30754 processed; 4895 requests; 10 unavailable origins.
ORS: 24305/30754 processed; 4896 requests; 10 unavailable origins.
ORS: 24310/30754 processed; 4897 requests; 10 unavailable origins.
ORS: 24315/30754 processed; 4898 requests; 10 unavailable origins.
ORS: 24320/30754 processed; 4899 requests; 10 unavailable origins.
ORS: 24325/30754 processed; 4900 requests; 10 unavailable origins.
ORS: 24330/30754 processed; 4901 requests; 10 unavailable origins.
ORS: 24335/30754 processed; 4902 requests; 10 unavailable origins.
ORS: 24340/30754 processed; 4903 requests; 10 unavailable origins.
ORS: 24345/30754 processed; 4904 requests; 10 unavailable origins.
ORS: 24350/30754 processed; 4905 requests; 10 unavailable origins.
ORS: 24355/30754 processed; 4906 requests; 10 unavailable origins.
ORS: 24360/30754 processed; 4907 requests; 10 unavailable origins.
ORS: 24365/30754 processed; 4908 requests; 10 unavailable origins.
ORS: 24370/30754 processed; 4909 requests; 10 unavailable origins.
ORS: 24375/30754 processed; 4910 requests; 10 unavailable origins.
ORS: 24380/30754 processed; 4911 requests; 10 unavailable origins.
ORS: 24385/30754 processed; 4912 requests; 10 unavailable origins.
ORS: 24390/30754 processed; 4913 requests; 10 unavailable origins.
ORS: 24395/30754 processed; 4914 requests; 10 unavailable origins.
ORS: 24400/30754 processed; 4915 requests; 10 unavailable origins.
ORS: 24405/30754 processed; 4916 requests; 10 unavailable origins.
ORS: 24410/30754 processed; 4917 requests; 10 unavailable origins.
ORS: 24415/30754 processed; 4918 requests; 10 unavailable origins.
ORS: 24420/30754 processed; 4919 requests; 10 unavailable origins.
ORS: 24425/30754 processed; 4920 requests; 10 unavailable origins.
ORS: 24430/30754 processed; 4921 requests; 10 unavailable origins.
ORS: 24435/30754 processed; 4922 requests; 10 unavailable origins.
ORS: 24440/30754 processed; 4923 requests; 10 unavailable origins.
ORS: 24445/30754 processed; 4924 requests; 10 unavailable origins.
ORS: 24450/30754 processed; 4925 requests; 10 unavailable origins.
ORS: 24455/30754 processed; 4926 requests; 10 unavailable origins.
ORS: 24460/30754 processed; 4927 requests; 10 unavailable origins.
ORS: 24465/30754 processed; 4928 requests; 10 unavailable origins.
ORS: 24470/30754 processed; 4929 requests; 10 unavailable origins.
ORS: 24475/30754 processed; 4930 requests; 10 unavailable origins.
ORS: 24480/30754 processed; 4931 requests; 10 unavailable origins.
ORS: 24485/30754 processed; 4932 requests; 10 unavailable origins.
ORS: 24490/30754 processed; 4933 requests; 10 unavailable origins.
ORS: 24495/30754 processed; 4934 requests; 10 unavailable origins.
ORS: 24500/30754 processed; 4935 requests; 10 unavailable origins.
ORS: 24505/30754 processed; 4936 requests; 10 unavailable origins.
ORS: 24510/30754 processed; 4937 requests; 10 unavailable origins.
ORS: 24515/30754 processed; 4938 requests; 10 unavailable origins.
ORS: 24520/30754 processed; 4939 requests; 10 unavailable origins.
ORS: 24525/30754 processed; 4940 requests; 10 unavailable origins.
ORS: 24530/30754 processed; 4941 requests; 10 unavailable origins.
ORS: 24535/30754 processed; 4942 requests; 10 unavailable origins.
ORS: 24540/30754 processed; 4943 requests; 10 unavailable origins.
ORS: 24545/30754 processed; 4944 requests; 10 unavailable origins.
ORS: 24550/30754 processed; 4945 requests; 10 unavailable origins.
ORS: 24555/30754 processed; 4946 requests; 10 unavailable origins.
ORS: 24560/30754 processed; 4947 requests; 10 unavailable origins.
ORS: 24565/30754 processed; 4948 requests; 10 unavailable origins.
ORS: 24570/30754 processed; 4949 requests; 10 unavailable origins.
ORS: 24575/30754 processed; 4950 requests; 10 unavailable origins.
ORS: 24580/30754 processed; 4951 requests; 10 unavailable origins.
ORS: 24585/30754 processed; 4952 requests; 10 unavailable origins.
ORS: 24590/30754 processed; 4953 requests; 10 unavailable origins.
ORS: 24595/30754 processed; 4954 requests; 10 unavailable origins.
ORS: 24600/30754 processed; 4955 requests; 10 unavailable origins.
ORS: 24605/30754 processed; 4956 requests; 10 unavailable origins.
ORS: 24610/30754 processed; 4957 requests; 10 unavailable origins.
ORS: 24615/30754 processed; 4958 requests; 10 unavailable origins.
ORS: 24620/30754 processed; 4959 requests; 10 unavailable origins.
ORS: 24625/30754 processed; 4960 requests; 10 unavailable origins.
ORS: 24630/30754 processed; 4961 requests; 10 unavailable origins.
ORS: 24635/30754 processed; 4962 requests; 10 unavailable origins.
ORS: 24640/30754 processed; 4963 requests; 10 unavailable origins.
ORS: 24645/30754 processed; 4964 requests; 10 unavailable origins.
ORS: 24650/30754 processed; 4965 requests; 10 unavailable origins.
ORS: 24655/30754 processed; 4966 requests; 10 unavailable origins.
ORS: 24660/30754 processed; 4967 requests; 10 unavailable origins.
ORS: 24665/30754 processed; 4968 requests; 10 unavailable origins.
ORS: 24670/30754 processed; 4969 requests; 10 unavailable origins.
ORS: 24675/30754 processed; 4970 requests; 10 unavailable origins.
ORS: 24680/30754 processed; 4971 requests; 10 unavailable origins.
ORS: 24685/30754 processed; 4972 requests; 10 unavailable origins.
ORS: 24690/30754 processed; 4973 requests; 10 unavailable origins.
ORS: 24695/30754 processed; 4974 requests; 10 unavailable origins.
ORS: 24700/30754 processed; 4975 requests; 10 unavailable origins.
ORS: 24705/30754 processed; 4976 requests; 10 unavailable origins.
ORS: 24710/30754 processed; 4977 requests; 10 unavailable origins.
ORS: 24715/30754 processed; 4978 requests; 10 unavailable origins.
ORS: 24720/30754 processed; 4979 requests; 10 unavailable origins.
ORS: 24725/30754 processed; 4980 requests; 10 unavailable origins.
ORS: 24730/30754 processed; 4981 requests; 10 unavailable origins.
ORS: 24735/30754 processed; 4982 requests; 10 unavailable origins.
ORS: 24740/30754 processed; 4983 requests; 10 unavailable origins.
ORS: 24745/30754 processed; 4984 requests; 10 unavailable origins.
ORS: 24750/30754 processed; 4985 requests; 10 unavailable origins.
ORS: 24755/30754 processed; 4986 requests; 10 unavailable origins.
ORS: 24760/30754 processed; 4987 requests; 10 unavailable origins.
ORS: 24765/30754 processed; 4988 requests; 10 unavailable origins.
ORS: 24770/30754 processed; 4989 requests; 10 unavailable origins.
ORS: 24775/30754 processed; 4990 requests; 10 unavailable origins.
ORS: 24780/30754 processed; 4991 requests; 10 unavailable origins.
ORS: 24785/30754 processed; 4992 requests; 10 unavailable origins.
ORS: 24790/30754 processed; 4993 requests; 10 unavailable origins.
ORS: 24795/30754 processed; 4994 requests; 10 unavailable origins.
ORS: 24800/30754 processed; 4995 requests; 10 unavailable origins.
ORS: 24805/30754 processed; 4996 requests; 10 unavailable origins.
ORS: 24810/30754 processed; 4997 requests; 10 unavailable origins.
ORS: 24815/30754 processed; 4998 requests; 10 unavailable origins.
ORS: 24820/30754 processed; 4999 requests; 10 unavailable origins.
ORS: 24825/30754 processed; 5000 requests; 10 unavailable origins.
ORS: 24830/30754 processed; 5001 requests; 10 unavailable origins.
ORS: 24835/30754 processed; 5002 requests; 10 unavailable origins.
ORS: 24840/30754 processed; 5003 requests; 10 unavailable origins.
ORS: 24845/30754 processed; 5004 requests; 10 unavailable origins.
ORS: 24850/30754 processed; 5005 requests; 10 unavailable origins.
ORS: 24855/30754 processed; 5006 requests; 10 unavailable origins.
ORS: 24860/30754 processed; 5007 requests; 10 unavailable origins.
ORS: 24865/30754 processed; 5008 requests; 10 unavailable origins.
ORS: 24870/30754 processed; 5009 requests; 10 unavailable origins.
ORS: 24875/30754 processed; 5010 requests; 10 unavailable origins.
ORS: 24880/30754 processed; 5011 requests; 10 unavailable origins.
ORS: 24885/30754 processed; 5012 requests; 10 unavailable origins.
ORS: 24890/30754 processed; 5013 requests; 10 unavailable origins.
ORS: 24895/30754 processed; 5014 requests; 10 unavailable origins.
ORS: 24900/30754 processed; 5015 requests; 10 unavailable origins.
ORS: 24905/30754 processed; 5016 requests; 10 unavailable origins.
ORS: 24910/30754 processed; 5017 requests; 10 unavailable origins.
Unavailable origin 2.58087,48.95511 (2.58087,48.95511) [ors-3099]: Briand [station:FR::Quay:50198174:FR1; line:IDFM:C02060] — ORS 500 (code 3099): Unable to build an isochrone map.; station unavailable, check OSM coverage/access to the walking network.
ORS: 24915/30754 processed; 5023 requests; 11 unavailable origins.
ORS: 24920/30754 processed; 5024 requests; 11 unavailable origins.
ORS: 24925/30754 processed; 5025 requests; 11 unavailable origins.
ORS: 24930/30754 processed; 5026 requests; 11 unavailable origins.
ORS: 24935/30754 processed; 5027 requests; 11 unavailable origins.
ORS: 24940/30754 processed; 5028 requests; 11 unavailable origins.
ORS: 24945/30754 processed; 5029 requests; 11 unavailable origins.
ORS: 24950/30754 processed; 5030 requests; 11 unavailable origins.
ORS: 24955/30754 processed; 5031 requests; 11 unavailable origins.
ORS: 24960/30754 processed; 5032 requests; 11 unavailable origins.
ORS: 24965/30754 processed; 5033 requests; 11 unavailable origins.
ORS: 24970/30754 processed; 5034 requests; 11 unavailable origins.
ORS: 24975/30754 processed; 5035 requests; 11 unavailable origins.
ORS: 24980/30754 processed; 5036 requests; 11 unavailable origins.
ORS: 24985/30754 processed; 5037 requests; 11 unavailable origins.
ORS: 24990/30754 processed; 5038 requests; 11 unavailable origins.
ORS: 24995/30754 processed; 5039 requests; 11 unavailable origins.
ORS: 25000/30754 processed; 5040 requests; 11 unavailable origins.
ORS: 25005/30754 processed; 5041 requests; 11 unavailable origins.
ORS: 25010/30754 processed; 5042 requests; 11 unavailable origins.
ORS: 25015/30754 processed; 5043 requests; 11 unavailable origins.
ORS: 25020/30754 processed; 5044 requests; 11 unavailable origins.
ORS: 25025/30754 processed; 5045 requests; 11 unavailable origins.
ORS: 25030/30754 processed; 5046 requests; 11 unavailable origins.
ORS: 25035/30754 processed; 5047 requests; 11 unavailable origins.
ORS: 25040/30754 processed; 5048 requests; 11 unavailable origins.
ORS: 25045/30754 processed; 5049 requests; 11 unavailable origins.
ORS: 25050/30754 processed; 5050 requests; 11 unavailable origins.
ORS: 25055/30754 processed; 5051 requests; 11 unavailable origins.
ORS: 25060/30754 processed; 5052 requests; 11 unavailable origins.
ORS: 25065/30754 processed; 5053 requests; 11 unavailable origins.
ORS: 25070/30754 processed; 5054 requests; 11 unavailable origins.
ORS: 25075/30754 processed; 5055 requests; 11 unavailable origins.
ORS: 25080/30754 processed; 5056 requests; 11 unavailable origins.
ORS: 25085/30754 processed; 5057 requests; 11 unavailable origins.
ORS: 25090/30754 processed; 5058 requests; 11 unavailable origins.
ORS: 25095/30754 processed; 5059 requests; 11 unavailable origins.
ORS: 25100/30754 processed; 5060 requests; 11 unavailable origins.
ORS: 25105/30754 processed; 5061 requests; 11 unavailable origins.
ORS: 25110/30754 processed; 5062 requests; 11 unavailable origins.
ORS: 25115/30754 processed; 5063 requests; 11 unavailable origins.
ORS: 25120/30754 processed; 5064 requests; 11 unavailable origins.
ORS: 25125/30754 processed; 5065 requests; 11 unavailable origins.
ORS: 25130/30754 processed; 5066 requests; 11 unavailable origins.
ORS: 25135/30754 processed; 5067 requests; 11 unavailable origins.
ORS: 25140/30754 processed; 5068 requests; 11 unavailable origins.
ORS: 25145/30754 processed; 5069 requests; 11 unavailable origins.
ORS: 25150/30754 processed; 5070 requests; 11 unavailable origins.
ORS: 25155/30754 processed; 5071 requests; 11 unavailable origins.
ORS: 25160/30754 processed; 5072 requests; 11 unavailable origins.
ORS: 25165/30754 processed; 5073 requests; 11 unavailable origins.
ORS: 25170/30754 processed; 5074 requests; 11 unavailable origins.
ORS: 25175/30754 processed; 5075 requests; 11 unavailable origins.
ORS: 25180/30754 processed; 5076 requests; 11 unavailable origins.
ORS: 25185/30754 processed; 5077 requests; 11 unavailable origins.
ORS: 25190/30754 processed; 5078 requests; 11 unavailable origins.
ORS: 25195/30754 processed; 5079 requests; 11 unavailable origins.
ORS: 25200/30754 processed; 5080 requests; 11 unavailable origins.
ORS: 25205/30754 processed; 5081 requests; 11 unavailable origins.
ORS: 25210/30754 processed; 5082 requests; 11 unavailable origins.
ORS: 25215/30754 processed; 5083 requests; 11 unavailable origins.
ORS: 25220/30754 processed; 5084 requests; 11 unavailable origins.
ORS: 25225/30754 processed; 5085 requests; 11 unavailable origins.
ORS: 25230/30754 processed; 5086 requests; 11 unavailable origins.
ORS: 25235/30754 processed; 5087 requests; 11 unavailable origins.
ORS: 25240/30754 processed; 5088 requests; 11 unavailable origins.
ORS: 25245/30754 processed; 5089 requests; 11 unavailable origins.
ORS: 25250/30754 processed; 5090 requests; 11 unavailable origins.
ORS: 25255/30754 processed; 5091 requests; 11 unavailable origins.
ORS: 25260/30754 processed; 5092 requests; 11 unavailable origins.
ORS: 25265/30754 processed; 5093 requests; 11 unavailable origins.
ORS: 25270/30754 processed; 5094 requests; 11 unavailable origins.
ORS: 25275/30754 processed; 5095 requests; 11 unavailable origins.
ORS: 25280/30754 processed; 5096 requests; 11 unavailable origins.
ORS: 25285/30754 processed; 5097 requests; 11 unavailable origins.
ORS: 25290/30754 processed; 5098 requests; 11 unavailable origins.
ORS: 25295/30754 processed; 5099 requests; 11 unavailable origins.
ORS: 25300/30754 processed; 5100 requests; 11 unavailable origins.
ORS: 25305/30754 processed; 5101 requests; 11 unavailable origins.
ORS: 25310/30754 processed; 5102 requests; 11 unavailable origins.
ORS: 25315/30754 processed; 5103 requests; 11 unavailable origins.
ORS: 25320/30754 processed; 5104 requests; 11 unavailable origins.
ORS: 25325/30754 processed; 5105 requests; 11 unavailable origins.
ORS: 25330/30754 processed; 5106 requests; 11 unavailable origins.
ORS: 25335/30754 processed; 5107 requests; 11 unavailable origins.
ORS: 25340/30754 processed; 5108 requests; 11 unavailable origins.
ORS: 25345/30754 processed; 5109 requests; 11 unavailable origins.
ORS: 25350/30754 processed; 5110 requests; 11 unavailable origins.
ORS: 25355/30754 processed; 5111 requests; 11 unavailable origins.
ORS: 25360/30754 processed; 5112 requests; 11 unavailable origins.
ORS: 25365/30754 processed; 5113 requests; 11 unavailable origins.
ORS: 25370/30754 processed; 5114 requests; 11 unavailable origins.
ORS: 25375/30754 processed; 5115 requests; 11 unavailable origins.
ORS: 25380/30754 processed; 5116 requests; 11 unavailable origins.
ORS: 25385/30754 processed; 5117 requests; 11 unavailable origins.
ORS: 25390/30754 processed; 5118 requests; 11 unavailable origins.
ORS: 25395/30754 processed; 5119 requests; 11 unavailable origins.
ORS: 25400/30754 processed; 5120 requests; 11 unavailable origins.
ORS: 25405/30754 processed; 5121 requests; 11 unavailable origins.
ORS: 25410/30754 processed; 5122 requests; 11 unavailable origins.
ORS: 25415/30754 processed; 5123 requests; 11 unavailable origins.
ORS: 25420/30754 processed; 5124 requests; 11 unavailable origins.
ORS: 25425/30754 processed; 5125 requests; 11 unavailable origins.
ORS: 25430/30754 processed; 5126 requests; 11 unavailable origins.
ORS: 25435/30754 processed; 5127 requests; 11 unavailable origins.
ORS: 25440/30754 processed; 5128 requests; 11 unavailable origins.
ORS: 25445/30754 processed; 5129 requests; 11 unavailable origins.
ORS: 25450/30754 processed; 5130 requests; 11 unavailable origins.
ORS: 25455/30754 processed; 5131 requests; 11 unavailable origins.
ORS: 25460/30754 processed; 5132 requests; 11 unavailable origins.
ORS: 25465/30754 processed; 5133 requests; 11 unavailable origins.
ORS: 25470/30754 processed; 5134 requests; 11 unavailable origins.
ORS: 25475/30754 processed; 5135 requests; 11 unavailable origins.
ORS: 25480/30754 processed; 5136 requests; 11 unavailable origins.
ORS: 25485/30754 processed; 5137 requests; 11 unavailable origins.
ORS: 25490/30754 processed; 5138 requests; 11 unavailable origins.
ORS: 25495/30754 processed; 5139 requests; 11 unavailable origins.
ORS: 25500/30754 processed; 5140 requests; 11 unavailable origins.
ORS: 25505/30754 processed; 5141 requests; 11 unavailable origins.
ORS: 25510/30754 processed; 5142 requests; 11 unavailable origins.
ORS: 25515/30754 processed; 5143 requests; 11 unavailable origins.
ORS: 25520/30754 processed; 5144 requests; 11 unavailable origins.
ORS: 25525/30754 processed; 5145 requests; 11 unavailable origins.
ORS: 25530/30754 processed; 5146 requests; 11 unavailable origins.
ORS: 25535/30754 processed; 5147 requests; 11 unavailable origins.
ORS: 25540/30754 processed; 5148 requests; 11 unavailable origins.
ORS: 25545/30754 processed; 5149 requests; 11 unavailable origins.
ORS: 25550/30754 processed; 5150 requests; 11 unavailable origins.
ORS: 25555/30754 processed; 5151 requests; 11 unavailable origins.
ORS: 25560/30754 processed; 5152 requests; 11 unavailable origins.
ORS: 25565/30754 processed; 5153 requests; 11 unavailable origins.
ORS: 25570/30754 processed; 5154 requests; 11 unavailable origins.
ORS: 25575/30754 processed; 5155 requests; 11 unavailable origins.
ORS: 25580/30754 processed; 5156 requests; 11 unavailable origins.
ORS: 25585/30754 processed; 5157 requests; 11 unavailable origins.
ORS: 25590/30754 processed; 5158 requests; 11 unavailable origins.
ORS: 25595/30754 processed; 5159 requests; 11 unavailable origins.
ORS: 25600/30754 processed; 5160 requests; 11 unavailable origins.
ORS: 25605/30754 processed; 5161 requests; 11 unavailable origins.
ORS: 25610/30754 processed; 5162 requests; 11 unavailable origins.
ORS: 25615/30754 processed; 5163 requests; 11 unavailable origins.
ORS: 25620/30754 processed; 5164 requests; 11 unavailable origins.
ORS: 25625/30754 processed; 5165 requests; 11 unavailable origins.
Unavailable origin 2.61148,48.98300 (2.61148,48.983) [ors-3099]: Fulbert Lenfant [station:FR::Quay:50198074:FR1; line:IDFM:C02060] — ORS 500 (code 3099): Unable to build an isochrone map.; station unavailable, check OSM coverage/access to the walking network.
ORS: 25630/30754 processed; 5171 requests; 12 unavailable origins.
ORS: 25635/30754 processed; 5172 requests; 12 unavailable origins.
ORS: 25640/30754 processed; 5173 requests; 12 unavailable origins.
ORS: 25645/30754 processed; 5174 requests; 12 unavailable origins.
ORS: 25650/30754 processed; 5175 requests; 12 unavailable origins.
ORS: 25655/30754 processed; 5176 requests; 12 unavailable origins.
ORS: 25660/30754 processed; 5177 requests; 12 unavailable origins.
ORS: 25665/30754 processed; 5178 requests; 12 unavailable origins.
ORS: 25670/30754 processed; 5179 requests; 12 unavailable origins.
ORS: 25675/30754 processed; 5180 requests; 12 unavailable origins.
ORS: 25680/30754 processed; 5181 requests; 12 unavailable origins.
ORS: 25685/30754 processed; 5182 requests; 12 unavailable origins.
ORS: 25690/30754 processed; 5183 requests; 12 unavailable origins.
ORS: 25695/30754 processed; 5184 requests; 12 unavailable origins.
ORS: 25700/30754 processed; 5185 requests; 12 unavailable origins.
ORS: 25705/30754 processed; 5186 requests; 12 unavailable origins.
ORS: 25710/30754 processed; 5187 requests; 12 unavailable origins.
ORS: 25715/30754 processed; 5188 requests; 12 unavailable origins.
ORS: 25720/30754 processed; 5189 requests; 12 unavailable origins.
ORS: 25725/30754 processed; 5190 requests; 12 unavailable origins.
ORS: 25730/30754 processed; 5191 requests; 12 unavailable origins.
ORS: 25735/30754 processed; 5192 requests; 12 unavailable origins.
ORS: 25740/30754 processed; 5193 requests; 12 unavailable origins.
ORS: 25745/30754 processed; 5194 requests; 12 unavailable origins.
ORS: 25750/30754 processed; 5195 requests; 12 unavailable origins.
ORS: 25755/30754 processed; 5196 requests; 12 unavailable origins.
ORS: 25760/30754 processed; 5197 requests; 12 unavailable origins.
ORS: 25765/30754 processed; 5198 requests; 12 unavailable origins.
ORS: 25770/30754 processed; 5199 requests; 12 unavailable origins.
ORS: 25775/30754 processed; 5200 requests; 12 unavailable origins.
ORS: 25780/30754 processed; 5201 requests; 12 unavailable origins.
ORS: 25785/30754 processed; 5202 requests; 12 unavailable origins.
ORS: 25790/30754 processed; 5203 requests; 12 unavailable origins.
ORS: 25795/30754 processed; 5204 requests; 12 unavailable origins.
ORS: 25800/30754 processed; 5205 requests; 12 unavailable origins.
ORS: 25805/30754 processed; 5206 requests; 12 unavailable origins.
ORS: 25810/30754 processed; 5207 requests; 12 unavailable origins.
ORS: 25815/30754 processed; 5208 requests; 12 unavailable origins.
ORS: 25820/30754 processed; 5209 requests; 12 unavailable origins.
ORS: 25825/30754 processed; 5210 requests; 12 unavailable origins.
ORS: 25830/30754 processed; 5211 requests; 12 unavailable origins.
ORS: 25835/30754 processed; 5212 requests; 12 unavailable origins.
ORS: 25840/30754 processed; 5213 requests; 12 unavailable origins.
ORS: 25845/30754 processed; 5214 requests; 12 unavailable origins.
ORS: 25850/30754 processed; 5215 requests; 12 unavailable origins.
ORS: 25855/30754 processed; 5216 requests; 12 unavailable origins.
ORS: 25860/30754 processed; 5217 requests; 12 unavailable origins.
ORS: 25865/30754 processed; 5218 requests; 12 unavailable origins.
ORS: 25870/30754 processed; 5219 requests; 12 unavailable origins.
ORS: 25875/30754 processed; 5220 requests; 12 unavailable origins.
ORS: 25880/30754 processed; 5221 requests; 12 unavailable origins.
ORS: 25885/30754 processed; 5222 requests; 12 unavailable origins.
ORS: 25890/30754 processed; 5223 requests; 12 unavailable origins.
ORS: 25895/30754 processed; 5224 requests; 12 unavailable origins.
ORS: 25900/30754 processed; 5225 requests; 12 unavailable origins.
ORS: 25905/30754 processed; 5226 requests; 12 unavailable origins.
ORS: 25910/30754 processed; 5227 requests; 12 unavailable origins.
ORS: 25915/30754 processed; 5228 requests; 12 unavailable origins.
ORS: 25920/30754 processed; 5229 requests; 12 unavailable origins.
ORS: 25925/30754 processed; 5230 requests; 12 unavailable origins.
ORS: 25930/30754 processed; 5231 requests; 12 unavailable origins.
ORS: 25935/30754 processed; 5232 requests; 12 unavailable origins.
ORS: 25940/30754 processed; 5233 requests; 12 unavailable origins.
ORS: 25945/30754 processed; 5234 requests; 12 unavailable origins.
ORS: 25950/30754 processed; 5235 requests; 12 unavailable origins.
ORS: 25955/30754 processed; 5236 requests; 12 unavailable origins.
ORS: 25960/30754 processed; 5237 requests; 12 unavailable origins.
ORS: 25965/30754 processed; 5238 requests; 12 unavailable origins.
ORS: 25970/30754 processed; 5239 requests; 12 unavailable origins.
ORS: 25975/30754 processed; 5240 requests; 12 unavailable origins.
ORS: 25980/30754 processed; 5241 requests; 12 unavailable origins.
ORS: 25985/30754 processed; 5242 requests; 12 unavailable origins.
ORS: 25990/30754 processed; 5243 requests; 12 unavailable origins.
ORS: 25995/30754 processed; 5244 requests; 12 unavailable origins.
ORS: 26000/30754 processed; 5245 requests; 12 unavailable origins.
ORS: 26005/30754 processed; 5246 requests; 12 unavailable origins.
ORS: 26010/30754 processed; 5247 requests; 12 unavailable origins.
ORS: 26015/30754 processed; 5248 requests; 12 unavailable origins.
ORS: 26020/30754 processed; 5249 requests; 12 unavailable origins.
ORS: 26025/30754 processed; 5250 requests; 12 unavailable origins.
ORS: 26030/30754 processed; 5251 requests; 12 unavailable origins.
ORS: 26035/30754 processed; 5252 requests; 12 unavailable origins.
ORS: 26040/30754 processed; 5253 requests; 12 unavailable origins.
ORS: 26045/30754 processed; 5254 requests; 12 unavailable origins.
ORS: 26050/30754 processed; 5255 requests; 12 unavailable origins.
ORS: 26055/30754 processed; 5256 requests; 12 unavailable origins.
ORS: 26060/30754 processed; 5257 requests; 12 unavailable origins.
ORS: 26065/30754 processed; 5258 requests; 12 unavailable origins.
ORS: 26070/30754 processed; 5259 requests; 12 unavailable origins.
ORS: 26075/30754 processed; 5260 requests; 12 unavailable origins.
ORS: 26080/30754 processed; 5261 requests; 12 unavailable origins.
ORS: 26085/30754 processed; 5262 requests; 12 unavailable origins.
ORS: 26090/30754 processed; 5263 requests; 12 unavailable origins.
ORS: 26095/30754 processed; 5264 requests; 12 unavailable origins.
ORS: 26100/30754 processed; 5265 requests; 12 unavailable origins.
ORS: 26105/30754 processed; 5266 requests; 12 unavailable origins.
ORS: 26110/30754 processed; 5267 requests; 12 unavailable origins.
ORS: 26115/30754 processed; 5268 requests; 12 unavailable origins.
ORS: 26120/30754 processed; 5269 requests; 12 unavailable origins.
ORS: 26125/30754 processed; 5270 requests; 12 unavailable origins.
ORS: 26130/30754 processed; 5271 requests; 12 unavailable origins.
ORS: 26135/30754 processed; 5272 requests; 12 unavailable origins.
ORS: 26140/30754 processed; 5273 requests; 12 unavailable origins.
ORS: 26145/30754 processed; 5274 requests; 12 unavailable origins.
ORS: 26150/30754 processed; 5275 requests; 12 unavailable origins.
ORS: 26155/30754 processed; 5276 requests; 12 unavailable origins.
ORS: 26160/30754 processed; 5277 requests; 12 unavailable origins.
ORS: 26165/30754 processed; 5278 requests; 12 unavailable origins.
ORS: 26170/30754 processed; 5279 requests; 12 unavailable origins.
ORS: 26175/30754 processed; 5280 requests; 12 unavailable origins.
ORS: 26180/30754 processed; 5281 requests; 12 unavailable origins.
ORS: 26185/30754 processed; 5282 requests; 12 unavailable origins.
ORS: 26190/30754 processed; 5283 requests; 12 unavailable origins.
ORS: 26195/30754 processed; 5284 requests; 12 unavailable origins.
ORS: 26200/30754 processed; 5285 requests; 12 unavailable origins.
ORS: 26205/30754 processed; 5286 requests; 12 unavailable origins.
ORS: 26210/30754 processed; 5287 requests; 12 unavailable origins.
ORS: 26215/30754 processed; 5288 requests; 12 unavailable origins.
ORS: 26220/30754 processed; 5289 requests; 12 unavailable origins.
ORS: 26225/30754 processed; 5290 requests; 12 unavailable origins.
ORS: 26230/30754 processed; 5291 requests; 12 unavailable origins.
ORS: 26235/30754 processed; 5292 requests; 12 unavailable origins.
ORS: 26240/30754 processed; 5293 requests; 12 unavailable origins.
ORS: 26245/30754 processed; 5294 requests; 12 unavailable origins.
ORS: 26250/30754 processed; 5295 requests; 12 unavailable origins.
ORS: 26255/30754 processed; 5296 requests; 12 unavailable origins.
ORS: 26260/30754 processed; 5297 requests; 12 unavailable origins.
ORS: 26265/30754 processed; 5298 requests; 12 unavailable origins.
ORS: 26270/30754 processed; 5299 requests; 12 unavailable origins.
ORS: 26275/30754 processed; 5300 requests; 12 unavailable origins.
ORS: 26280/30754 processed; 5301 requests; 12 unavailable origins.
ORS: 26285/30754 processed; 5302 requests; 12 unavailable origins.
ORS: 26290/30754 processed; 5303 requests; 12 unavailable origins.
ORS: 26295/30754 processed; 5304 requests; 12 unavailable origins.
ORS: 26300/30754 processed; 5305 requests; 12 unavailable origins.
ORS: 26305/30754 processed; 5306 requests; 12 unavailable origins.
ORS: 26310/30754 processed; 5307 requests; 12 unavailable origins.
ORS: 26315/30754 processed; 5308 requests; 12 unavailable origins.
ORS: 26320/30754 processed; 5309 requests; 12 unavailable origins.
ORS: 26325/30754 processed; 5310 requests; 12 unavailable origins.
ORS: 26330/30754 processed; 5311 requests; 12 unavailable origins.
ORS: 26335/30754 processed; 5312 requests; 12 unavailable origins.
ORS: 26340/30754 processed; 5313 requests; 12 unavailable origins.
ORS: 26345/30754 processed; 5314 requests; 12 unavailable origins.
ORS: 26350/30754 processed; 5315 requests; 12 unavailable origins.
ORS: 26355/30754 processed; 5316 requests; 12 unavailable origins.
ORS: 26360/30754 processed; 5317 requests; 12 unavailable origins.
ORS: 26365/30754 processed; 5318 requests; 12 unavailable origins.
ORS: 26370/30754 processed; 5319 requests; 12 unavailable origins.
ORS: 26375/30754 processed; 5320 requests; 12 unavailable origins.
ORS: 26380/30754 processed; 5321 requests; 12 unavailable origins.
ORS: 26385/30754 processed; 5322 requests; 12 unavailable origins.
ORS: 26390/30754 processed; 5323 requests; 12 unavailable origins.
ORS: 26395/30754 processed; 5324 requests; 12 unavailable origins.
ORS: 26400/30754 processed; 5325 requests; 12 unavailable origins.
ORS: 26405/30754 processed; 5326 requests; 12 unavailable origins.
ORS: 26410/30754 processed; 5327 requests; 12 unavailable origins.
ORS: 26415/30754 processed; 5328 requests; 12 unavailable origins.
ORS: 26420/30754 processed; 5329 requests; 12 unavailable origins.
ORS: 26425/30754 processed; 5330 requests; 12 unavailable origins.
ORS: 26430/30754 processed; 5331 requests; 12 unavailable origins.
ORS: 26435/30754 processed; 5332 requests; 12 unavailable origins.
ORS: 26440/30754 processed; 5333 requests; 12 unavailable origins.
ORS: 26445/30754 processed; 5334 requests; 12 unavailable origins.
ORS: 26450/30754 processed; 5335 requests; 12 unavailable origins.
ORS: 26455/30754 processed; 5336 requests; 12 unavailable origins.
ORS: 26460/30754 processed; 5337 requests; 12 unavailable origins.
ORS: 26465/30754 processed; 5338 requests; 12 unavailable origins.
ORS: 26470/30754 processed; 5339 requests; 12 unavailable origins.
ORS: 26475/30754 processed; 5340 requests; 12 unavailable origins.
ORS: 26480/30754 processed; 5341 requests; 12 unavailable origins.
ORS: 26485/30754 processed; 5342 requests; 12 unavailable origins.
ORS: 26490/30754 processed; 5343 requests; 12 unavailable origins.
ORS: 26495/30754 processed; 5344 requests; 12 unavailable origins.
ORS: 26500/30754 processed; 5345 requests; 12 unavailable origins.
ORS: 26505/30754 processed; 5346 requests; 12 unavailable origins.
ORS: 26510/30754 processed; 5347 requests; 12 unavailable origins.
ORS: 26515/30754 processed; 5348 requests; 12 unavailable origins.
ORS: 26520/30754 processed; 5349 requests; 12 unavailable origins.
ORS: 26525/30754 processed; 5350 requests; 12 unavailable origins.
ORS: 26530/30754 processed; 5351 requests; 12 unavailable origins.
ORS: 26535/30754 processed; 5352 requests; 12 unavailable origins.
ORS: 26540/30754 processed; 5353 requests; 12 unavailable origins.
ORS: 26545/30754 processed; 5354 requests; 12 unavailable origins.
ORS: 26550/30754 processed; 5355 requests; 12 unavailable origins.
ORS: 26555/30754 processed; 5356 requests; 12 unavailable origins.
ORS: 26560/30754 processed; 5357 requests; 12 unavailable origins.
ORS: 26565/30754 processed; 5358 requests; 12 unavailable origins.
ORS: 26570/30754 processed; 5359 requests; 12 unavailable origins.
ORS: 26575/30754 processed; 5360 requests; 12 unavailable origins.
ORS: 26580/30754 processed; 5361 requests; 12 unavailable origins.
ORS: 26585/30754 processed; 5362 requests; 12 unavailable origins.
ORS: 26590/30754 processed; 5363 requests; 12 unavailable origins.
ORS: 26595/30754 processed; 5364 requests; 12 unavailable origins.
ORS: 26600/30754 processed; 5365 requests; 12 unavailable origins.
ORS: 26605/30754 processed; 5366 requests; 12 unavailable origins.
ORS: 26610/30754 processed; 5367 requests; 12 unavailable origins.
ORS: 26615/30754 processed; 5368 requests; 12 unavailable origins.
ORS: 26620/30754 processed; 5369 requests; 12 unavailable origins.
ORS: 26625/30754 processed; 5370 requests; 12 unavailable origins.
ORS: 26630/30754 processed; 5371 requests; 12 unavailable origins.
ORS: 26635/30754 processed; 5372 requests; 12 unavailable origins.
ORS: 26640/30754 processed; 5373 requests; 12 unavailable origins.
ORS: 26645/30754 processed; 5374 requests; 12 unavailable origins.
ORS: 26650/30754 processed; 5375 requests; 12 unavailable origins.
ORS: 26655/30754 processed; 5376 requests; 12 unavailable origins.
ORS: 26660/30754 processed; 5377 requests; 12 unavailable origins.
ORS: 26665/30754 processed; 5378 requests; 12 unavailable origins.
ORS: 26670/30754 processed; 5379 requests; 12 unavailable origins.
ORS: 26675/30754 processed; 5380 requests; 12 unavailable origins.
ORS: 26680/30754 processed; 5381 requests; 12 unavailable origins.
ORS: 26685/30754 processed; 5382 requests; 12 unavailable origins.
ORS: 26690/30754 processed; 5383 requests; 12 unavailable origins.
ORS: 26695/30754 processed; 5384 requests; 12 unavailable origins.
ORS: 26700/30754 processed; 5385 requests; 12 unavailable origins.
ORS: 26705/30754 processed; 5386 requests; 12 unavailable origins.
ORS: 26710/30754 processed; 5387 requests; 12 unavailable origins.
ORS: 26715/30754 processed; 5388 requests; 12 unavailable origins.
ORS: 26720/30754 processed; 5389 requests; 12 unavailable origins.
ORS: 26725/30754 processed; 5390 requests; 12 unavailable origins.
ORS: 26730/30754 processed; 5391 requests; 12 unavailable origins.
ORS: 26735/30754 processed; 5392 requests; 12 unavailable origins.
ORS: 26740/30754 processed; 5393 requests; 12 unavailable origins.
ORS: 26745/30754 processed; 5394 requests; 12 unavailable origins.
ORS: 26750/30754 processed; 5395 requests; 12 unavailable origins.
ORS: 26755/30754 processed; 5396 requests; 12 unavailable origins.
ORS: 26760/30754 processed; 5397 requests; 12 unavailable origins.
ORS: 26765/30754 processed; 5398 requests; 12 unavailable origins.
ORS: 26770/30754 processed; 5399 requests; 12 unavailable origins.
ORS: 26775/30754 processed; 5400 requests; 12 unavailable origins.
ORS: 26780/30754 processed; 5401 requests; 12 unavailable origins.
ORS: 26785/30754 processed; 5402 requests; 12 unavailable origins.
ORS: 26790/30754 processed; 5403 requests; 12 unavailable origins.
ORS: 26795/30754 processed; 5404 requests; 12 unavailable origins.
ORS: 26800/30754 processed; 5405 requests; 12 unavailable origins.
ORS: 26805/30754 processed; 5406 requests; 12 unavailable origins.
ORS: 26810/30754 processed; 5407 requests; 12 unavailable origins.
ORS: 26815/30754 processed; 5408 requests; 12 unavailable origins.
ORS: 26820/30754 processed; 5409 requests; 12 unavailable origins.
ORS: 26825/30754 processed; 5410 requests; 12 unavailable origins.
ORS: 26830/30754 processed; 5411 requests; 12 unavailable origins.
ORS: 26835/30754 processed; 5412 requests; 12 unavailable origins.
ORS: 26840/30754 processed; 5413 requests; 12 unavailable origins.
ORS: 26845/30754 processed; 5414 requests; 12 unavailable origins.
ORS: 26850/30754 processed; 5415 requests; 12 unavailable origins.
ORS: 26855/30754 processed; 5416 requests; 12 unavailable origins.
ORS: 26860/30754 processed; 5417 requests; 12 unavailable origins.
ORS: 26865/30754 processed; 5418 requests; 12 unavailable origins.
ORS: 26870/30754 processed; 5419 requests; 12 unavailable origins.
ORS: 26875/30754 processed; 5420 requests; 12 unavailable origins.
ORS: 26880/30754 processed; 5421 requests; 12 unavailable origins.
ORS: 26885/30754 processed; 5422 requests; 12 unavailable origins.
ORS: 26890/30754 processed; 5423 requests; 12 unavailable origins.
ORS: 26895/30754 processed; 5424 requests; 12 unavailable origins.
ORS: 26900/30754 processed; 5425 requests; 12 unavailable origins.
ORS: 26905/30754 processed; 5426 requests; 12 unavailable origins.
ORS: 26910/30754 processed; 5427 requests; 12 unavailable origins.
ORS: 26915/30754 processed; 5428 requests; 12 unavailable origins.
ORS: 26920/30754 processed; 5429 requests; 12 unavailable origins.
ORS: 26925/30754 processed; 5430 requests; 12 unavailable origins.
ORS: 26930/30754 processed; 5431 requests; 12 unavailable origins.
ORS: 26935/30754 processed; 5432 requests; 12 unavailable origins.
ORS: 26940/30754 processed; 5433 requests; 12 unavailable origins.
ORS: 26945/30754 processed; 5434 requests; 12 unavailable origins.
ORS: 26950/30754 processed; 5435 requests; 12 unavailable origins.
ORS: 26955/30754 processed; 5436 requests; 12 unavailable origins.
ORS: 26960/30754 processed; 5437 requests; 12 unavailable origins.
ORS: 26965/30754 processed; 5438 requests; 12 unavailable origins.
ORS: 26970/30754 processed; 5439 requests; 12 unavailable origins.
ORS: 26975/30754 processed; 5440 requests; 12 unavailable origins.
ORS: 26980/30754 processed; 5441 requests; 12 unavailable origins.
ORS: 26985/30754 processed; 5442 requests; 12 unavailable origins.
ORS: 26990/30754 processed; 5443 requests; 12 unavailable origins.
ORS: 26995/30754 processed; 5444 requests; 12 unavailable origins.
ORS: 27000/30754 processed; 5445 requests; 12 unavailable origins.
ORS: 27005/30754 processed; 5446 requests; 12 unavailable origins.
ORS: 27010/30754 processed; 5447 requests; 12 unavailable origins.
ORS: 27015/30754 processed; 5448 requests; 12 unavailable origins.
ORS: 27020/30754 processed; 5449 requests; 12 unavailable origins.
ORS: 27025/30754 processed; 5450 requests; 12 unavailable origins.
ORS: 27030/30754 processed; 5451 requests; 12 unavailable origins.
ORS: 27035/30754 processed; 5452 requests; 12 unavailable origins.
ORS: 27040/30754 processed; 5453 requests; 12 unavailable origins.
ORS: 27045/30754 processed; 5454 requests; 12 unavailable origins.
ORS: 27050/30754 processed; 5455 requests; 12 unavailable origins.
ORS: 27055/30754 processed; 5456 requests; 12 unavailable origins.
ORS: 27060/30754 processed; 5457 requests; 12 unavailable origins.
ORS: 27065/30754 processed; 5458 requests; 12 unavailable origins.
ORS: 27070/30754 processed; 5459 requests; 12 unavailable origins.
ORS: 27075/30754 processed; 5460 requests; 12 unavailable origins.
ORS: 27080/30754 processed; 5461 requests; 12 unavailable origins.
ORS: 27085/30754 processed; 5462 requests; 12 unavailable origins.
ORS: 27090/30754 processed; 5463 requests; 12 unavailable origins.
ORS: 27095/30754 processed; 5464 requests; 12 unavailable origins.
ORS: 27100/30754 processed; 5465 requests; 12 unavailable origins.
ORS: 27105/30754 processed; 5466 requests; 12 unavailable origins.
ORS: 27110/30754 processed; 5467 requests; 12 unavailable origins.
ORS: 27115/30754 processed; 5468 requests; 12 unavailable origins.
ORS: 27120/30754 processed; 5469 requests; 12 unavailable origins.
ORS: 27125/30754 processed; 5470 requests; 12 unavailable origins.
ORS: 27130/30754 processed; 5471 requests; 12 unavailable origins.
ORS: 27135/30754 processed; 5472 requests; 12 unavailable origins.
ORS: 27140/30754 processed; 5473 requests; 12 unavailable origins.
ORS: 27145/30754 processed; 5474 requests; 12 unavailable origins.
ORS: 27150/30754 processed; 5475 requests; 12 unavailable origins.
ORS: 27155/30754 processed; 5476 requests; 12 unavailable origins.
ORS: 27160/30754 processed; 5477 requests; 12 unavailable origins.
ORS: 27165/30754 processed; 5478 requests; 12 unavailable origins.
ORS: 27170/30754 processed; 5479 requests; 12 unavailable origins.
ORS: 27175/30754 processed; 5480 requests; 12 unavailable origins.
ORS: 27180/30754 processed; 5481 requests; 12 unavailable origins.
ORS: 27185/30754 processed; 5482 requests; 12 unavailable origins.
ORS: 27190/30754 processed; 5483 requests; 12 unavailable origins.
ORS: 27195/30754 processed; 5484 requests; 12 unavailable origins.
ORS: 27200/30754 processed; 5485 requests; 12 unavailable origins.
ORS: 27205/30754 processed; 5486 requests; 12 unavailable origins.
ORS: 27210/30754 processed; 5487 requests; 12 unavailable origins.
ORS: 27215/30754 processed; 5488 requests; 12 unavailable origins.
ORS: 27220/30754 processed; 5489 requests; 12 unavailable origins.
ORS: 27225/30754 processed; 5490 requests; 12 unavailable origins.
ORS: 27230/30754 processed; 5491 requests; 12 unavailable origins.
ORS: 27235/30754 processed; 5492 requests; 12 unavailable origins.
ORS: 27240/30754 processed; 5493 requests; 12 unavailable origins.
ORS: 27245/30754 processed; 5494 requests; 12 unavailable origins.
ORS: 27250/30754 processed; 5495 requests; 12 unavailable origins.
ORS: 27255/30754 processed; 5496 requests; 12 unavailable origins.
ORS: 27260/30754 processed; 5497 requests; 12 unavailable origins.
ORS: 27265/30754 processed; 5498 requests; 12 unavailable origins.
ORS: 27270/30754 processed; 5499 requests; 12 unavailable origins.
ORS: 27275/30754 processed; 5500 requests; 12 unavailable origins.
ORS: 27280/30754 processed; 5501 requests; 12 unavailable origins.
ORS: 27285/30754 processed; 5502 requests; 12 unavailable origins.
ORS: 27290/30754 processed; 5503 requests; 12 unavailable origins.
ORS: 27295/30754 processed; 5504 requests; 12 unavailable origins.
ORS: 27300/30754 processed; 5505 requests; 12 unavailable origins.
ORS: 27305/30754 processed; 5506 requests; 12 unavailable origins.
ORS: 27310/30754 processed; 5507 requests; 12 unavailable origins.
ORS: 27315/30754 processed; 5508 requests; 12 unavailable origins.
ORS: 27320/30754 processed; 5509 requests; 12 unavailable origins.
ORS: 27325/30754 processed; 5510 requests; 12 unavailable origins.
ORS: 27330/30754 processed; 5511 requests; 12 unavailable origins.
ORS: 27335/30754 processed; 5512 requests; 12 unavailable origins.
ORS: 27340/30754 processed; 5513 requests; 12 unavailable origins.
ORS: 27345/30754 processed; 5514 requests; 12 unavailable origins.
ORS: 27350/30754 processed; 5515 requests; 12 unavailable origins.
ORS: 27355/30754 processed; 5516 requests; 12 unavailable origins.
ORS: 27360/30754 processed; 5517 requests; 12 unavailable origins.
ORS: 27365/30754 processed; 5518 requests; 12 unavailable origins.
ORS: 27370/30754 processed; 5519 requests; 12 unavailable origins.
ORS: 27375/30754 processed; 5520 requests; 12 unavailable origins.
ORS: 27380/30754 processed; 5521 requests; 12 unavailable origins.
ORS: 27385/30754 processed; 5522 requests; 12 unavailable origins.
ORS: 27390/30754 processed; 5523 requests; 12 unavailable origins.
ORS: 27395/30754 processed; 5524 requests; 12 unavailable origins.
ORS: 27400/30754 processed; 5525 requests; 12 unavailable origins.
ORS: 27405/30754 processed; 5526 requests; 12 unavailable origins.
ORS: 27410/30754 processed; 5527 requests; 12 unavailable origins.
ORS: 27415/30754 processed; 5528 requests; 12 unavailable origins.
ORS: 27420/30754 processed; 5529 requests; 12 unavailable origins.
ORS: 27425/30754 processed; 5530 requests; 12 unavailable origins.
ORS: 27430/30754 processed; 5531 requests; 12 unavailable origins.
ORS: 27435/30754 processed; 5532 requests; 12 unavailable origins.
ORS: 27440/30754 processed; 5533 requests; 12 unavailable origins.
ORS: 27445/30754 processed; 5534 requests; 12 unavailable origins.
ORS: 27450/30754 processed; 5535 requests; 12 unavailable origins.
ORS: 27455/30754 processed; 5536 requests; 12 unavailable origins.
ORS: 27460/30754 processed; 5537 requests; 12 unavailable origins.
ORS: 27465/30754 processed; 5538 requests; 12 unavailable origins.
ORS: 27470/30754 processed; 5539 requests; 12 unavailable origins.
ORS: 27475/30754 processed; 5540 requests; 12 unavailable origins.
ORS: 27480/30754 processed; 5541 requests; 12 unavailable origins.
ORS: 27485/30754 processed; 5542 requests; 12 unavailable origins.
ORS: 27490/30754 processed; 5543 requests; 12 unavailable origins.
ORS: 27495/30754 processed; 5544 requests; 12 unavailable origins.
ORS: 27500/30754 processed; 5545 requests; 12 unavailable origins.
ORS: 27505/30754 processed; 5546 requests; 12 unavailable origins.
ORS: 27510/30754 processed; 5547 requests; 12 unavailable origins.
ORS: 27515/30754 processed; 5548 requests; 12 unavailable origins.
ORS: 27520/30754 processed; 5549 requests; 12 unavailable origins.
ORS: 27525/30754 processed; 5550 requests; 12 unavailable origins.
ORS: 27530/30754 processed; 5551 requests; 12 unavailable origins.
ORS: 27535/30754 processed; 5552 requests; 12 unavailable origins.
ORS: 27540/30754 processed; 5553 requests; 12 unavailable origins.
ORS: 27545/30754 processed; 5554 requests; 12 unavailable origins.
ORS: 27550/30754 processed; 5555 requests; 12 unavailable origins.
ORS: 27555/30754 processed; 5556 requests; 12 unavailable origins.
ORS: 27560/30754 processed; 5557 requests; 12 unavailable origins.
ORS: 27565/30754 processed; 5558 requests; 12 unavailable origins.
ORS: 27570/30754 processed; 5559 requests; 12 unavailable origins.
ORS: 27575/30754 processed; 5560 requests; 12 unavailable origins.
ORS: 27580/30754 processed; 5561 requests; 12 unavailable origins.
ORS: 27585/30754 processed; 5562 requests; 12 unavailable origins.
ORS: 27590/30754 processed; 5563 requests; 12 unavailable origins.
ORS: 27595/30754 processed; 5564 requests; 12 unavailable origins.
ORS: 27600/30754 processed; 5565 requests; 12 unavailable origins.
ORS: 27605/30754 processed; 5566 requests; 12 unavailable origins.
ORS: 27610/30754 processed; 5567 requests; 12 unavailable origins.
ORS: 27615/30754 processed; 5568 requests; 12 unavailable origins.
ORS: 27620/30754 processed; 5569 requests; 12 unavailable origins.
ORS: 27625/30754 processed; 5570 requests; 12 unavailable origins.
ORS: 27630/30754 processed; 5571 requests; 12 unavailable origins.
ORS: 27635/30754 processed; 5572 requests; 12 unavailable origins.
ORS: 27640/30754 processed; 5573 requests; 12 unavailable origins.
ORS: 27645/30754 processed; 5574 requests; 12 unavailable origins.
ORS: 27650/30754 processed; 5575 requests; 12 unavailable origins.
ORS: 27655/30754 processed; 5576 requests; 12 unavailable origins.
ORS: 27660/30754 processed; 5577 requests; 12 unavailable origins.
ORS: 27665/30754 processed; 5578 requests; 12 unavailable origins.
ORS: 27670/30754 processed; 5579 requests; 12 unavailable origins.
ORS: 27675/30754 processed; 5580 requests; 12 unavailable origins.
ORS: 27680/30754 processed; 5581 requests; 12 unavailable origins.
ORS: 27685/30754 processed; 5582 requests; 12 unavailable origins.
ORS: 27690/30754 processed; 5583 requests; 12 unavailable origins.
ORS: 27695/30754 processed; 5584 requests; 12 unavailable origins.
ORS: 27700/30754 processed; 5585 requests; 12 unavailable origins.
ORS: 27705/30754 processed; 5586 requests; 12 unavailable origins.
ORS: 27710/30754 processed; 5587 requests; 12 unavailable origins.
Unavailable origin 2.74046,48.48995 (2.74046,48.48995) [ors-3099]: Clos Pensées [station:FR::Quay:50190973:FR1; line:IDFM:C00792] — ORS 500 (code 3099): Unable to build an isochrone map.; station unavailable, check OSM coverage/access to the walking network.
ORS: 27715/30754 processed; 5593 requests; 13 unavailable origins.
ORS: 27720/30754 processed; 5594 requests; 13 unavailable origins.
ORS: 27725/30754 processed; 5595 requests; 13 unavailable origins.
ORS: 27730/30754 processed; 5596 requests; 13 unavailable origins.
ORS: 27735/30754 processed; 5597 requests; 13 unavailable origins.
ORS: 27740/30754 processed; 5598 requests; 13 unavailable origins.
ORS: 27745/30754 processed; 5599 requests; 13 unavailable origins.
Unavailable origin 2.74441,48.48784 (2.74441,48.48784) [ors-3099]: Quai des Vallées 1 [station:FR::Quay:50191470:FR1; line:IDFM:C00791] — ORS 500 (code 3099): Unable to build an isochrone map.; station unavailable, check OSM coverage/access to the walking network.
ORS: 27750/30754 processed; 5605 requests; 14 unavailable origins.
ORS: 27755/30754 processed; 5606 requests; 14 unavailable origins.
ORS: 27760/30754 processed; 5607 requests; 14 unavailable origins.
ORS: 27765/30754 processed; 5608 requests; 14 unavailable origins.
ORS: 27770/30754 processed; 5609 requests; 14 unavailable origins.
ORS: 27775/30754 processed; 5610 requests; 14 unavailable origins.
ORS: 27780/30754 processed; 5611 requests; 14 unavailable origins.
ORS: 27785/30754 processed; 5612 requests; 14 unavailable origins.
ORS: 27790/30754 processed; 5613 requests; 14 unavailable origins.
ORS: 27795/30754 processed; 5614 requests; 14 unavailable origins.
ORS: 27800/30754 processed; 5615 requests; 14 unavailable origins.
ORS: 27805/30754 processed; 5616 requests; 14 unavailable origins.
ORS: 27810/30754 processed; 5617 requests; 14 unavailable origins.
ORS: 27815/30754 processed; 5618 requests; 14 unavailable origins.
ORS: 27820/30754 processed; 5619 requests; 14 unavailable origins.
ORS: 27825/30754 processed; 5620 requests; 14 unavailable origins.
ORS: 27830/30754 processed; 5621 requests; 14 unavailable origins.
ORS: 27835/30754 processed; 5622 requests; 14 unavailable origins.
ORS: 27840/30754 processed; 5623 requests; 14 unavailable origins.
ORS: 27845/30754 processed; 5624 requests; 14 unavailable origins.
ORS: 27850/30754 processed; 5625 requests; 14 unavailable origins.
ORS: 27855/30754 processed; 5626 requests; 14 unavailable origins.
ORS: 27860/30754 processed; 5627 requests; 14 unavailable origins.
ORS: 27865/30754 processed; 5628 requests; 14 unavailable origins.
ORS: 27870/30754 processed; 5629 requests; 14 unavailable origins.
ORS: 27875/30754 processed; 5630 requests; 14 unavailable origins.
ORS: 27880/30754 processed; 5631 requests; 14 unavailable origins.
ORS: 27885/30754 processed; 5632 requests; 14 unavailable origins.
ORS: 27890/30754 processed; 5633 requests; 14 unavailable origins.
ORS: 27895/30754 processed; 5634 requests; 14 unavailable origins.
ORS: 27900/30754 processed; 5635 requests; 14 unavailable origins.
ORS: 27905/30754 processed; 5636 requests; 14 unavailable origins.
ORS: 27910/30754 processed; 5637 requests; 14 unavailable origins.
ORS: 27915/30754 processed; 5638 requests; 14 unavailable origins.
ORS: 27920/30754 processed; 5639 requests; 14 unavailable origins.
ORS: 27925/30754 processed; 5640 requests; 14 unavailable origins.
ORS: 27930/30754 processed; 5641 requests; 14 unavailable origins.
ORS: 27935/30754 processed; 5642 requests; 14 unavailable origins.
ORS: 27940/30754 processed; 5643 requests; 14 unavailable origins.
ORS: 27945/30754 processed; 5644 requests; 14 unavailable origins.
ORS: 27950/30754 processed; 5645 requests; 14 unavailable origins.
ORS: 27955/30754 processed; 5646 requests; 14 unavailable origins.
ORS: 27960/30754 processed; 5647 requests; 14 unavailable origins.
ORS: 27965/30754 processed; 5648 requests; 14 unavailable origins.
ORS: 27970/30754 processed; 5649 requests; 14 unavailable origins.
ORS: 27975/30754 processed; 5650 requests; 14 unavailable origins.
ORS: 27980/30754 processed; 5651 requests; 14 unavailable origins.
ORS: 27985/30754 processed; 5652 requests; 14 unavailable origins.
ORS: 27990/30754 processed; 5653 requests; 14 unavailable origins.
ORS: 27995/30754 processed; 5654 requests; 14 unavailable origins.
ORS: 28000/30754 processed; 5655 requests; 14 unavailable origins.
ORS: 28005/30754 processed; 5656 requests; 14 unavailable origins.
ORS: 28010/30754 processed; 5657 requests; 14 unavailable origins.
ORS: 28015/30754 processed; 5658 requests; 14 unavailable origins.
ORS: 28020/30754 processed; 5659 requests; 14 unavailable origins.
ORS: 28025/30754 processed; 5660 requests; 14 unavailable origins.
ORS: 28030/30754 processed; 5661 requests; 14 unavailable origins.
ORS: 28035/30754 processed; 5662 requests; 14 unavailable origins.
ORS: 28040/30754 processed; 5663 requests; 14 unavailable origins.
ORS: 28045/30754 processed; 5664 requests; 14 unavailable origins.
ORS: 28050/30754 processed; 5665 requests; 14 unavailable origins.
ORS: 28055/30754 processed; 5666 requests; 14 unavailable origins.
ORS: 28060/30754 processed; 5667 requests; 14 unavailable origins.
ORS: 28065/30754 processed; 5668 requests; 14 unavailable origins.
ORS: 28070/30754 processed; 5669 requests; 14 unavailable origins.
ORS: 28075/30754 processed; 5670 requests; 14 unavailable origins.
ORS: 28080/30754 processed; 5671 requests; 14 unavailable origins.
ORS: 28085/30754 processed; 5672 requests; 14 unavailable origins.
ORS: 28090/30754 processed; 5673 requests; 14 unavailable origins.
ORS: 28095/30754 processed; 5674 requests; 14 unavailable origins.
ORS: 28100/30754 processed; 5675 requests; 14 unavailable origins.
ORS: 28105/30754 processed; 5676 requests; 14 unavailable origins.
ORS: 28110/30754 processed; 5677 requests; 14 unavailable origins.
ORS: 28115/30754 processed; 5678 requests; 14 unavailable origins.
ORS: 28120/30754 processed; 5679 requests; 14 unavailable origins.
ORS: 28125/30754 processed; 5680 requests; 14 unavailable origins.
ORS: 28130/30754 processed; 5681 requests; 14 unavailable origins.
ORS: 28135/30754 processed; 5682 requests; 14 unavailable origins.
ORS: 28140/30754 processed; 5683 requests; 14 unavailable origins.
ORS: 28145/30754 processed; 5684 requests; 14 unavailable origins.
ORS: 28150/30754 processed; 5685 requests; 14 unavailable origins.
ORS: 28155/30754 processed; 5686 requests; 14 unavailable origins.
ORS: 28160/30754 processed; 5687 requests; 14 unavailable origins.
ORS: 28165/30754 processed; 5688 requests; 14 unavailable origins.
ORS: 28170/30754 processed; 5689 requests; 14 unavailable origins.
ORS: 28175/30754 processed; 5690 requests; 14 unavailable origins.
ORS: 28180/30754 processed; 5691 requests; 14 unavailable origins.
ORS: 28185/30754 processed; 5692 requests; 14 unavailable origins.
ORS: 28190/30754 processed; 5693 requests; 14 unavailable origins.
ORS: 28195/30754 processed; 5694 requests; 14 unavailable origins.
ORS: 28200/30754 processed; 5695 requests; 14 unavailable origins.
ORS: 28205/30754 processed; 5696 requests; 14 unavailable origins.
ORS: 28210/30754 processed; 5697 requests; 14 unavailable origins.
ORS: 28215/30754 processed; 5698 requests; 14 unavailable origins.
ORS: 28220/30754 processed; 5699 requests; 14 unavailable origins.
ORS: 28225/30754 processed; 5700 requests; 14 unavailable origins.
ORS: 28230/30754 processed; 5701 requests; 14 unavailable origins.
ORS: 28235/30754 processed; 5702 requests; 14 unavailable origins.
ORS: 28240/30754 processed; 5703 requests; 14 unavailable origins.
ORS: 28245/30754 processed; 5704 requests; 14 unavailable origins.
ORS: 28250/30754 processed; 5705 requests; 14 unavailable origins.
ORS: 28255/30754 processed; 5706 requests; 14 unavailable origins.
ORS: 28260/30754 processed; 5707 requests; 14 unavailable origins.
ORS: 28265/30754 processed; 5708 requests; 14 unavailable origins.
ORS: 28270/30754 processed; 5709 requests; 14 unavailable origins.
ORS: 28275/30754 processed; 5710 requests; 14 unavailable origins.
ORS: 28280/30754 processed; 5711 requests; 14 unavailable origins.
ORS: 28285/30754 processed; 5712 requests; 14 unavailable origins.
ORS: 28290/30754 processed; 5713 requests; 14 unavailable origins.
ORS: 28295/30754 processed; 5714 requests; 14 unavailable origins.
ORS: 28300/30754 processed; 5715 requests; 14 unavailable origins.
ORS: 28305/30754 processed; 5716 requests; 14 unavailable origins.
ORS: 28310/30754 processed; 5717 requests; 14 unavailable origins.
ORS: 28315/30754 processed; 5718 requests; 14 unavailable origins.
ORS: 28320/30754 processed; 5719 requests; 14 unavailable origins.
ORS: 28325/30754 processed; 5720 requests; 14 unavailable origins.
ORS: 28330/30754 processed; 5721 requests; 14 unavailable origins.
ORS: 28335/30754 processed; 5722 requests; 14 unavailable origins.
ORS: 28340/30754 processed; 5723 requests; 14 unavailable origins.
ORS: 28345/30754 processed; 5724 requests; 14 unavailable origins.
ORS: 28350/30754 processed; 5725 requests; 14 unavailable origins.
ORS: 28355/30754 processed; 5726 requests; 14 unavailable origins.
ORS: 28360/30754 processed; 5727 requests; 14 unavailable origins.
ORS: 28365/30754 processed; 5728 requests; 14 unavailable origins.
ORS: 28370/30754 processed; 5729 requests; 14 unavailable origins.
ORS: 28375/30754 processed; 5730 requests; 14 unavailable origins.
ORS: 28380/30754 processed; 5731 requests; 14 unavailable origins.
ORS: 28385/30754 processed; 5732 requests; 14 unavailable origins.
ORS: 28390/30754 processed; 5733 requests; 14 unavailable origins.
ORS: 28395/30754 processed; 5734 requests; 14 unavailable origins.
ORS: 28400/30754 processed; 5735 requests; 14 unavailable origins.
ORS: 28405/30754 processed; 5736 requests; 14 unavailable origins.
ORS: 28410/30754 processed; 5737 requests; 14 unavailable origins.
ORS: 28415/30754 processed; 5738 requests; 14 unavailable origins.
ORS: 28420/30754 processed; 5739 requests; 14 unavailable origins.
ORS: 28425/30754 processed; 5740 requests; 14 unavailable origins.
ORS: 28430/30754 processed; 5741 requests; 14 unavailable origins.
ORS: 28435/30754 processed; 5742 requests; 14 unavailable origins.
ORS: 28440/30754 processed; 5743 requests; 14 unavailable origins.
ORS: 28445/30754 processed; 5744 requests; 14 unavailable origins.
ORS: 28450/30754 processed; 5745 requests; 14 unavailable origins.
ORS: 28455/30754 processed; 5746 requests; 14 unavailable origins.
ORS: 28460/30754 processed; 5747 requests; 14 unavailable origins.
ORS: 28465/30754 processed; 5748 requests; 14 unavailable origins.
ORS: 28470/30754 processed; 5749 requests; 14 unavailable origins.
ORS: 28475/30754 processed; 5750 requests; 14 unavailable origins.
ORS: 28480/30754 processed; 5751 requests; 14 unavailable origins.
ORS: 28485/30754 processed; 5752 requests; 14 unavailable origins.
ORS: 28490/30754 processed; 5753 requests; 14 unavailable origins.
ORS: 28495/30754 processed; 5754 requests; 14 unavailable origins.
ORS: 28500/30754 processed; 5755 requests; 14 unavailable origins.
ORS: 28505/30754 processed; 5756 requests; 14 unavailable origins.
ORS: 28510/30754 processed; 5757 requests; 14 unavailable origins.
ORS: 28515/30754 processed; 5758 requests; 14 unavailable origins.
ORS: 28520/30754 processed; 5759 requests; 14 unavailable origins.
ORS: 28525/30754 processed; 5760 requests; 14 unavailable origins.
ORS: 28530/30754 processed; 5761 requests; 14 unavailable origins.
ORS: 28535/30754 processed; 5762 requests; 14 unavailable origins.
ORS: 28540/30754 processed; 5763 requests; 14 unavailable origins.
ORS: 28545/30754 processed; 5764 requests; 14 unavailable origins.
ORS: 28550/30754 processed; 5765 requests; 14 unavailable origins.
ORS: 28555/30754 processed; 5766 requests; 14 unavailable origins.
ORS: 28560/30754 processed; 5767 requests; 14 unavailable origins.
ORS: 28565/30754 processed; 5768 requests; 14 unavailable origins.
ORS: 28570/30754 processed; 5769 requests; 14 unavailable origins.
ORS: 28575/30754 processed; 5770 requests; 14 unavailable origins.
ORS: 28580/30754 processed; 5771 requests; 14 unavailable origins.
ORS: 28585/30754 processed; 5772 requests; 14 unavailable origins.
ORS: 28590/30754 processed; 5773 requests; 14 unavailable origins.
ORS: 28595/30754 processed; 5774 requests; 14 unavailable origins.
ORS: 28600/30754 processed; 5775 requests; 14 unavailable origins.
ORS: 28605/30754 processed; 5776 requests; 14 unavailable origins.
ORS: 28610/30754 processed; 5777 requests; 14 unavailable origins.
ORS: 28615/30754 processed; 5778 requests; 14 unavailable origins.
ORS: 28620/30754 processed; 5779 requests; 14 unavailable origins.
ORS: 28625/30754 processed; 5780 requests; 14 unavailable origins.
ORS: 28630/30754 processed; 5781 requests; 14 unavailable origins.
ORS: 28635/30754 processed; 5782 requests; 14 unavailable origins.
ORS: 28640/30754 processed; 5783 requests; 14 unavailable origins.
ORS: 28645/30754 processed; 5784 requests; 14 unavailable origins.
ORS: 28650/30754 processed; 5785 requests; 14 unavailable origins.
ORS: 28655/30754 processed; 5786 requests; 14 unavailable origins.
ORS: 28660/30754 processed; 5787 requests; 14 unavailable origins.
ORS: 28665/30754 processed; 5788 requests; 14 unavailable origins.
ORS: 28670/30754 processed; 5789 requests; 14 unavailable origins.
ORS: 28675/30754 processed; 5790 requests; 14 unavailable origins.
ORS: 28680/30754 processed; 5791 requests; 14 unavailable origins.
ORS: 28685/30754 processed; 5792 requests; 14 unavailable origins.
ORS: 28690/30754 processed; 5793 requests; 14 unavailable origins.
ORS: 28695/30754 processed; 5794 requests; 14 unavailable origins.
ORS: 28700/30754 processed; 5795 requests; 14 unavailable origins.
ORS: 28705/30754 processed; 5796 requests; 14 unavailable origins.
ORS: 28710/30754 processed; 5797 requests; 14 unavailable origins.
ORS: 28715/30754 processed; 5798 requests; 14 unavailable origins.
ORS: 28720/30754 processed; 5799 requests; 14 unavailable origins.
ORS: 28725/30754 processed; 5800 requests; 14 unavailable origins.
ORS: 28730/30754 processed; 5801 requests; 14 unavailable origins.
ORS: 28735/30754 processed; 5802 requests; 14 unavailable origins.
ORS: 28740/30754 processed; 5803 requests; 14 unavailable origins.
ORS: 28745/30754 processed; 5804 requests; 14 unavailable origins.
ORS: 28750/30754 processed; 5805 requests; 14 unavailable origins.
ORS: 28755/30754 processed; 5806 requests; 14 unavailable origins.
ORS: 28760/30754 processed; 5807 requests; 14 unavailable origins.
ORS: 28765/30754 processed; 5808 requests; 14 unavailable origins.
ORS: 28770/30754 processed; 5809 requests; 14 unavailable origins.
ORS: 28775/30754 processed; 5810 requests; 14 unavailable origins.
ORS: 28780/30754 processed; 5811 requests; 14 unavailable origins.
ORS: 28785/30754 processed; 5812 requests; 14 unavailable origins.
ORS: 28790/30754 processed; 5813 requests; 14 unavailable origins.
ORS: 28795/30754 processed; 5814 requests; 14 unavailable origins.
ORS: 28800/30754 processed; 5815 requests; 14 unavailable origins.
ORS: 28805/30754 processed; 5816 requests; 14 unavailable origins.
ORS: 28810/30754 processed; 5817 requests; 14 unavailable origins.
ORS: 28815/30754 processed; 5818 requests; 14 unavailable origins.
ORS: 28820/30754 processed; 5819 requests; 14 unavailable origins.
ORS: 28825/30754 processed; 5820 requests; 14 unavailable origins.
ORS: 28830/30754 processed; 5821 requests; 14 unavailable origins.
ORS: 28835/30754 processed; 5822 requests; 14 unavailable origins.
ORS: 28840/30754 processed; 5823 requests; 14 unavailable origins.
ORS: 28845/30754 processed; 5824 requests; 14 unavailable origins.
ORS: 28850/30754 processed; 5825 requests; 14 unavailable origins.
ORS: 28855/30754 processed; 5826 requests; 14 unavailable origins.
ORS: 28860/30754 processed; 5827 requests; 14 unavailable origins.
ORS: 28865/30754 processed; 5828 requests; 14 unavailable origins.
ORS: 28870/30754 processed; 5829 requests; 14 unavailable origins.
ORS: 28875/30754 processed; 5830 requests; 14 unavailable origins.
ORS: 28880/30754 processed; 5831 requests; 14 unavailable origins.
ORS: 28885/30754 processed; 5832 requests; 14 unavailable origins.
ORS: 28890/30754 processed; 5833 requests; 14 unavailable origins.
ORS: 28895/30754 processed; 5834 requests; 14 unavailable origins.
ORS: 28900/30754 processed; 5835 requests; 14 unavailable origins.
ORS: 28905/30754 processed; 5836 requests; 14 unavailable origins.
ORS: 28910/30754 processed; 5837 requests; 14 unavailable origins.
ORS: 28915/30754 processed; 5838 requests; 14 unavailable origins.
ORS: 28920/30754 processed; 5839 requests; 14 unavailable origins.
ORS: 28925/30754 processed; 5840 requests; 14 unavailable origins.
ORS: 28930/30754 processed; 5841 requests; 14 unavailable origins.
ORS: 28935/30754 processed; 5842 requests; 14 unavailable origins.
ORS: 28940/30754 processed; 5843 requests; 14 unavailable origins.
ORS: 28945/30754 processed; 5844 requests; 14 unavailable origins.
ORS: 28950/30754 processed; 5845 requests; 14 unavailable origins.
ORS: 28955/30754 processed; 5846 requests; 14 unavailable origins.
ORS: 28960/30754 processed; 5847 requests; 14 unavailable origins.
ORS: 28965/30754 processed; 5848 requests; 14 unavailable origins.
ORS: 28970/30754 processed; 5849 requests; 14 unavailable origins.
Unavailable origin 2.90203,48.38760 (2.90203,48.3876) [ors-3099]: Rue de la Garenne [station:FR::Quay:50193192:FR1; line:IDFM:C01439] — ORS 500 (code 3099): Unable to build an isochrone map.; station unavailable, check OSM coverage/access to the walking network.
ORS: 28975/30754 processed; 5855 requests; 15 unavailable origins.
ORS: 28980/30754 processed; 5856 requests; 15 unavailable origins.
ORS: 28985/30754 processed; 5857 requests; 15 unavailable origins.
ORS: 28990/30754 processed; 5858 requests; 15 unavailable origins.
ORS: 28995/30754 processed; 5859 requests; 15 unavailable origins.
ORS: 29000/30754 processed; 5860 requests; 15 unavailable origins.
ORS: 29005/30754 processed; 5861 requests; 15 unavailable origins.
ORS: 29010/30754 processed; 5862 requests; 15 unavailable origins.
ORS: 29015/30754 processed; 5863 requests; 15 unavailable origins.
ORS: 29020/30754 processed; 5864 requests; 15 unavailable origins.
ORS: 29025/30754 processed; 5865 requests; 15 unavailable origins.
ORS: 29030/30754 processed; 5866 requests; 15 unavailable origins.
ORS: 29035/30754 processed; 5867 requests; 15 unavailable origins.
ORS: 29040/30754 processed; 5868 requests; 15 unavailable origins.
ORS: 29045/30754 processed; 5869 requests; 15 unavailable origins.
ORS: 29050/30754 processed; 5870 requests; 15 unavailable origins.
ORS: 29055/30754 processed; 5871 requests; 15 unavailable origins.
ORS: 29060/30754 processed; 5872 requests; 15 unavailable origins.
ORS: 29065/30754 processed; 5873 requests; 15 unavailable origins.
ORS: 29070/30754 processed; 5874 requests; 15 unavailable origins.
ORS: 29075/30754 processed; 5875 requests; 15 unavailable origins.
ORS: 29080/30754 processed; 5876 requests; 15 unavailable origins.
ORS: 29085/30754 processed; 5877 requests; 15 unavailable origins.
ORS: 29090/30754 processed; 5878 requests; 15 unavailable origins.
ORS: 29095/30754 processed; 5879 requests; 15 unavailable origins.
ORS: 29100/30754 processed; 5880 requests; 15 unavailable origins.
ORS: 29105/30754 processed; 5881 requests; 15 unavailable origins.
ORS: 29110/30754 processed; 5882 requests; 15 unavailable origins.
ORS: 29115/30754 processed; 5883 requests; 15 unavailable origins.
ORS: 29120/30754 processed; 5884 requests; 15 unavailable origins.
ORS: 29125/30754 processed; 5885 requests; 15 unavailable origins.
ORS: 29130/30754 processed; 5886 requests; 15 unavailable origins.
ORS: 29135/30754 processed; 5887 requests; 15 unavailable origins.
ORS: 29140/30754 processed; 5888 requests; 15 unavailable origins.
ORS: 29145/30754 processed; 5889 requests; 15 unavailable origins.
ORS: 29150/30754 processed; 5890 requests; 15 unavailable origins.
ORS: 29155/30754 processed; 5891 requests; 15 unavailable origins.
ORS: 29160/30754 processed; 5892 requests; 15 unavailable origins.
ORS: 29165/30754 processed; 5893 requests; 15 unavailable origins.
ORS: 29170/30754 processed; 5894 requests; 15 unavailable origins.
ORS: 29175/30754 processed; 5895 requests; 15 unavailable origins.
ORS: 29180/30754 processed; 5896 requests; 15 unavailable origins.
ORS: 29185/30754 processed; 5897 requests; 15 unavailable origins.
ORS: 29190/30754 processed; 5898 requests; 15 unavailable origins.
ORS: 29195/30754 processed; 5899 requests; 15 unavailable origins.
ORS: 29200/30754 processed; 5900 requests; 15 unavailable origins.
ORS: 29205/30754 processed; 5901 requests; 15 unavailable origins.
ORS: 29210/30754 processed; 5902 requests; 15 unavailable origins.
ORS: 29215/30754 processed; 5903 requests; 15 unavailable origins.
ORS: 29220/30754 processed; 5904 requests; 15 unavailable origins.
ORS: 29225/30754 processed; 5905 requests; 15 unavailable origins.
ORS: 29230/30754 processed; 5906 requests; 15 unavailable origins.
ORS: 29235/30754 processed; 5907 requests; 15 unavailable origins.
ORS: 29240/30754 processed; 5908 requests; 15 unavailable origins.
ORS: 29245/30754 processed; 5909 requests; 15 unavailable origins.
ORS: 29250/30754 processed; 5910 requests; 15 unavailable origins.
ORS: 29255/30754 processed; 5911 requests; 15 unavailable origins.
ORS: 29260/30754 processed; 5912 requests; 15 unavailable origins.
ORS: 29265/30754 processed; 5913 requests; 15 unavailable origins.
ORS: 29270/30754 processed; 5914 requests; 15 unavailable origins.
ORS: 29275/30754 processed; 5915 requests; 15 unavailable origins.
ORS: 29280/30754 processed; 5916 requests; 15 unavailable origins.
ORS: 29285/30754 processed; 5917 requests; 15 unavailable origins.
ORS: 29290/30754 processed; 5918 requests; 15 unavailable origins.
ORS: 29295/30754 processed; 5919 requests; 15 unavailable origins.
ORS: 29300/30754 processed; 5920 requests; 15 unavailable origins.
ORS: 29305/30754 processed; 5921 requests; 15 unavailable origins.
ORS: 29310/30754 processed; 5922 requests; 15 unavailable origins.
ORS: 29315/30754 processed; 5923 requests; 15 unavailable origins.
ORS: 29320/30754 processed; 5924 requests; 15 unavailable origins.
ORS: 29325/30754 processed; 5925 requests; 15 unavailable origins.
ORS: 29330/30754 processed; 5926 requests; 15 unavailable origins.
ORS: 29335/30754 processed; 5927 requests; 15 unavailable origins.
ORS: 29340/30754 processed; 5928 requests; 15 unavailable origins.
ORS: 29345/30754 processed; 5929 requests; 15 unavailable origins.
ORS: 29350/30754 processed; 5930 requests; 15 unavailable origins.
ORS: 29355/30754 processed; 5931 requests; 15 unavailable origins.
ORS: 29360/30754 processed; 5932 requests; 15 unavailable origins.
ORS: 29365/30754 processed; 5933 requests; 15 unavailable origins.
ORS: 29370/30754 processed; 5934 requests; 15 unavailable origins.
ORS: 29375/30754 processed; 5935 requests; 15 unavailable origins.
ORS: 29380/30754 processed; 5936 requests; 15 unavailable origins.
ORS: 29385/30754 processed; 5937 requests; 15 unavailable origins.
ORS: 29390/30754 processed; 5938 requests; 15 unavailable origins.
ORS: 29395/30754 processed; 5939 requests; 15 unavailable origins.
ORS: 29400/30754 processed; 5940 requests; 15 unavailable origins.
ORS: 29405/30754 processed; 5941 requests; 15 unavailable origins.
ORS: 29410/30754 processed; 5942 requests; 15 unavailable origins.
ORS: 29415/30754 processed; 5943 requests; 15 unavailable origins.
ORS: 29420/30754 processed; 5944 requests; 15 unavailable origins.
ORS: 29425/30754 processed; 5945 requests; 15 unavailable origins.
ORS: 29430/30754 processed; 5946 requests; 15 unavailable origins.
ORS: 29435/30754 processed; 5947 requests; 15 unavailable origins.
ORS: 29440/30754 processed; 5948 requests; 15 unavailable origins.
ORS: 29445/30754 processed; 5949 requests; 15 unavailable origins.
ORS: 29450/30754 processed; 5950 requests; 15 unavailable origins.
ORS: 29455/30754 processed; 5951 requests; 15 unavailable origins.
ORS: 29460/30754 processed; 5952 requests; 15 unavailable origins.
ORS: 29465/30754 processed; 5953 requests; 15 unavailable origins.
ORS: 29470/30754 processed; 5954 requests; 15 unavailable origins.
ORS: 29475/30754 processed; 5955 requests; 15 unavailable origins.
ORS: 29480/30754 processed; 5956 requests; 15 unavailable origins.
ORS: 29485/30754 processed; 5957 requests; 15 unavailable origins.
ORS: 29490/30754 processed; 5958 requests; 15 unavailable origins.
ORS: 29495/30754 processed; 5959 requests; 15 unavailable origins.
ORS: 29500/30754 processed; 5960 requests; 15 unavailable origins.
ORS: 29505/30754 processed; 5961 requests; 15 unavailable origins.
ORS: 29510/30754 processed; 5962 requests; 15 unavailable origins.
ORS: 29515/30754 processed; 5963 requests; 15 unavailable origins.
ORS: 29520/30754 processed; 5964 requests; 15 unavailable origins.
ORS: 29525/30754 processed; 5965 requests; 15 unavailable origins.
ORS: 29530/30754 processed; 5966 requests; 15 unavailable origins.
ORS: 29535/30754 processed; 5967 requests; 15 unavailable origins.
ORS: 29540/30754 processed; 5968 requests; 15 unavailable origins.
ORS: 29545/30754 processed; 5969 requests; 15 unavailable origins.
ORS: 29550/30754 processed; 5970 requests; 15 unavailable origins.
ORS: 29555/30754 processed; 5971 requests; 15 unavailable origins.
ORS: 29560/30754 processed; 5972 requests; 15 unavailable origins.
ORS: 29565/30754 processed; 5973 requests; 15 unavailable origins.
Unavailable origin 3.00530,48.55559 (3.0053,48.55559) [ors-3099]: Charlotte Delbo [station:FR::Quay:50193692:FR1; line:IDFM:C02294, line:IDFM:C02585] — ORS 500 (code 3099): Unable to build an isochrone map.; station unavailable, check OSM coverage/access to the walking network.
ORS: 29570/30754 processed; 5979 requests; 16 unavailable origins.
ORS: 29575/30754 processed; 5980 requests; 16 unavailable origins.
ORS: 29580/30754 processed; 5981 requests; 16 unavailable origins.
ORS: 29585/30754 processed; 5982 requests; 16 unavailable origins.
ORS: 29590/30754 processed; 5983 requests; 16 unavailable origins.
ORS: 29595/30754 processed; 5984 requests; 16 unavailable origins.
ORS: 29600/30754 processed; 5985 requests; 16 unavailable origins.
ORS: 29605/30754 processed; 5986 requests; 16 unavailable origins.
ORS: 29610/30754 processed; 5987 requests; 16 unavailable origins.
ORS: 29615/30754 processed; 5988 requests; 16 unavailable origins.
ORS: 29620/30754 processed; 5989 requests; 16 unavailable origins.
ORS: 29625/30754 processed; 5990 requests; 16 unavailable origins.
ORS: 29630/30754 processed; 5991 requests; 16 unavailable origins.
ORS: 29635/30754 processed; 5992 requests; 16 unavailable origins.
ORS: 29640/30754 processed; 5993 requests; 16 unavailable origins.
ORS: 29645/30754 processed; 5994 requests; 16 unavailable origins.
ORS: 29650/30754 processed; 5995 requests; 16 unavailable origins.
ORS: 29655/30754 processed; 5996 requests; 16 unavailable origins.
ORS: 29660/30754 processed; 5997 requests; 16 unavailable origins.
ORS: 29665/30754 processed; 5998 requests; 16 unavailable origins.
ORS: 29670/30754 processed; 5999 requests; 16 unavailable origins.
ORS: 29675/30754 processed; 6000 requests; 16 unavailable origins.
ORS: 29680/30754 processed; 6001 requests; 16 unavailable origins.
ORS: 29685/30754 processed; 6002 requests; 16 unavailable origins.
ORS: 29690/30754 processed; 6003 requests; 16 unavailable origins.
ORS: 29695/30754 processed; 6004 requests; 16 unavailable origins.
ORS: 29700/30754 processed; 6005 requests; 16 unavailable origins.
ORS: 29705/30754 processed; 6006 requests; 16 unavailable origins.
ORS: 29710/30754 processed; 6007 requests; 16 unavailable origins.
ORS: 29715/30754 processed; 6008 requests; 16 unavailable origins.
ORS: 29720/30754 processed; 6009 requests; 16 unavailable origins.
ORS: 29725/30754 processed; 6010 requests; 16 unavailable origins.
ORS: 29730/30754 processed; 6011 requests; 16 unavailable origins.
ORS: 29735/30754 processed; 6012 requests; 16 unavailable origins.
ORS: 29740/30754 processed; 6013 requests; 16 unavailable origins.
ORS: 29745/30754 processed; 6014 requests; 16 unavailable origins.
ORS: 29750/30754 processed; 6015 requests; 16 unavailable origins.
ORS: 29755/30754 processed; 6016 requests; 16 unavailable origins.
ORS: 29760/30754 processed; 6017 requests; 16 unavailable origins.
ORS: 29765/30754 processed; 6018 requests; 16 unavailable origins.
ORS: 29770/30754 processed; 6019 requests; 16 unavailable origins.
ORS: 29775/30754 processed; 6020 requests; 16 unavailable origins.
ORS: 29780/30754 processed; 6021 requests; 16 unavailable origins.
ORS: 29785/30754 processed; 6022 requests; 16 unavailable origins.
ORS: 29790/30754 processed; 6023 requests; 16 unavailable origins.
ORS: 29795/30754 processed; 6024 requests; 16 unavailable origins.
ORS: 29800/30754 processed; 6025 requests; 16 unavailable origins.
ORS: 29805/30754 processed; 6026 requests; 16 unavailable origins.
ORS: 29810/30754 processed; 6027 requests; 16 unavailable origins.
ORS: 29815/30754 processed; 6028 requests; 16 unavailable origins.
ORS: 29820/30754 processed; 6029 requests; 16 unavailable origins.
ORS: 29825/30754 processed; 6030 requests; 16 unavailable origins.
ORS: 29830/30754 processed; 6031 requests; 16 unavailable origins.
ORS: 29835/30754 processed; 6032 requests; 16 unavailable origins.
ORS: 29840/30754 processed; 6033 requests; 16 unavailable origins.
ORS: 29845/30754 processed; 6034 requests; 16 unavailable origins.
ORS: 29850/30754 processed; 6035 requests; 16 unavailable origins.
ORS: 29855/30754 processed; 6036 requests; 16 unavailable origins.
ORS: 29860/30754 processed; 6037 requests; 16 unavailable origins.
ORS: 29865/30754 processed; 6038 requests; 16 unavailable origins.
ORS: 29870/30754 processed; 6039 requests; 16 unavailable origins.
ORS: 29875/30754 processed; 6040 requests; 16 unavailable origins.
ORS: 29880/30754 processed; 6041 requests; 16 unavailable origins.
ORS: 29885/30754 processed; 6042 requests; 16 unavailable origins.
ORS: 29890/30754 processed; 6043 requests; 16 unavailable origins.
ORS: 29895/30754 processed; 6044 requests; 16 unavailable origins.
ORS: 29900/30754 processed; 6045 requests; 16 unavailable origins.
ORS: 29905/30754 processed; 6046 requests; 16 unavailable origins.
ORS: 29910/30754 processed; 6047 requests; 16 unavailable origins.
ORS: 29915/30754 processed; 6048 requests; 16 unavailable origins.
ORS: 29920/30754 processed; 6049 requests; 16 unavailable origins.
ORS: 29925/30754 processed; 6050 requests; 16 unavailable origins.
ORS: 29930/30754 processed; 6051 requests; 16 unavailable origins.
ORS: 29935/30754 processed; 6052 requests; 16 unavailable origins.
ORS: 29940/30754 processed; 6053 requests; 16 unavailable origins.
ORS: 29945/30754 processed; 6054 requests; 16 unavailable origins.
ORS: 29950/30754 processed; 6055 requests; 16 unavailable origins.
ORS: 29955/30754 processed; 6056 requests; 16 unavailable origins.
ORS: 29960/30754 processed; 6057 requests; 16 unavailable origins.
ORS: 29965/30754 processed; 6058 requests; 16 unavailable origins.
ORS: 29970/30754 processed; 6059 requests; 16 unavailable origins.
ORS: 29975/30754 processed; 6060 requests; 16 unavailable origins.
ORS: 29980/30754 processed; 6061 requests; 16 unavailable origins.
ORS: 29985/30754 processed; 6062 requests; 16 unavailable origins.
ORS: 29990/30754 processed; 6063 requests; 16 unavailable origins.
ORS: 29995/30754 processed; 6064 requests; 16 unavailable origins.
ORS: 30000/30754 processed; 6065 requests; 16 unavailable origins.
ORS: 30005/30754 processed; 6066 requests; 16 unavailable origins.
ORS: 30010/30754 processed; 6067 requests; 16 unavailable origins.
ORS: 30015/30754 processed; 6068 requests; 16 unavailable origins.
ORS: 30020/30754 processed; 6069 requests; 16 unavailable origins.
ORS: 30025/30754 processed; 6070 requests; 16 unavailable origins.
ORS: 30030/30754 processed; 6071 requests; 16 unavailable origins.
ORS: 30035/30754 processed; 6072 requests; 16 unavailable origins.
ORS: 30040/30754 processed; 6073 requests; 16 unavailable origins.
ORS: 30045/30754 processed; 6074 requests; 16 unavailable origins.
ORS: 30050/30754 processed; 6075 requests; 16 unavailable origins.
ORS: 30055/30754 processed; 6076 requests; 16 unavailable origins.
ORS: 30060/30754 processed; 6077 requests; 16 unavailable origins.
ORS: 30065/30754 processed; 6078 requests; 16 unavailable origins.
ORS: 30070/30754 processed; 6079 requests; 16 unavailable origins.
ORS: 30075/30754 processed; 6080 requests; 16 unavailable origins.
ORS: 30080/30754 processed; 6081 requests; 16 unavailable origins.
ORS: 30085/30754 processed; 6082 requests; 16 unavailable origins.
ORS: 30090/30754 processed; 6083 requests; 16 unavailable origins.
ORS: 30095/30754 processed; 6084 requests; 16 unavailable origins.
ORS: 30100/30754 processed; 6085 requests; 16 unavailable origins.
ORS: 30105/30754 processed; 6086 requests; 16 unavailable origins.
ORS: 30110/30754 processed; 6087 requests; 16 unavailable origins.
ORS: 30115/30754 processed; 6088 requests; 16 unavailable origins.
ORS: 30120/30754 processed; 6089 requests; 16 unavailable origins.
ORS: 30125/30754 processed; 6090 requests; 16 unavailable origins.
ORS: 30130/30754 processed; 6091 requests; 16 unavailable origins.
ORS: 30135/30754 processed; 6092 requests; 16 unavailable origins.
ORS: 30140/30754 processed; 6093 requests; 16 unavailable origins.
ORS: 30145/30754 processed; 6094 requests; 16 unavailable origins.
ORS: 30150/30754 processed; 6095 requests; 16 unavailable origins.
ORS: 30155/30754 processed; 6096 requests; 16 unavailable origins.
ORS: 30160/30754 processed; 6097 requests; 16 unavailable origins.
ORS: 30165/30754 processed; 6098 requests; 16 unavailable origins.
ORS: 30170/30754 processed; 6099 requests; 16 unavailable origins.
ORS: 30175/30754 processed; 6100 requests; 16 unavailable origins.
ORS: 30180/30754 processed; 6101 requests; 16 unavailable origins.
ORS: 30185/30754 processed; 6102 requests; 16 unavailable origins.
ORS: 30190/30754 processed; 6103 requests; 16 unavailable origins.
ORS: 30195/30754 processed; 6104 requests; 16 unavailable origins.
ORS: 30200/30754 processed; 6105 requests; 16 unavailable origins.
ORS: 30205/30754 processed; 6106 requests; 16 unavailable origins.
ORS: 30210/30754 processed; 6107 requests; 16 unavailable origins.
ORS: 30215/30754 processed; 6108 requests; 16 unavailable origins.
ORS: 30220/30754 processed; 6109 requests; 16 unavailable origins.
ORS: 30225/30754 processed; 6110 requests; 16 unavailable origins.
ORS: 30230/30754 processed; 6111 requests; 16 unavailable origins.
ORS: 30235/30754 processed; 6112 requests; 16 unavailable origins.
ORS: 30240/30754 processed; 6113 requests; 16 unavailable origins.
ORS: 30245/30754 processed; 6114 requests; 16 unavailable origins.
ORS: 30250/30754 processed; 6115 requests; 16 unavailable origins.
ORS: 30255/30754 processed; 6116 requests; 16 unavailable origins.
ORS: 30260/30754 processed; 6117 requests; 16 unavailable origins.
ORS: 30265/30754 processed; 6118 requests; 16 unavailable origins.
ORS: 30270/30754 processed; 6119 requests; 16 unavailable origins.
ORS: 30275/30754 processed; 6120 requests; 16 unavailable origins.
ORS: 30280/30754 processed; 6121 requests; 16 unavailable origins.
ORS: 30285/30754 processed; 6122 requests; 16 unavailable origins.
ORS: 30290/30754 processed; 6123 requests; 16 unavailable origins.
ORS: 30295/30754 processed; 6124 requests; 16 unavailable origins.
ORS: 30300/30754 processed; 6125 requests; 16 unavailable origins.
ORS: 30305/30754 processed; 6126 requests; 16 unavailable origins.
ORS: 30310/30754 processed; 6127 requests; 16 unavailable origins.
ORS: 30315/30754 processed; 6128 requests; 16 unavailable origins.
ORS: 30320/30754 processed; 6129 requests; 16 unavailable origins.
ORS: 30325/30754 processed; 6130 requests; 16 unavailable origins.
ORS: 30330/30754 processed; 6131 requests; 16 unavailable origins.
ORS: 30335/30754 processed; 6132 requests; 16 unavailable origins.
ORS: 30340/30754 processed; 6133 requests; 16 unavailable origins.
ORS: 30345/30754 processed; 6134 requests; 16 unavailable origins.
ORS: 30350/30754 processed; 6135 requests; 16 unavailable origins.
ORS: 30355/30754 processed; 6136 requests; 16 unavailable origins.
ORS: 30360/30754 processed; 6137 requests; 16 unavailable origins.
ORS: 30365/30754 processed; 6138 requests; 16 unavailable origins.
ORS: 30370/30754 processed; 6139 requests; 16 unavailable origins.
ORS: 30375/30754 processed; 6140 requests; 16 unavailable origins.
ORS: 30380/30754 processed; 6141 requests; 16 unavailable origins.
ORS: 30385/30754 processed; 6142 requests; 16 unavailable origins.
ORS: 30390/30754 processed; 6143 requests; 16 unavailable origins.
ORS: 30395/30754 processed; 6144 requests; 16 unavailable origins.
ORS: 30400/30754 processed; 6145 requests; 16 unavailable origins.
ORS: 30405/30754 processed; 6146 requests; 16 unavailable origins.
ORS: 30410/30754 processed; 6147 requests; 16 unavailable origins.
ORS: 30415/30754 processed; 6148 requests; 16 unavailable origins.
ORS: 30420/30754 processed; 6149 requests; 16 unavailable origins.
ORS: 30425/30754 processed; 6150 requests; 16 unavailable origins.
ORS: 30430/30754 processed; 6151 requests; 16 unavailable origins.
ORS: 30435/30754 processed; 6152 requests; 16 unavailable origins.
ORS: 30440/30754 processed; 6153 requests; 16 unavailable origins.
ORS: 30445/30754 processed; 6154 requests; 16 unavailable origins.
ORS: 30450/30754 processed; 6155 requests; 16 unavailable origins.
ORS: 30455/30754 processed; 6156 requests; 16 unavailable origins.
ORS: 30460/30754 processed; 6157 requests; 16 unavailable origins.
ORS: 30465/30754 processed; 6158 requests; 16 unavailable origins.
ORS: 30470/30754 processed; 6159 requests; 16 unavailable origins.
ORS: 30475/30754 processed; 6160 requests; 16 unavailable origins.
ORS: 30480/30754 processed; 6161 requests; 16 unavailable origins.
ORS: 30485/30754 processed; 6162 requests; 16 unavailable origins.
ORS: 30490/30754 processed; 6163 requests; 16 unavailable origins.
ORS: 30495/30754 processed; 6164 requests; 16 unavailable origins.
ORS: 30500/30754 processed; 6165 requests; 16 unavailable origins.
ORS: 30505/30754 processed; 6166 requests; 16 unavailable origins.
ORS: 30510/30754 processed; 6167 requests; 16 unavailable origins.
ORS: 30515/30754 processed; 6168 requests; 16 unavailable origins.
ORS: 30520/30754 processed; 6169 requests; 16 unavailable origins.
ORS: 30525/30754 processed; 6170 requests; 16 unavailable origins.
ORS: 30530/30754 processed; 6171 requests; 16 unavailable origins.
ORS: 30535/30754 processed; 6172 requests; 16 unavailable origins.
ORS: 30540/30754 processed; 6173 requests; 16 unavailable origins.
ORS: 30545/30754 processed; 6174 requests; 16 unavailable origins.
ORS: 30550/30754 processed; 6175 requests; 16 unavailable origins.
ORS: 30555/30754 processed; 6176 requests; 16 unavailable origins.
ORS: 30560/30754 processed; 6177 requests; 16 unavailable origins.
ORS: 30565/30754 processed; 6178 requests; 16 unavailable origins.
ORS: 30570/30754 processed; 6179 requests; 16 unavailable origins.
ORS: 30575/30754 processed; 6180 requests; 16 unavailable origins.
ORS: 30580/30754 processed; 6181 requests; 16 unavailable origins.
ORS: 30585/30754 processed; 6182 requests; 16 unavailable origins.
ORS: 30590/30754 processed; 6183 requests; 16 unavailable origins.
ORS: 30595/30754 processed; 6184 requests; 16 unavailable origins.
ORS: 30600/30754 processed; 6185 requests; 16 unavailable origins.
ORS: 30605/30754 processed; 6186 requests; 16 unavailable origins.
ORS: 30610/30754 processed; 6187 requests; 16 unavailable origins.
ORS: 30615/30754 processed; 6188 requests; 16 unavailable origins.
ORS: 30620/30754 processed; 6189 requests; 16 unavailable origins.
ORS: 30625/30754 processed; 6190 requests; 16 unavailable origins.
ORS: 30630/30754 processed; 6191 requests; 16 unavailable origins.
ORS: 30635/30754 processed; 6192 requests; 16 unavailable origins.
ORS: 30640/30754 processed; 6193 requests; 16 unavailable origins.
ORS: 30645/30754 processed; 6194 requests; 16 unavailable origins.
ORS: 30650/30754 processed; 6195 requests; 16 unavailable origins.
ORS: 30655/30754 processed; 6196 requests; 16 unavailable origins.
ORS: 30660/30754 processed; 6197 requests; 16 unavailable origins.
ORS: 30665/30754 processed; 6198 requests; 16 unavailable origins.
ORS: 30670/30754 processed; 6199 requests; 16 unavailable origins.
ORS: 30675/30754 processed; 6200 requests; 16 unavailable origins.
ORS: 30680/30754 processed; 6201 requests; 16 unavailable origins.
ORS: 30685/30754 processed; 6202 requests; 16 unavailable origins.
ORS: 30690/30754 processed; 6203 requests; 16 unavailable origins.
ORS: 30695/30754 processed; 6204 requests; 16 unavailable origins.
ORS: 30700/30754 processed; 6205 requests; 16 unavailable origins.
ORS: 30705/30754 processed; 6206 requests; 16 unavailable origins.
ORS: 30710/30754 processed; 6207 requests; 16 unavailable origins.
ORS: 30715/30754 processed; 6208 requests; 16 unavailable origins.
ORS: 30720/30754 processed; 6209 requests; 16 unavailable origins.
ORS: 30725/30754 processed; 6210 requests; 16 unavailable origins.
ORS: 30730/30754 processed; 6211 requests; 16 unavailable origins.
ORS: 30735/30754 processed; 6212 requests; 16 unavailable origins.
ORS: 30740/30754 processed; 6213 requests; 16 unavailable origins.
Unavailable origin 3.45315,48.56228 (3.45315,48.56228) [ors-3099]: Puits Jolly [station:FR::Quay:50194122:FR1; line:IDFM:C02433] — ORS 500 (code 3099): Unable to build an isochrone map.; station unavailable, check OSM coverage/access to the walking network.
ORS: 30745/30754 processed; 6219 requests; 17 unavailable origins.
ORS: 30750/30754 processed; 6220 requests; 17 unavailable origins.
Unavailable origin 3.50238,48.49254 (3.50238,48.49254) [ors-3099]: Théâtre [station:FR::Quay:50194196:FR1; line:IDFM:C01507] — ORS 500 (code 3099): Unable to build an isochrone map.; station unavailable, check OSM coverage/access to the walking network.
Unavailable origin 3.56064,48.73120 (3.56064,48.7312) [ors-3099]: Ecole de Esternay [station:FR::Quay:50193760:FR1; line:IDFM:C01501] — ORS 500 (code 3099): Unable to build an isochrone map.; station unavailable, check OSM coverage/access to the walking network.
ORS: 30754/30754 processed; 6225 requests; 19 unavailable origins.
Coverage: 30735/30754 requested origins cached; 19 unavailable, 0 not processed.
Unavailable origin diagnostics:
  1.87102,48.91296 (1.87102,48.91296) [ors-3099] — Cauchoiserie rue des Bois [station:FR::Quay:50164915:FR1; line:IDFM:C00118] — ORS 500 (code 3099): Unable to build an isochrone map.; station unavailable, check OSM coverage/access to the walking network.
  1.87117,48.91296 (1.87117,48.91296) [ors-3099] — Cauchoiserie Rue des Bois [station:FR::Quay:50199819:FR1; line:IDFM:C00119] — ORS 500 (code 3099): Unable to build an isochrone map.; station unavailable, check OSM coverage/access to the walking network.
  2.02713,48.92927 (2.02713,48.92927) [ors-3099] — Pont de l'Île [station:FR::Quay:50167392:FR1; line:IDFM:C02552] — ORS 500 (code 3099): Unable to build an isochrone map.; station unavailable, check OSM coverage/access to the walking network.
  2.09919,48.32700 (2.09919,48.327) [ors-3099] — La Source [station:FR::Quay:50175028:FR1; line:IDFM:C02067, line:IDFM:C02068, line:IDFM:C02431] — ORS 500 (code 3099): Unable to build an isochrone map.; station unavailable, check OSM coverage/access to the walking network.
  2.12234,49.06298 (2.12234,49.06298) [ors-3099] — Chemin du Général [station:FR::Quay:50165687:FR1; line:IDFM:C00394] — ORS 500 (code 3099): Unable to build an isochrone map.; station unavailable, check OSM coverage/access to the walking network.
  2.27345,48.94347 (2.27345,48.94347) [snap-too-far] — Pointe Môle 2-3 [station:FR::Quay:50218870:FR1; line:IDFM:C01839] — ORS snapped center is 425 m from the station (maximum 250 m); check OSM coverage.
  2.29440,48.96144 (2.2944,48.96144) [ors-3099] — Cygne d'Enghien [station:FR::Quay:50166289:FR1; line:IDFM:C00307] — ORS 500 (code 3099): Unable to build an isochrone map.; station unavailable, check OSM coverage/access to the walking network.
  2.45198,48.81740 (2.45198,48.8174) [ors-3099] — Roseraie [station:FR::Quay:50220568:FR1; line:IDFM:C01140] — ORS 500 (code 3099): Unable to build an isochrone map.; station unavailable, check OSM coverage/access to the walking network.
  2.52056,49.07941 (2.52056,49.07941) [snap-too-far] — Central Space/Bâtiment C [station:FR::Quay:50197130:FR1; line:IDFM:C00230] — ORS snapped center is 267 m from the station (maximum 250 m); check OSM coverage.
  2.52396,49.09006 (2.52396,49.09006) [ors-3099] — Moimont [station:FR::Quay:50197910:FR1; line:IDFM:C00230] — ORS 500 (code 3099): Unable to build an isochrone map.; station unavailable, check OSM coverage/access to the walking network.
  2.58087,48.95511 (2.58087,48.95511) [ors-3099] — Briand [station:FR::Quay:50198174:FR1; line:IDFM:C02060] — ORS 500 (code 3099): Unable to build an isochrone map.; station unavailable, check OSM coverage/access to the walking network.
  2.61148,48.98300 (2.61148,48.983) [ors-3099] — Fulbert Lenfant [station:FR::Quay:50198074:FR1; line:IDFM:C02060] — ORS 500 (code 3099): Unable to build an isochrone map.; station unavailable, check OSM coverage/access to the walking network.
  2.74046,48.48995 (2.74046,48.48995) [ors-3099] — Clos Pensées [station:FR::Quay:50190973:FR1; line:IDFM:C00792] — ORS 500 (code 3099): Unable to build an isochrone map.; station unavailable, check OSM coverage/access to the walking network.
  2.74441,48.48784 (2.74441,48.48784) [ors-3099] — Quai des Vallées 1 [station:FR::Quay:50191470:FR1; line:IDFM:C00791] — ORS 500 (code 3099): Unable to build an isochrone map.; station unavailable, check OSM coverage/access to the walking network.
  2.90203,48.38760 (2.90203,48.3876) [ors-3099] — Rue de la Garenne [station:FR::Quay:50193192:FR1; line:IDFM:C01439] — ORS 500 (code 3099): Unable to build an isochrone map.; station unavailable, check OSM coverage/access to the walking network.
  3.00530,48.55559 (3.0053,48.55559) [ors-3099] — Charlotte Delbo [station:FR::Quay:50193692:FR1; line:IDFM:C02294, line:IDFM:C02585] — ORS 500 (code 3099): Unable to build an isochrone map.; station unavailable, check OSM coverage/access to the walking network.
  3.45315,48.56228 (3.45315,48.56228) [ors-3099] — Puits Jolly [station:FR::Quay:50194122:FR1; line:IDFM:C02433] — ORS 500 (code 3099): Unable to build an isochrone map.; station unavailable, check OSM coverage/access to the walking network.
  3.50238,48.49254 (3.50238,48.49254) [ors-3099] — Théâtre [station:FR::Quay:50194196:FR1; line:IDFM:C01507] — ORS 500 (code 3099): Unable to build an isochrone map.; station unavailable, check OSM coverage/access to the walking network.
  3.56064,48.73120 (3.56064,48.7312) [ors-3099] — Ecole de Esternay [station:FR::Quay:50193760:FR1; line:IDFM:C01501] — ORS 500 (code 3099): Unable to build an isochrone map.; station unavailable, check OSM coverage/access to the walking network.
Unavailable origins remain excluded from coverage and will be retried on the next run; no snap threshold was relaxed.
Combining line line:IDFM:C00001: 31/31 stations.
Combining line line:IDFM:C00003: 28/28 stations.
Combining line line:IDFM:C00004: 37/37 stations.
Combining line line:IDFM:C00006: 26/26 stations.
Combining line line:IDFM:C00007: 20/20 stations.
Combining line line:IDFM:C00009: 21/21 stations.
Combining line line:IDFM:C00010: 11/11 stations.
Combining line line:IDFM:C00011: 17/17 stations.
Combining line line:IDFM:C00012: 16/16 stations.
Combining line line:IDFM:C00014: 18/18 stations.
Combining line line:IDFM:C00015: 10/10 stations.
Combining line line:IDFM:C00016: 39/39 stations.
Combining line line:IDFM:C00017: 14/14 stations.
Combining line line:IDFM:C00018: 29/29 stations.
Combining line line:IDFM:C00019: 12/12 stations.
Combining line line:IDFM:C00020: 20/20 stations.
Combining line line:IDFM:C00021: 14/14 stations.
Combining line line:IDFM:C00024: 7/7 stations.
Combining line line:IDFM:C00025: 20/20 stations.
Combining line line:IDFM:C00026: 14/14 stations.
Combining line line:IDFM:C00027: 24/24 stations.
Combining line line:IDFM:C00028: 17/17 stations.
Combining line line:IDFM:C00029: 41/41 stations.
Combining line line:IDFM:C00030: 14/14 stations.
Combining line line:IDFM:C00031: 52/52 stations.
Combining line line:IDFM:C00032: 43/43 stations.
Combining line line:IDFM:C00033: 19/19 stations.
Combining line line:IDFM:C00034: 34/34 stations.
Combining line line:IDFM:C00038: 25/25 stations.
Combining line line:IDFM:C00039: 4/4 stations.
Combining line line:IDFM:C00040: 8/8 stations.
Combining line line:IDFM:C00042: 29/29 stations.
Combining line line:IDFM:C00043: 22/22 stations.
Combining line line:IDFM:C00046: 13/13 stations.
Combining line line:IDFM:C00048: 9/9 stations.
Combining line line:IDFM:C00049: 15/15 stations.
Combining line line:IDFM:C00050: 35/35 stations.
Combining line line:IDFM:C00051: 11/11 stations.
Combining line line:IDFM:C00052: 17/17 stations.
Combining line line:IDFM:C00054: 36/36 stations.
Combining line line:IDFM:C00057: 26/26 stations.
Combining line line:IDFM:C00060: 23/23 stations.
Combining line line:IDFM:C00061: 7/7 stations.
Combining line line:IDFM:C00062: 45/45 stations.
Combining line line:IDFM:C00064: 45/45 stations.
Combining line line:IDFM:C00066: 16/16 stations.
Combining line line:IDFM:C00068: 18/18 stations.
Combining line line:IDFM:C00069: 9/9 stations.
Combining line line:IDFM:C00070: 24/24 stations.
Combining line line:IDFM:C00072: 7/7 stations.
Combining line line:IDFM:C00073: 29/29 stations.
Combining line line:IDFM:C00074: 44/44 stations.
Combining line line:IDFM:C00075: 28/28 stations.
Combining line line:IDFM:C00076: 8/8 stations.
Combining line line:IDFM:C00078: 11/11 stations.
Combining line line:IDFM:C00079: 13/13 stations.
Combining line line:IDFM:C00082: 16/16 stations.
Combining line line:IDFM:C00083: 23/23 stations.
Combining line line:IDFM:C00084: 25/25 stations.
Combining line line:IDFM:C00085: 18/18 stations.
Combining line line:IDFM:C00086: 18/18 stations.
Combining line line:IDFM:C00087: 23/23 stations.
Combining line line:IDFM:C00089: 15/15 stations.
Combining line line:IDFM:C00090: 36/36 stations.
Combining line line:IDFM:C00092: 20/20 stations.
Combining line line:IDFM:C00093: 12/12 stations.
Combining line line:IDFM:C00094: 12/12 stations.
Combining line line:IDFM:C00097: 15/15 stations.
Combining line line:IDFM:C00098: 14/14 stations.
Combining line line:IDFM:C00100: 29/29 stations.
Combining line line:IDFM:C00101: 14/14 stations.
Combining line line:IDFM:C00102: 8/8 stations.
Combining line line:IDFM:C00103: 15/15 stations.
Combining line line:IDFM:C00104: 9/9 stations.
Combining line line:IDFM:C00105: 33/33 stations.
Combining line line:IDFM:C00106: 16/16 stations.
Combining line line:IDFM:C00107: 14/14 stations.
Combining line line:IDFM:C00108: 13/13 stations.
Combining line line:IDFM:C00109: 22/22 stations.
Combining line line:IDFM:C00110: 16/16 stations.
Combining line line:IDFM:C00111: 25/25 stations.
Combining line line:IDFM:C00112: 33/33 stations.
Combining line line:IDFM:C00113: 24/24 stations.
Combining line line:IDFM:C00114: 18/18 stations.
Combining line line:IDFM:C00115: 13/13 stations.
Combining line line:IDFM:C00116: 19/19 stations.
Combining line line:IDFM:C00117: 20/20 stations.
Combining line line:IDFM:C00118: 43/44 stations.
Combining line line:IDFM:C00119: 56/57 stations.
Combining line line:IDFM:C00120: 11/11 stations.
Combining line line:IDFM:C00121: 14/14 stations.
Combining line line:IDFM:C00122: 18/18 stations.
Combining line line:IDFM:C00124: 34/34 stations.
Combining line line:IDFM:C00125: 28/28 stations.
Combining line line:IDFM:C00126: 30/30 stations.
Combining line line:IDFM:C00128: 26/26 stations.
Combining line line:IDFM:C00129: 16/16 stations.
Combining line line:IDFM:C00130: 26/26 stations.
Combining line line:IDFM:C00137: 31/31 stations.
Combining line line:IDFM:C00138: 33/33 stations.
Combining line line:IDFM:C00139: 14/14 stations.
Combining line line:IDFM:C00140: 17/17 stations.
Combining line line:IDFM:C00141: 15/15 stations.
Combining line line:IDFM:C00142: 20/20 stations.
Combining line line:IDFM:C00143: 40/40 stations.
Combining line line:IDFM:C00144: 16/16 stations.
Combining line line:IDFM:C00145: 15/15 stations.
Combining line line:IDFM:C00149: 18/18 stations.
Combining line line:IDFM:C00150: 25/25 stations.
Combining line line:IDFM:C00151: 7/7 stations.
Combining line line:IDFM:C00153: 10/10 stations.
Combining line line:IDFM:C00154: 19/19 stations.
Combining line line:IDFM:C00156: 22/22 stations.
Combining line line:IDFM:C00157: 23/23 stations.
Combining line line:IDFM:C00158: 20/20 stations.
Combining line line:IDFM:C00159: 24/24 stations.
Combining line line:IDFM:C00160: 14/14 stations.
Combining line line:IDFM:C00161: 17/17 stations.
Combining line line:IDFM:C00162: 19/19 stations.
Combining line line:IDFM:C00163: 20/20 stations.
Combining line line:IDFM:C00164: 21/21 stations.
Combining line line:IDFM:C00165: 25/25 stations.
Combining line line:IDFM:C00166: 20/20 stations.
Combining line line:IDFM:C00167: 12/12 stations.
Combining line line:IDFM:C00168: 13/13 stations.
Combining line line:IDFM:C00170: 25/25 stations.
Combining line line:IDFM:C00171: 19/19 stations.
Combining line line:IDFM:C00172: 25/25 stations.
Combining line line:IDFM:C00173: 28/28 stations.
Combining line line:IDFM:C00175: 32/32 stations.
Combining line line:IDFM:C00176: 15/15 stations.
Combining line line:IDFM:C00177: 18/18 stations.
Combining line line:IDFM:C00178: 15/15 stations.
Combining line line:IDFM:C00179: 12/12 stations.
Combining line line:IDFM:C00180: 21/21 stations.
Combining line line:IDFM:C00181: 15/15 stations.
Combining line line:IDFM:C00182: 28/28 stations.
Combining line line:IDFM:C00183: 22/22 stations.
Combining line line:IDFM:C00184: 20/20 stations.
Combining line line:IDFM:C00187: 11/11 stations.
Combining line line:IDFM:C00189: 40/40 stations.
Combining line line:IDFM:C00191: 52/52 stations.
Combining line line:IDFM:C00194: 25/25 stations.
Combining line line:IDFM:C00196: 15/15 stations.
Combining line line:IDFM:C00197: 27/27 stations.
Combining line line:IDFM:C00198: 40/40 stations.
Combining line line:IDFM:C00199: 14/14 stations.
Combining line line:IDFM:C00200: 17/17 stations.
Combining line line:IDFM:C00201: 28/28 stations.
Combining line line:IDFM:C00202: 14/14 stations.
Combining line line:IDFM:C00203: 40/40 stations.
Combining line line:IDFM:C00204: 45/45 stations.
Combining line line:IDFM:C00205: 15/15 stations.
Combining line line:IDFM:C00206: 11/11 stations.
Combining line line:IDFM:C00207: 14/14 stations.
Combining line line:IDFM:C00208: 13/13 stations.
Combining line line:IDFM:C00209: 42/42 stations.
Combining line line:IDFM:C00211: 11/11 stations.
Combining line line:IDFM:C00213: 43/43 stations.
Combining line line:IDFM:C00214: 40/40 stations.
Combining line line:IDFM:C00216: 44/44 stations.
Combining line line:IDFM:C00217: 16/16 stations.
Combining line line:IDFM:C00218: 14/14 stations.
Combining line line:IDFM:C00219: 19/19 stations.
Combining line line:IDFM:C00220: 16/16 stations.
Combining line line:IDFM:C00221: 16/16 stations.
Combining line line:IDFM:C00223: 11/11 stations.
Combining line line:IDFM:C00224: 29/29 stations.
Combining line line:IDFM:C00225: 19/19 stations.
Combining line line:IDFM:C00226: 13/13 stations.
Combining line line:IDFM:C00228: 28/28 stations.
Combining line line:IDFM:C00229: 8/8 stations.
Combining line line:IDFM:C00230: 13/15 stations.
Combining line line:IDFM:C00231: 11/11 stations.
Combining line line:IDFM:C00232: 16/16 stations.
Combining line line:IDFM:C00233: 21/21 stations.
Combining line line:IDFM:C00234: 16/16 stations.
Combining line line:IDFM:C00235: 8/8 stations.
Combining line line:IDFM:C00236: 12/12 stations.
Combining line line:IDFM:C00237: 9/9 stations.
Combining line line:IDFM:C00238: 16/16 stations.
Combining line line:IDFM:C00239: 20/20 stations.
Combining line line:IDFM:C00240: 17/17 stations.
Combining line line:IDFM:C00241: 16/16 stations.
Combining line line:IDFM:C00242: 11/11 stations.
Combining line line:IDFM:C00243: 19/19 stations.
Combining line line:IDFM:C00244: 8/8 stations.
Combining line line:IDFM:C00245: 36/36 stations.
Combining line line:IDFM:C00246: 20/20 stations.
Combining line line:IDFM:C00247: 29/29 stations.
Combining line line:IDFM:C00248: 31/31 stations.
Combining line line:IDFM:C00250: 17/17 stations.
Combining line line:IDFM:C00251: 11/11 stations.
Combining line line:IDFM:C00252: 25/25 stations.
Combining line line:IDFM:C00253: 14/14 stations.
Combining line line:IDFM:C00254: 28/28 stations.
Combining line line:IDFM:C00260: 32/32 stations.
Combining line line:IDFM:C00261: 18/18 stations.
Combining line line:IDFM:C00262: 21/21 stations.
Combining line line:IDFM:C00263: 7/7 stations.
Combining line line:IDFM:C00264: 22/22 stations.
Combining line line:IDFM:C00265: 43/43 stations.
Combining line line:IDFM:C00267: 21/21 stations.
Combining line line:IDFM:C00270: 20/20 stations.
Combining line line:IDFM:C00271: 37/37 stations.
Combining line line:IDFM:C00272: 12/12 stations.
Combining line line:IDFM:C00273: 11/11 stations.
Combining line line:IDFM:C00274: 33/33 stations.
Combining line line:IDFM:C00275: 56/56 stations.
Combining line line:IDFM:C00276: 24/24 stations.
Combining line line:IDFM:C00279: 33/33 stations.
Combining line line:IDFM:C00280: 5/5 stations.
Combining line line:IDFM:C00281: 30/30 stations.
Combining line line:IDFM:C00285: 9/9 stations.
Combining line line:IDFM:C00286: 25/25 stations.
Combining line line:IDFM:C00287: 25/25 stations.
Combining line line:IDFM:C00288: 58/58 stations.
Combining line line:IDFM:C00292: 31/31 stations.
Combining line line:IDFM:C00294: 15/15 stations.
Combining line line:IDFM:C00295: 35/35 stations.
Combining line line:IDFM:C00297: 23/23 stations.
Combining line line:IDFM:C00298: 29/29 stations.
Combining line line:IDFM:C00299: 21/21 stations.
Combining line line:IDFM:C00301: 29/29 stations.
Combining line line:IDFM:C00302: 18/18 stations.
Combining line line:IDFM:C00303: 14/14 stations.
Combining line line:IDFM:C00304: 39/39 stations.
Combining line line:IDFM:C00305: 28/28 stations.
Combining line line:IDFM:C00306: 34/34 stations.
Combining line line:IDFM:C00307: 36/37 stations.
Combining line line:IDFM:C00308: 15/15 stations.
Combining line line:IDFM:C00309: 9/9 stations.
Combining line line:IDFM:C00310: 9/9 stations.
Combining line line:IDFM:C00311: 13/13 stations.
Combining line line:IDFM:C00312: 18/18 stations.
Combining line line:IDFM:C00315: 16/16 stations.
Combining line line:IDFM:C00316: 15/15 stations.
Combining line line:IDFM:C00317: 21/21 stations.
Combining line line:IDFM:C00319: 23/23 stations.
Combining line line:IDFM:C00322: 8/8 stations.
Combining line line:IDFM:C00323: 23/23 stations.
Combining line line:IDFM:C00324: 47/47 stations.
Combining line line:IDFM:C00325: 32/32 stations.
Combining line line:IDFM:C00327: 45/45 stations.
Combining line line:IDFM:C00328: 17/17 stations.
Combining line line:IDFM:C00330: 22/22 stations.
Combining line line:IDFM:C00332: 19/19 stations.
Combining line line:IDFM:C00334: 10/10 stations.
Combining line line:IDFM:C00335: 23/23 stations.
Combining line line:IDFM:C00336: 12/12 stations.
Combining line line:IDFM:C00337: 14/14 stations.
Combining line line:IDFM:C00339: 29/29 stations.
Combining line line:IDFM:C00340: 18/18 stations.
Combining line line:IDFM:C00341: 24/24 stations.
Combining line line:IDFM:C00342: 27/27 stations.
Combining line line:IDFM:C00343: 23/23 stations.
Combining line line:IDFM:C00344: 18/18 stations.
Combining line line:IDFM:C00345: 18/18 stations.
Combining line line:IDFM:C00346: 15/15 stations.
Combining line line:IDFM:C00350: 39/39 stations.
Combining line line:IDFM:C00355: 12/12 stations.
Combining line line:IDFM:C00356: 33/33 stations.
Combining line line:IDFM:C00358: 28/28 stations.
Combining line line:IDFM:C00363: 12/12 stations.
Combining line line:IDFM:C00364: 30/30 stations.
Combining line line:IDFM:C00365: 42/42 stations.
Combining line line:IDFM:C00366: 35/35 stations.
Combining line line:IDFM:C00367: 8/8 stations.
Combining line line:IDFM:C00374: 18/18 stations.
Combining line line:IDFM:C00376: 30/30 stations.
Combining line line:IDFM:C00378: 13/13 stations.
Combining line line:IDFM:C00379: 27/27 stations.
Combining line line:IDFM:C00380: 22/22 stations.
Combining line line:IDFM:C00382: 25/25 stations.
Combining line line:IDFM:C00385: 34/34 stations.
Combining line line:IDFM:C00386: 20/20 stations.
Combining line line:IDFM:C00387: 30/30 stations.
Combining line line:IDFM:C00388: 19/19 stations.
Combining line line:IDFM:C00389: 10/10 stations.
Combining line line:IDFM:C00391: 16/16 stations.
Combining line line:IDFM:C00392: 31/31 stations.
Combining line line:IDFM:C00393: 22/22 stations.
Combining line line:IDFM:C00394: 33/34 stations.
Combining line line:IDFM:C00395: 33/33 stations.
Combining line line:IDFM:C00399: 16/16 stations.
Combining line line:IDFM:C00400: 12/12 stations.
Combining line line:IDFM:C00401: 35/35 stations.
Combining line line:IDFM:C00402: 29/29 stations.
Combining line line:IDFM:C00403: 26/26 stations.
Combining line line:IDFM:C00408: 30/30 stations.
Combining line line:IDFM:C00409: 20/20 stations.
Combining line line:IDFM:C00410: 9/9 stations.
Combining line line:IDFM:C00411: 17/17 stations.
Combining line line:IDFM:C00413: 15/15 stations.
Combining line line:IDFM:C00414: 46/46 stations.
Combining line line:IDFM:C00416: 12/12 stations.
Combining line line:IDFM:C00418: 22/22 stations.
Combining line line:IDFM:C00420: 28/28 stations.
Combining line line:IDFM:C00421: 27/27 stations.
Combining line line:IDFM:C00422: 50/50 stations.
Combining line line:IDFM:C00423: 45/45 stations.
Combining line line:IDFM:C00424: 63/63 stations.
Combining line line:IDFM:C00425: 14/14 stations.
Combining line line:IDFM:C00426: 42/42 stations.
Combining line line:IDFM:C00436: 15/15 stations.
Combining line line:IDFM:C00437: 38/38 stations.
Combining line line:IDFM:C00442: 20/20 stations.
Combining line line:IDFM:C00443: 13/13 stations.
Combining line line:IDFM:C00444: 19/19 stations.
Combining line line:IDFM:C00445: 15/15 stations.
Combining line line:IDFM:C00446: 12/12 stations.
Combining line line:IDFM:C00447: 10/10 stations.
Combining line line:IDFM:C00448: 14/14 stations.
Combining line line:IDFM:C00451: 18/18 stations.
Combining line line:IDFM:C00452: 22/22 stations.
Combining line line:IDFM:C00454: 21/21 stations.
Combining line line:IDFM:C00455: 5/5 stations.
Combining line line:IDFM:C00456: 26/26 stations.
Combining line line:IDFM:C00458: 20/20 stations.
Combining line line:IDFM:C00459: 11/11 stations.
Combining line line:IDFM:C00460: 5/5 stations.
Combining line line:IDFM:C00461: 17/17 stations.
Combining line line:IDFM:C00462: 23/23 stations.
Combining line line:IDFM:C00463: 13/13 stations.
Combining line line:IDFM:C00464: 9/9 stations.
Combining line line:IDFM:C00465: 19/19 stations.
Combining line line:IDFM:C00466: 15/15 stations.
Combining line line:IDFM:C00467: 5/5 stations.
Combining line line:IDFM:C00471: 15/15 stations.
Combining line line:IDFM:C00472: 26/26 stations.
Combining line line:IDFM:C00473: 27/27 stations.
Combining line line:IDFM:C00476: 31/31 stations.
Combining line line:IDFM:C00477: 7/7 stations.
Combining line line:IDFM:C00478: 8/8 stations.
Combining line line:IDFM:C00479: 10/10 stations.
Combining line line:IDFM:C00480: 16/16 stations.
Combining line line:IDFM:C00481: 20/20 stations.
Combining line line:IDFM:C00484: 24/24 stations.
Combining line line:IDFM:C00485: 32/32 stations.
Combining line line:IDFM:C00486: 11/11 stations.
Combining line line:IDFM:C00487: 15/15 stations.
Combining line line:IDFM:C00488: 7/7 stations.
Combining line line:IDFM:C00489: 49/49 stations.
Combining line line:IDFM:C00490: 27/27 stations.
Combining line line:IDFM:C00494: 15/15 stations.
Combining line line:IDFM:C00495: 26/26 stations.
Combining line line:IDFM:C00497: 9/9 stations.
Combining line line:IDFM:C00498: 16/16 stations.
Combining line line:IDFM:C00500: 26/26 stations.
Combining line line:IDFM:C00502: 24/24 stations.
Combining line line:IDFM:C00503: 24/24 stations.
Combining line line:IDFM:C00504: 38/38 stations.
Combining line line:IDFM:C00505: 6/6 stations.
Combining line line:IDFM:C00506: 9/9 stations.
Combining line line:IDFM:C00507: 13/13 stations.
Combining line line:IDFM:C00508: 15/15 stations.
Combining line line:IDFM:C00509: 7/7 stations.
Combining line line:IDFM:C00510: 12/12 stations.
Combining line line:IDFM:C00511: 5/5 stations.
Combining line line:IDFM:C00512: 15/15 stations.
Combining line line:IDFM:C00513: 10/10 stations.
Combining line line:IDFM:C00514: 9/9 stations.
Combining line line:IDFM:C00515: 16/16 stations.
Combining line line:IDFM:C00516: 24/24 stations.
Combining line line:IDFM:C00517: 20/20 stations.
Combining line line:IDFM:C00518: 17/17 stations.
Combining line line:IDFM:C00519: 23/23 stations.
Combining line line:IDFM:C00520: 14/14 stations.
Combining line line:IDFM:C00521: 14/14 stations.
Combining line line:IDFM:C00522: 24/24 stations.
Combining line line:IDFM:C00523: 24/24 stations.
Combining line line:IDFM:C00524: 8/8 stations.
Combining line line:IDFM:C00525: 10/10 stations.
Combining line line:IDFM:C00527: 33/33 stations.
Combining line line:IDFM:C00530: 17/17 stations.
Combining line line:IDFM:C00531: 16/16 stations.
Combining line line:IDFM:C00532: 25/25 stations.
Combining line line:IDFM:C00533: 19/19 stations.
Combining line line:IDFM:C00535: 33/33 stations.
Combining line line:IDFM:C00536: 34/34 stations.
Combining line line:IDFM:C00537: 25/25 stations.
Combining line line:IDFM:C00538: 21/21 stations.
Combining line line:IDFM:C00539: 12/12 stations.
Combining line line:IDFM:C00540: 30/30 stations.
Combining line line:IDFM:C00541: 37/37 stations.
Combining line line:IDFM:C00542: 21/21 stations.
Combining line line:IDFM:C00543: 32/32 stations.
Combining line line:IDFM:C00544: 29/29 stations.
Combining line line:IDFM:C00545: 27/27 stations.
Combining line line:IDFM:C00546: 18/18 stations.
Combining line line:IDFM:C00547: 16/16 stations.
Combining line line:IDFM:C00548: 52/52 stations.
Combining line line:IDFM:C00550: 37/37 stations.
